"p_val","avg_log2FC","pct.1","pct.2","p_val_adj","cluster","gene"
5.76295074378055e-254,0.90002488593309,0.996,0.863,7.69526812817017e-250,"0","LUM"
1.36540843019899e-105,0.749142334576808,0.868,0.705,1.82322987684471e-101,"0","FLNA"
8.8236019898413e-92,0.392819943459451,1,0.97,1.17821557370351e-87,"0","5-8S-rRNA.4"
2.44561277986645e-91,0.441253551831788,0.295,0.092,3.26562674495567e-87,"0","CALD1"
5.19925374926594e-89,0.291798597474838,1,1,6.9425635313948e-85,"0","ACTB"
2.51149505209985e-86,0.511115591434584,0.713,0.538,3.35359934306893e-82,"0","ATN1"
2.15827807908274e-81,0.306567663614208,1,0.991,2.88194871899918e-77,"0","AHNAK"
1.23304376348477e-77,0.834034479302893,0.606,0.417,1.64648333738121e-73,"0","MYL9"
8.15086087501523e-72,0.473249569683307,0.957,0.802,1.08838445264078e-67,"0","CAVIN1"
7.30333593321082e-57,0.445931209704758,0.547,0.372,9.7521444716164e-53,"0","STAB1"
1.71554001286693e-50,0.490356461636053,0.419,0.247,2.29076057918121e-46,"0","THBS4"
6.02665739639021e-50,0.26631645061684,0.996,0.981,8.04739562139985e-46,"0","UBC"
1.21831088911996e-48,0.840230390534162,0.514,0.367,1.62681053024189e-44,"0","ACTA2"
2.06392711025099e-45,0.270237458931746,0.989,0.861,2.75596187031815e-41,"0","SPARC"
1.41820587985221e-37,0.533487047858024,0.334,0.202,1.89373031136666e-33,"0","TPM2"
1.03382189010415e-36,0.439538925431561,0.876,0.729,1.38046236985607e-32,"0","VIM"
1.70798430351073e-27,0.408475159770906,0.684,0.607,2.28067144047787e-23,"0","CSRP1"
1.22436134514407e-20,0.340375293650618,0.661,0.614,1.63488970417088e-16,"0","TPM1"
4.59478882755454e-17,0.251579446509645,0.417,0.33,6.13542152143358e-13,"0","ELN"
9.43371856150202e-08,0.460449734967898,0.337,0.298,0.00125968443951737,"0","CLDN5"
9.94929297982105e-05,0.271098550563437,0.411,0.391,1,"0","IGFBP3"
0,0.533577786928506,1,1,0,"1","RPLP1"
9.36734580143997e-256,0.395741799983027,1,0.999,1.25082168486628e-251,"1","KRT5"
1.94942718200201e-234,0.314526121720712,1,1,2.60307011612728e-230,"1","RPS28"
3.03317668473452e-205,0.778160766544837,0.983,0.946,4.050200827126e-201,"1","MT2A"
2.99715264980517e-195,0.55687991721321,0.998,0.992,4.00209793328484e-191,"1","RPL12"
1.26093547661534e-190,0.413055839100478,1,1,1.68372714192447e-186,"1","NPAS2"
3.98124093655759e-185,0.516884187613128,0.998,0.995,5.31615102258536e-181,"1","RPS6"
1.16945642502549e-184,0.497555041702564,0.998,0.996,1.56157516433654e-180,"1","RPL23A"
1.39967117204292e-179,0.294689633141256,1,1,1.86898091602891e-175,"1","RPL32"
2.21514486999619e-178,0.470074046990967,1,1,2.95788294490591e-174,"1","RPSA"
9.60032161084619e-172,0.504200743630244,0.996,0.995,1.28193094469629e-167,"1","RPL37"
7.87882447895291e-162,0.31015498082564,1,1,1.05205943267458e-157,"1","RPS19"
3.47127956157062e-161,0.393295754270135,1,1,4.63519959856525e-157,"1","RPL35A"
1.67555066716066e-147,0.342090392800287,1,1,2.23736280585963e-143,"1","RPL37A"
2.41655546062331e-147,0.599436674696753,0.952,0.928,3.2268265065703e-143,"1","ZC3H10"
3.25005899617814e-142,0.320605856898116,1,0.999,4.33980377759666e-138,"1","ENSBTAG00000036116"
1.94135975163745e-138,0.30555713582508,1,0.999,2.59229767636149e-134,"1","S100A4"
4.39821272034603e-137,0.354278766204599,0.999,1,5.87293344547805e-133,"1","RPL10A"
6.01838465744393e-136,0.547442773970005,0.884,0.738,8.03634903308488e-132,"1","RPL17"
1.09452241681963e-134,0.474559943392293,0.978,0.963,1.46151578317925e-130,"1","RPL11"
2.73028062424785e-128,0.417817765470555,0.999,0.996,3.64574371755816e-124,"1","TMSB4X"
1.39982085917087e-122,0.337383082357559,0.999,0.999,1.86918079325086e-118,"1","RPL27"
1.11794699333242e-120,0.268230824352603,1,1,1.49279462019677e-116,"1","RPL30"
8.83808067782196e-120,0.288860562849186,1,1,1.18014891290957e-115,"1","EEF1A1"
1.1502729935126e-117,0.552088153431207,0.97,0.938,1.53595952823738e-113,"1","MT1E.1"
5.07266084751201e-117,0.312773854024961,1,0.995,6.77352402968278e-113,"1","KRT15"
6.67984312372437e-113,0.25603305564688,1,1,8.91959452310916e-109,"1","RPL35"
2.63436629066292e-110,0.348162251471396,0.998,0.994,3.51766930792219e-106,"1","HADH"
6.07487638384391e-110,0.385785818520033,0.386,0.127,8.11178243534677e-106,"1","IFI27"
3.27814150418962e-109,0.405558304991053,0.982,0.949,4.37730235054441e-105,"1","MIF"
6.06365751706305e-108,0.274384884151153,1,1,8.09680188253429e-104,"1","RPL36"
1.51409550155743e-106,0.262328928786108,1,1,2.02177172322964e-102,"1","RPS4X"
3.06684742668945e-105,0.288928928610177,1,0.999,4.09516136885842e-101,"1","RPL9"
2.46498696191475e-101,0.314183347878157,0.999,1,3.29149709024477e-97,"1","RPS15A"
1.56488534971289e-95,0.283051967722494,1,1,2.08959140747162e-91,"1","TPT1"
1.22262535528593e-94,0.278032127470978,1,1,1.6325716369133e-90,"1","RPS23"
1.71438070316153e-90,0.313437152273127,0.998,0.988,2.28921255293159e-86,"1","ENSBTAG00000048781"
2.31537176869265e-80,0.391217073050868,0.463,0.214,3.0917159227353e-76,"1","CA4"
8.85063532087025e-80,0.411508862431968,0.971,0.945,1.1818253343958e-75,"1","BOLA"
4.13670641945966e-78,0.265466437797745,0.998,0.999,5.52374408190448e-74,"1","RPL26"
3.2400498008672e-77,0.352575853877748,0.497,0.243,4.32643849909798e-73,"1","RAMP2"
3.04126340657041e-76,0.250502480082063,0.999,1,4.06099902679347e-72,"1","RPS13"
3.51319739106348e-76,0.378391496913667,0.486,0.239,4.69117247628706e-72,"1","PRSS23"
3.98239407425993e-76,0.336428340951302,0.395,0.169,5.31769080735929e-72,"1","HMGB2"
1.02182796068046e-75,0.376117986208113,0.472,0.227,1.36444687589662e-71,"1","TGFBR2"
1.78360463931766e-75,0.284240586537806,0.319,0.115,2.38164727488088e-71,"1","FLT1"
2.49579762482791e-75,0.333455869105008,0.394,0.169,3.3326385684327e-71,"1","COL15A1"
3.55365522388468e-75,0.356034173650159,0.593,0.334,4.74519582045321e-71,"1","MT1E"
3.49352990635247e-74,0.258482172026854,0.315,0.113,4.66491048395245e-70,"1","NAP1L1"
2.7456366401719e-73,0.284903701108625,0.341,0.133,3.66624860562153e-69,"1","FGFR2"
4.02758596212984e-73,0.364831387441179,0.557,0.307,5.37803553523197e-69,"1","STMN1"
3.18842750431343e-71,0.339408794627902,0.694,0.432,4.25750724650972e-67,"1","PPIA"
1.69715192402006e-70,0.306756658198991,0.373,0.159,2.26620696414398e-66,"1","TMEM204"
3.88670453058073e-70,0.630031629240158,0.854,0.802,5.18991655968446e-66,"1","PLVAP"
5.40252154903414e-70,0.292941199664991,0.464,0.225,7.21398702442529e-66,"1","EIF3F"
2.25263090561989e-69,0.37572186639569,0.858,0.729,3.00793804827424e-65,"1","FXYD6"
2.28772290730115e-69,0.385384439979722,0.968,0.949,3.05479639811923e-65,"1","B2M"
6.66755715847205e-68,0.333402559424308,0.93,0.847,8.90318907370773e-64,"1","RNASE4"
1.00145218697974e-67,0.276504857528726,0.549,0.298,1.33723910527404e-63,"1","IFITM3"
3.3094307294534e-67,0.311998659937279,0.369,0.16,4.41908285303912e-63,"1","CD34"
7.84668421568113e-67,0.329839697402135,0.664,0.409,1.0477677433199e-62,"1","SERPINH1"
1.45327298308991e-66,0.261431842567826,0.322,0.126,1.94055541431995e-62,"1","ENSBTAG00000031548"
1.68353544345668e-66,0.327890715958697,0.428,0.207,2.24802487764771e-62,"1","KDR"
2.78929796521747e-66,0.2995570302331,0.785,0.598,3.72454957295489e-62,"1","SERF2"
4.63437214115636e-66,0.387007146929964,0.988,0.96,6.18827712008608e-62,"1","JSP.1"
5.45274115988338e-66,0.330785575103733,0.519,0.281,7.28104527079228e-62,"1","KRT19"
9.09658637122375e-66,0.314562196330392,0.503,0.259,1.21466717814951e-61,"1","ENSBTAG00000040393"
9.58314941398208e-66,0.306653072181339,0.986,0.958,1.27963794124903e-61,"1","IL1R2"
1.7586139884282e-64,0.407304373077193,0.603,0.373,2.34827725874818e-60,"1","ENG"
3.77991054956467e-64,0.300234686195023,0.628,0.375,5.0473145568337e-60,"1","ATP5MC2"
7.31115305830932e-64,0.304121587025155,0.966,0.942,9.76258267876043e-60,"1","ADIRF"
2.79709118294446e-63,0.299687947728522,0.566,0.323,3.73495585658573e-59,"1","RIPK4"
2.47818715869574e-62,0.320589173847703,0.702,0.472,3.30912331300642e-58,"1","RPL36AL"
2.10467475302995e-61,0.310815152978069,0.919,0.858,2.81037219772089e-57,"1","COL17A1"
7.54954471325603e-61,0.332179387880765,0.66,0.429,1.00809070556108e-56,"1","PHGDH"
9.0142019878261e-60,0.35648641359267,0.869,0.771,1.20366639143442e-55,"1","RBP4"
2.21944450927781e-59,0.265712559762276,0.365,0.167,2.96362425323866e-55,"1","MT3"
7.31053887860028e-59,0.265989295939547,0.404,0.195,9.76176256459495e-55,"1","PID1"
1.67146400544498e-58,0.26819183497214,0.53,0.294,2.23190588647069e-54,"1","PIK3R2"
2.44648075102271e-58,0.345173152679411,0.543,0.318,3.26678574684062e-54,"1","RAMP3"
4.44205018295223e-58,0.303447708052363,0.886,0.815,5.93146960929612e-54,"1","ENSBTAG00000050377"
2.90893831830764e-57,0.286643450719555,0.506,0.282,3.88430533643619e-53,"1","NONO"
2.97277024678511e-57,0.267903307843529,0.557,0.318,3.96954011053215e-53,"1","DIPK1C"
5.69347230991144e-57,0.257605415394346,0.43,0.219,7.60249357542475e-53,"1","PSMB8"
7.8084534388801e-57,0.260378427300578,0.373,0.176,1.04266278769366e-52,"1","PTK7"
2.72632711135869e-55,0.299183020168879,0.959,0.931,3.64046459179726e-51,"1","METTL7A"
9.3391930601847e-55,0.272815577629643,0.516,0.291,1.24706244932646e-50,"1","PGM1"
3.23087557593608e-54,0.25313203224027,0.359,0.168,4.31418815654745e-50,"1","CD93"
3.89610878122503e-54,0.25127224631381,0.452,0.241,5.20247405556979e-50,"1","TNS4"
1.13975881918348e-53,0.276732362432056,0.594,0.366,1.52191995125571e-49,"1","LMNA"
1.76131509675536e-53,0.279984614584736,0.567,0.337,2.35188404869743e-49,"1","UACA"
2.35889573663443e-53,0.252881954699438,0.474,0.26,3.14983347712795e-49,"1","ENSBTAG00000025385"
9.38422261327965e-53,0.373680383022916,0.624,0.419,1.25307524555123e-48,"1","CLEC3B"
1.50579450972065e-52,0.318662466118198,0.719,0.522,2.01068740882999e-48,"1","ATP5F1A"
4.08501040011204e-52,0.253170259119821,0.495,0.278,5.45471438726961e-48,"1","NOP56"
1.02814534648759e-51,0.276898803293943,0.49,0.281,1.37288248116488e-47,"1","CERS2"
2.7829292277769e-51,0.327830878035794,0.674,0.475,3.71604539785049e-47,"1","DUT"
6.07990649225861e-51,0.333729280664205,0.941,0.924,8.11849913911293e-47,"1","ENSBTAG00000048782"
8.41561906008621e-51,0.279426979421499,0.601,0.383,1.12373761309331e-46,"1","CALU"
1.27167441355354e-50,0.272226574462663,0.432,0.23,1.69806684441804e-46,"1","GNG11"
1.55575243765983e-50,0.382553561123387,0.779,0.644,2.07739623000717e-46,"1","PTMA"
3.22164834795133e-50,0.261131487435627,0.481,0.276,4.30186703901941e-46,"1","SLC1A5"
5.26127281179012e-50,0.259689968499741,0.554,0.334,7.02537758558335e-46,"1","PPA2"
8.33475494911485e-49,0.297275833243375,0.942,0.91,1.11293982835531e-44,"1","ENSBTAG00000039289"
2.80050458011116e-48,0.262907254128004,0.51,0.299,3.73951376582243e-44,"1","PCNA"
3.36503103335839e-48,0.302736266325881,0.518,0.312,4.49332593884346e-44,"1","PLPP3"
4.36503973581187e-48,0.266004519078496,0.929,0.868,5.82863755922958e-44,"1","HTRA1"
4.64421445979358e-48,0.292816055841896,0.886,0.816,6.20141956816236e-44,"1","NCL"
6.24539936355858e-48,0.284687481610279,0.609,0.393,8.33948177015978e-44,"1","CA1"
4.7181940594178e-47,0.281353083047379,0.745,0.564,6.30020452754059e-43,"1","RTRAF"
3.43408498063305e-46,0.275254992863146,0.77,0.605,4.58553367463931e-42,"1","RARRES2"
1.85120314599886e-45,0.252312788700315,0.978,0.955,2.47191156085228e-41,"1","HNRNPA1"
7.00137911340758e-45,0.275530689609924,0.784,0.621,9.34894153013314e-41,"1","CD44"
7.85004222332822e-45,0.341777493042927,0.599,0.4,1.04821613808102e-40,"1","PAM"
2.5469809986964e-44,0.293582665183401,0.502,0.307,3.4009837275593e-40,"1","CKS2"
2.56699480645308e-44,0.277034436362498,0.701,0.51,3.4277081650568e-40,"1","ENSBTAG00000016347"
2.76222540481535e-44,0.250842173553745,0.514,0.314,3.68839958304994e-40,"1","BDH1"
3.05897101064068e-43,0.277145438911415,0.566,0.359,4.08464399050849e-39,"1","EGFL7"
7.00244807252909e-43,0.288627266555975,0.781,0.649,9.3503689112481e-39,"1","LMO4"
1.50928293637742e-41,0.264487092446024,0.705,0.515,2.01534550494477e-37,"1","CAT"
1.43866825666062e-39,0.257235430622376,0.879,0.817,1.92105372311893e-35,"1","DHRS7"
1.68119333950833e-39,0.261435904775372,0.742,0.577,2.24489746624548e-35,"1","EPHX1"
1.95606170826268e-39,0.253213273042254,0.812,0.673,2.61192919904316e-35,"1","LDHB"
3.50812050429386e-38,0.264571532491749,0.797,0.682,4.68439330938359e-34,"1","HSD17B2"
3.99224362245809e-37,0.250745428539154,0.647,0.465,5.33084290906829e-33,"1","PSMB3"
8.76148109630135e-37,0.262411271223398,0.786,0.668,1.16992057078912e-32,"1","PSMG4"
1.01990516303462e-36,0.343467017585205,0.736,0.612,1.36187936420013e-32,"1","ENSBTAG00000023026"
1.77362909690768e-33,0.256047697504661,0.792,0.68,2.36832693310082e-29,"1","HMGB1"
5.25918712045657e-33,0.327646618325343,0.933,0.898,7.02259256194565e-29,"1","SPARC"
5.66417877958388e-31,0.335583754420292,0.687,0.573,7.56337792437836e-27,"1","VWF"
1.04295678531741e-29,0.522971220096335,0.872,0.867,1.39266019543433e-25,"1","COL3A1"
1.14701455333507e-27,0.361094900785362,0.73,0.636,1.53160853306832e-23,"1","MMP2"
1.11885274663653e-25,0.368203531323999,0.812,0.782,1.49400407258376e-21,"1","FBLN1"
4.57578518013514e-22,0.37925901832406,0.781,0.738,6.11004595103445e-18,"1","COL1A1"
5.42759041905193e-20,0.388550624848439,0.805,0.79,7.24746148656004e-16,"1","COL1A2"
3.02934026279201e-18,0.299286910959865,0.717,0.658,4.04507805290617e-14,"1","DCN"
3.26640374662546e-294,0.938001033550241,1,1,4.36162892286898e-290,"2","COX1"
3.78638460152775e-268,0.793597030547845,1,1,5.05595935842e-264,"2","PRDX6"
1.29494598977771e-205,0.558016826203626,1,1,1.72914138015017e-201,"2","COX3"
9.83124707111275e-204,0.907451967374859,1,0.984,1.31276642140569e-199,"2","KRT6B"
7.95809463022337e-193,0.623719112846678,1,1,1.06264437597373e-188,"2","S100A12"
1.33768615914626e-187,1.02443602844097,0.998,0.985,1.786212328308e-183,"2","WFDC18"
3.04202759882971e-185,0.699550283604143,1,1,4.06201945271731e-181,"2","BPIFA2C"
9.37910001135251e-178,0.609183611043973,1,0.991,1.2523912245159e-173,"2","GJA1"
4.78680399985396e-171,1.44634070902384,0.592,0.237,6.39181938100499e-167,"2","A2ML1"
1.22528476361906e-170,0.823929459257021,1,1,1.63612274486053e-166,"2","S100A8"
3.46810707120382e-158,2.12248872545346,0.515,0.181,4.63096337217846e-154,"2","ENSBTAG00000046944"
2.31506851887368e-155,1.04753247508016,0.99,0.94,3.09131099325202e-151,"2","GJB2"
1.27723610378867e-154,0.477221650373727,1,1,1.70549336938902e-150,"2","KRT6A"
1.91019854098798e-148,1.51346518798383,0.977,0.987,2.55068811178124e-144,"2","ENSBTAG00000043567"
1.32991933673665e-145,0.395743413027489,1,1,1.77584129034445e-141,"2","KRT17"
6.2277683667153e-145,1.21732860029564,0.947,0.83,8.31593910007494e-141,"2","ENSBTAG00000048835"
8.66928240154672e-131,0.676123903683539,1,0.999,1.15760927907853e-126,"2","COX2"
1.65584548433758e-127,0.429953578175566,1,0.999,2.21105047523597e-123,"2","PERP"
5.90443217432302e-115,0.638968744283555,0.991,0.946,7.88418828237353e-111,"2","PHGR1"
2.19703978329639e-105,0.826755131501291,0.996,0.995,2.93370722263567e-101,"2","S100A9"
9.81037971080928e-104,0.594371618970883,1,1,1.30998000278436e-99,"2","FTH1"
8.294011013251e-93,0.816426322904256,0.781,0.587,1.10749929059941e-88,"2","TGM1"
1.60772941194702e-88,0.513578089532528,0.986,0.928,2.14680108377285e-84,"2","C18H19orf33"
1.78112448325523e-82,0.523134256767952,0.974,0.933,2.37833552249071e-78,"2","AHCYL2"
1.68453125130154e-81,0.4813348875442,0.989,0.966,2.24935457986294e-77,"2","DSG3"
1.5566949358921e-71,0.333873097510531,1,1,2.07865474789672e-67,"2","SFN"
1.3003635624725e-70,0.440541630795068,1,0.999,1.73637546496952e-66,"2","CYTB"
1.54243214000927e-66,0.587610934669946,0.847,0.689,2.05960963655438e-62,"2","CSTB"
2.67592478699662e-64,0.514471651927681,0.999,0.991,3.57316236807658e-60,"2","ND4"
3.01505328229513e-64,0.605376928186737,0.781,0.613,4.02600064784868e-60,"2","ENDOU"
2.06034226398798e-57,0.675076253349604,0.527,0.332,2.75117502510315e-53,"2","TMPRSS11BNL"
3.95330712713378e-54,0.499453426936112,0.704,0.527,5.27885100686173e-50,"2","CALML5"
4.35023536981204e-54,0.483779408704854,0.437,0.242,5.80886928931002e-50,"2","SPTSSB"
1.27448298995402e-49,0.777764380122066,0.943,0.908,1.70181713648561e-45,"2","TGM3"
3.20795853266373e-49,0.371531240792056,0.974,0.924,4.28358702866588e-45,"2","FAM162A"
1.15575904780046e-47,0.471545377714789,0.556,0.375,1.54328505652795e-43,"2","DSP"
1.13114706648532e-46,0.306343864615855,0.991,0.969,1.51042067787785e-42,"2","LYPD3"
2.6219905240991e-46,0.816729849676384,0.801,0.675,3.50114394682953e-42,"2","ENSBTAG00000013507"
4.33681662443075e-46,0.601751679063106,0.64,0.488,5.79095123860238e-42,"2","LY6G6C"
6.76713213438382e-46,0.85103786569125,0.983,0.993,9.03615153904272e-42,"2","ENSBTAG00000043570"
2.0168823023427e-44,0.43624684297879,0.533,0.349,2.69314293831821e-40,"2","PKP1"
2.2645935604413e-44,1.24919847407725,0.956,0.938,3.02391178125727e-40,"2","LYZ1"
4.76292625853561e-44,0.445386702086888,0.601,0.427,6.3599354330226e-40,"2","MATK"
9.10768436433834e-44,0.603223226031035,0.579,0.427,1.2161490931701e-39,"2","MAL"
7.97141361405274e-43,0.408022502485103,0.69,0.529,1.06442285988446e-38,"2","MPZL2"
8.36974304947967e-43,0.531325454963431,0.469,0.302,1.11761178939702e-38,"2","ENSBTAG00000052187"
4.01410306961222e-41,0.396986189378717,0.754,0.615,5.36003182885319e-37,"2","CLDN4"
3.84035726872043e-40,0.325633376462392,1,0.999,5.12802906092239e-36,"2","ATP6"
6.96560680640427e-40,0.435464121246229,0.969,0.947,9.30117476859163e-36,"2","GSR"
5.04648910461169e-39,0.344697119669438,0.29,0.14,6.73857690138799e-35,"2","ENSBTAG00000050611"
5.82558786342239e-39,0.314515717897597,0.99,0.962,7.77890747402791e-35,"2","CKB"
2.85599621220458e-38,1.11026586622192,0.594,0.463,3.81361174215678e-34,"2","PI3"
4.37442783263779e-38,0.304671672268982,0.991,0.978,5.84117348492124e-34,"2","BREH1"
2.45129635837259e-37,0.370023586515797,0.767,0.615,3.27321602733492e-33,"2","ABHD12"
1.36075946117416e-36,0.468515477379081,0.745,0.626,1.81702210850586e-32,"2","HSPA5"
2.31025249652816e-36,0.31888644127196,0.332,0.18,3.08488015861405e-32,"2","PPIF"
4.02885921633689e-36,0.271707893695978,0.978,0.948,5.37973571157465e-32,"2","TMEM79"
1.45410958983421e-35,0.27027460255267,1,1,1.94167253530563e-31,"2","TPT1"
4.42283071720025e-34,0.399590836164459,0.384,0.234,5.90580585667749e-30,"2","LYPD2"
2.58324468416341e-33,0.301575837658614,0.953,0.922,3.4494066267634e-29,"2","CSTB.1"
4.17703014821264e-32,0.353803073593731,0.619,0.481,5.57758835690833e-28,"2","CDKN1A"
7.31984611681815e-32,0.314517614706119,0.373,0.225,9.77419051978727e-28,"2","GRHL1"
2.02867997692721e-31,0.383224800855125,0.362,0.22,2.7088963731909e-27,"2","ALPL"
1.80252398870764e-30,0.27801182484462,0.376,0.225,2.40691028212131e-26,"2","TMEM45B"
2.44837735320105e-30,0.320122310356623,0.296,0.161,3.26931827972936e-26,"2","C7H5orf46"
3.87045131555736e-30,0.284795175665922,0.407,0.254,5.16821364166375e-26,"2","OVOL1"
1.53206440786899e-29,0.427488405962119,0.469,0.329,2.04576560382746e-25,"2","LGALSL"
2.5303188116152e-29,0.391731418627947,0.994,0.978,3.37873470914977e-25,"2","ND1"
8.66493822181532e-29,0.30933248401256,0.432,0.284,1.157029200759e-24,"2","BNIPL"
2.335931012398e-27,0.358646223080462,0.886,0.818,3.11916868085506e-23,"2","ND5"
2.77249743861327e-27,0.281472731390335,0.353,0.216,3.7021158297803e-23,"2","KLF4"
1.08912323382287e-26,0.715455095982738,0.77,0.67,1.45430625412368e-22,"2","KRT78"
3.37980169675639e-26,0.376920049055688,0.94,0.898,4.5130492056788e-22,"2","ITM2B"
6.60521013327275e-26,0.333469751077179,0.311,0.189,8.8199370909591e-22,"2","EGLN3"
6.72548388269608e-26,0.52473373169788,0.481,0.361,8.98053862856407e-22,"2","GPX3"
1.17258004453222e-25,0.289995364645165,0.819,0.743,1.56574613346388e-21,"2","UQCRB"
1.99695184783006e-25,0.292083341272702,0.992,0.971,2.66652980240748e-21,"2","ATP5F1E"
1.05484418620851e-24,0.269855381307409,0.756,0.628,1.40853344184422e-20,"2","ETFDH"
2.06623258319309e-24,0.321965945337084,0.997,0.995,2.75904036833774e-20,"2","RPL37"
2.22098468887652e-24,0.254939663715735,0.377,0.245,2.96568085505682e-20,"2","SDR16C5"
2.94074860488804e-24,0.25369964777699,0.969,0.928,3.926781612107e-20,"2","TUBA4A"
8.42677458508384e-24,0.335323954136577,0.999,0.999,1.12522721034625e-19,"2","ANXA1"
1.50304268055077e-23,0.289055947236094,0.264,0.149,2.00701289133944e-19,"2","FABP4"
1.75428233592923e-23,0.251681246083772,0.257,0.144,2.3424932031663e-19,"2","FUT6"
8.67147348032778e-23,0.302576122980452,0.691,0.585,1.15790185382817e-18,"2","COX17"
9.93078735831665e-23,0.267435508257566,0.289,0.173,1.32605803595602e-18,"2","PDLIM2"
2.53205274835239e-22,0.938350834681362,0.304,0.197,3.38105003487495e-18,"2","TAP"
3.29245395952696e-22,0.297682793857849,0.533,0.419,4.39641377215635e-18,"2","CDH1"
4.44923657148321e-22,0.286867067088253,0.975,0.956,5.94106559390153e-18,"2","ENSBTAG00000039555"
1.10139664664612e-21,0.272400873066928,0.811,0.727,1.47069494226656e-17,"2","FAM234A"
3.01943378869338e-21,0.539084422881062,0.349,0.239,4.03184993804227e-17,"2","LAP"
4.19677052233483e-21,0.272948604019868,0.665,0.555,5.60394767847369e-17,"2","CLCA2"
1.49247529283724e-20,0.300568065343587,0.354,0.241,1.99290225852556e-16,"2","ISG12(B)"
2.50116584817549e-20,0.274363621575243,0.549,0.443,3.33980675706873e-16,"2","MAL2"
4.06462637555594e-20,0.38891319075747,0.651,0.56,5.42749559927984e-16,"2","HSP90B1"
8.38406528765386e-20,0.260925262086323,0.472,0.354,1.11952423786042e-15,"2","RAB25"
5.21438957049531e-19,0.266801047783532,0.753,0.646,6.96277439348239e-15,"2","NDUFB1"
7.3061662370129e-19,0.337996159414185,0.433,0.321,9.75592377628333e-15,"2","ENSBTAG00000040393"
1.61492892881318e-18,0.252245328587867,0.932,0.874,2.15641459864423e-14,"2","DYNLL1"
2.69187121577859e-18,0.586789658113077,0.868,0.851,3.59445563442915e-14,"2","MFGE8"
2.9258986473676e-16,0.349637017131024,0.654,0.567,3.90695246382995e-12,"2","ATOX1"
8.36070517319934e-16,0.275179856006679,0.664,0.572,1.11640496177731e-11,"2","ATP5F1A"
1.91424708849237e-15,0.250415649409581,0.524,0.427,2.55609413726386e-11,"2","SERPINB1"
4.43937536391025e-15,0.300640553183917,0.391,0.299,5.92789792342935e-11,"2","PDIA6"
5.66280578838665e-15,0.275888223348833,0.458,0.368,7.56154456923269e-11,"2","CRYL1"
2.17514034498585e-13,0.262389795670481,0.682,0.601,2.90446490265961e-09,"2","SEC61G"
6.75599959278088e-13,0.389926813893854,0.985,0.976,9.02128625624031e-09,"2","ND2"
6.99541355961854e-13,0.331224510210821,0.409,0.327,9.34097572615864e-09,"2","ARRDC4"
1.52762319549314e-12,0.301267465472116,0.618,0.536,2.03983525294199e-08,"2","RPL36AL"
1.27846029209286e-09,0.310897072782446,0.839,0.776,1.7071280280316e-05,"2","RPL17"
0,2.7343413592042,0.662,0.007,0,"3","SAA3"
0,1.81154226594061,0.831,0.023,0,"3","CHI3L1"
0,1.73936784824931,0.649,0.002,0,"3","ENSBTAG00000047121"
0,1.58788354500483,0.714,0.01,0,"3","C7"
0,0.460331748131263,0.299,0.001,0,"3","ENSBTAG00000039196"
4.40418894568463e-296,2.46367430538103,0.792,0.025,5.88091349917268e-292,"3","BRB"
4.67625248785299e-282,0.552590255983251,0.273,0.001,6.2441999470301e-278,"3","CD5L"
7.13783475517935e-265,0.997594839608171,0.286,0.001,9.53115074859099e-261,"3","HP"
4.46009136411772e-255,0.494992912115614,0.377,0.004,5.95555999850639e-251,"3","BOLA-DQA5"
4.30525889203791e-252,3.11953662957822,0.532,0.011,5.74881219853822e-248,"3","ENSBTAG00000001219"
1.67325855506027e-251,0.784137251043202,0.519,0.01,2.23430214857198e-247,"3","FOLR2"
8.8320603650127e-247,1.25019683227746,0.442,0.007,1.17934502054015e-242,"3","ENSBTAG00000048135"
1.19324769058762e-225,3.88339644686268,0.727,0.029,1.59334364124165e-221,"3","ENSBTAG00000047700"
3.86692482292768e-209,1.68886978595806,0.338,0.004,5.16350471605533e-205,"3","ENSBTAG00000055240"
3.69461463359836e-205,1.52609544141025,0.688,0.029,4.93341892024388e-201,"3","C1QB"
1.79244600877102e-188,0.50950030635072,0.286,0.003,2.39345315551195e-184,"3","MZB1"
6.20888645026076e-179,2.24544321346568,0.805,0.05,8.2907260770332e-175,"3","C1QC"
5.526012146784e-161,0.538756452379363,0.377,0.009,7.37888401960068e-157,"3","FCN1"
2.78974988405846e-160,1.37163593622533,0.714,0.043,3.72515302018326e-156,"3","ENSBTAG00000006864"
1.02015939325327e-150,1.40268963252529,0.636,0.035,1.36221883781109e-146,"3","ENSBTAG00000048980"
6.51782583886655e-142,0.958347953657343,0.506,0.022,8.70325284263851e-138,"3","TAGLN"
4.91815142378004e-133,0.689108210959595,0.481,0.021,6.56720759617349e-129,"3","RNASE6"
1.65936748046786e-132,0.564955684149781,0.442,0.017,2.21575339666873e-128,"3","ENSBTAG00000019017"
2.22146363735262e-132,1.16206212526804,0.753,0.06,2.96632039495696e-128,"3","AEBP1"
3.02439877279239e-129,2.064325423287,0.805,0.075,4.03847968130967e-125,"3","C1QA"
6.42838354102448e-117,0.887019513405599,0.61,0.042,8.58382054232998e-113,"3","H1-10"
2.57464502710965e-116,1.97357836990755,0.948,0.126,3.43792350469952e-112,"3","APOE"
1.42564475096568e-114,0.4496786073058,0.286,0.008,1.90366343596448e-110,"3","ANGPT4"
1.742206708651e-108,1.57173436626432,0.779,0.082,2.32636861806168e-104,"3","CXCL12"
2.14478433314253e-106,0.497194384325717,0.416,0.02,2.86393052004522e-102,"3","ENHO"
4.55976476790767e-102,0.778978733515648,0.519,0.034,6.08865389458711e-98,"3","RARRES1"
5.77141957001219e-102,2.27673468414158,0.883,0.128,7.70657655183728e-98,"3","C4A"
8.0680861481849e-101,2.09400214513822,0.909,0.14,1.07733154336713e-96,"3","SPON2"
9.18184806849472e-97,2.47008610450773,0.831,0.114,1.2260521725861e-92,"3","A2M"
5.67387325846931e-95,0.509201082235363,0.351,0.015,7.57632296203407e-91,"3","DMKN"
2.06640270475122e-94,0.596034435272413,0.455,0.027,2.7592675316543e-90,"3","GSTO1"
3.22925661852817e-90,1.54991220452481,0.779,0.104,4.31202636272066e-86,"3","TIMP2"
1.05696831519188e-88,2.03285673726339,0.779,0.106,1.41136979127572e-84,"3","ACP5"
1.5500309460364e-84,0.692777230194226,0.519,0.042,2.0697563222424e-80,"3","UQCC3"
2.31536460794254e-84,0.473994615863727,0.26,0.009,3.09170636098568e-80,"3","CCL11"
9.92777253629489e-83,1.3018605323589,0.39,0.024,1.32565546677146e-78,"3","JCHAIN"
1.94231005967151e-81,0.752156951006595,0.299,0.013,2.59356662267937e-77,"3","CCL19"
6.69968342737948e-78,0.548503376686882,0.416,0.029,8.94608728057982e-74,"3","ZNF580"
8.24369606486682e-76,1.28268565012585,0.766,0.114,1.10078073554167e-71,"3","C1R"
1.61724014764682e-75,2.03633987640083,0.519,0.049,2.1595007691528e-71,"3","ENSBTAG00000050723"
3.30525367059941e-73,2.70319170280271,1,0.311,4.41350522635139e-69,"3","IGFBP4"
1.0368301491462e-72,0.901035026895478,0.571,0.062,1.38447929815492e-68,"3","SERPINF1"
8.80036402602236e-72,3.48096571038523,0.909,0.215,1.17511260839477e-67,"3","ENSBTAG00000010155"
1.86252145028325e-71,0.468607848964356,0.338,0.02,2.48702489256322e-67,"3","BOLA-DQB"
6.08257414942658e-70,1.00947840279394,0.779,0.123,8.12206126172932e-66,"3","MFAP2"
3.42956764890561e-66,1.40042612564231,0.818,0.161,4.57950168158366e-62,"3","TUBB"
1.83630616915084e-65,0.744110357171626,0.494,0.05,2.45201962766711e-61,"3","TMEM176A"
2.57617021459337e-65,1.89573074994023,0.805,0.161,3.43996008754652e-61,"3","TGM2"
8.00600800472976e-65,1.1225627156476,0.844,0.157,1.06904224887156e-60,"3","PLAC9"
1.93088115381797e-64,1.89107183049911,0.987,0.295,2.57830560469314e-60,"3","SERPING1"
5.23310437222283e-62,0.942616987981929,0.597,0.079,6.98776426822915e-58,"3","APOD"
6.64698064920367e-62,2.11585030605859,1,0.38,8.87571326088167e-58,"3","IFITM3"
4.11824318255591e-61,0.327210594770012,0.26,0.014,5.4990901216669e-57,"3","VSTM2L"
6.55409253420818e-61,0.627425244386773,0.429,0.04,8.75167976092819e-57,"3","CORO1B"
6.77951824075059e-61,2.29796139610193,0.961,0.311,9.05269070687426e-57,"3","PTGDS"
7.04122428412873e-58,2.35461990409908,0.987,0.405,9.40214678659709e-54,"3","CFD"
1.82787103058789e-57,0.586714230218032,0.429,0.042,2.440756187144e-53,"3","OLFML3"
4.0798440814463e-57,0.780613935490491,0.481,0.054,5.44781580195524e-53,"3","SELENOM"
5.70538613004867e-57,1.44635222946821,0.805,0.17,7.61840209945399e-53,"3","S100A1"
6.98174912895528e-56,0.842858667717214,0.74,0.131,9.32272961189399e-52,"3","EMP3"
1.19112234359471e-53,2.40090564065851,1,0.661,1.59050566540202e-49,"3","SERF2"
1.74286468299041e-53,0.793015731330936,0.636,0.101,2.3272472111971e-49,"3","CD248"
6.36124577995392e-53,1.02435012195387,0.351,0.031,8.49417148997247e-49,"3","CCL21"
2.44898302599789e-52,1.23683503245804,0.792,0.173,3.27012703461499e-48,"3","C3"
2.64632349374906e-52,1.48318657749281,0.896,0.256,3.53363576120312e-48,"3","C1S"
5.21997703508826e-52,0.422994133459819,0.364,0.032,6.97023533495336e-48,"3","ENSBTAG00000014329"
6.22648859668469e-52,1.22863177270637,0.857,0.23,8.31423022315306e-48,"3","CISD3"
7.9112378579676e-52,0.698936023073002,0.545,0.075,1.05638759117441e-47,"3","SLURP1"
4.95426018411853e-51,1.90007860818356,1,0.475,6.61542362385347e-47,"3","ELOB"
9.8173577820117e-51,0.438495625225924,0.312,0.025,1.31091178463202e-46,"3","CFH"
3.29955098537616e-50,1.05529156765557,0.727,0.149,4.40589043077279e-46,"3","IFI6"
9.23547066523447e-49,0.662994731131776,0.519,0.072,1.23321239792876e-44,"3","SHISA4"
2.14577133345089e-48,1.72536943092578,0.87,0.245,2.86524846155697e-44,"3","TPM2"
8.80784536972376e-48,0.398512086467633,0.286,0.022,1.17611159221921e-43,"3","PTGIS"
1.48093818533298e-47,1.36787739363695,1,1,1.97749675887513e-43,"3","FAU"
2.45752183345846e-47,0.496656941986199,0.403,0.044,3.28152890421708e-43,"3","METRN"
2.96185050474273e-47,1.16318465800807,1,1,3.95495897898296e-43,"3","RPL36"
4.11700338955343e-47,1.30120185427747,1,1,5.4974346260707e-43,"3","ATP5ME"
5.64126179793569e-47,1.72951728925807,1,0.954,7.53277687878352e-43,"3","BOLA"
2.09904855530353e-46,0.820817077386464,0.597,0.103,2.80285953589681e-42,"3","CDC20"
4.22584228813483e-46,0.468158032315889,0.377,0.04,5.64276720734644e-42,"3","H2AC18"
8.16738623468581e-46,2.45608057503092,0.987,0.575,1.0905910839176e-41,"3","MGP"
2.61519828856093e-45,1.49193437506969,1,0.966,3.49207427471542e-41,"3","POLR2L"
2.90538052894977e-45,1.37563068993253,0.961,0.419,3.87955462030663e-41,"3","MICOS13"
5.92820745227198e-45,1.51776128928283,1,0.924,7.91593541101877e-41,"3","CST3"
7.01810046797258e-45,1.2821049459469,1,0.999,9.37126955488378e-41,"3","RPL15"
1.04367917477099e-44,0.975872668489409,0.714,0.161,1.39362480207171e-40,"3","DTYMK"
1.04810493975553e-44,1.67662069363008,0.935,0.376,1.39953452605556e-40,"3","BLA-DQB"
1.24208735233452e-44,1.51017791084937,0.987,0.441,1.65855924157229e-40,"3","LMNA"
2.66317428892124e-44,1.33847933027211,1,0.927,3.55613662799653e-40,"3","RABAC1"
3.03656806532254e-44,0.383451418311117,0.338,0.033,4.05472933762519e-40,"3","CD68"
3.04894660746725e-44,1.68340435666687,0.987,0.635,4.07125840495102e-40,"3","CST6"
5.35431002716399e-44,1.108396535302,0.818,0.222,7.14961017927207e-40,"3","THY1"
6.28119758768385e-44,1.2478092173826,0.857,0.258,8.38728313883424e-40,"3","OAZ1"
1.51972555835506e-43,0.75103424787566,0.571,0.097,2.02928953807151e-39,"3","PODN"
2.90820859011625e-43,0.924680061544939,1,1,3.88333093038222e-39,"3","RPS19"
3.17207241951965e-43,0.831980832125719,0.662,0.136,4.23566830178459e-39,"3","PDK4"
5.21829900501739e-43,1.47057598854735,1,0.639,6.96799466139972e-39,"3","ENO1"
5.78139180955954e-43,0.910175265269696,0.597,0.113,7.71989248330485e-39,"3","MPEG1"
9.02341030710079e-43,1.68020941529575,1,0.788,1.20489597830717e-38,"3","LGALS1"
9.5205833684769e-43,1.40561029971701,1,0.988,1.27128349719272e-38,"3","TMSB10"
2.21030042583878e-42,0.921983411071123,0.779,0.2,2.95141415862253e-38,"3","DNPH1"
3.70118375260048e-42,1.30295373227659,1,1,4.94219066484742e-38,"3","S100A2"
4.83937100607835e-42,1.57471468188652,1,0.899,6.46201210441642e-38,"3","FTL"
7.82771380810606e-42,0.867779207569973,1,1,1.0452346247964e-37,"3","RPL7A"
4.54610452854462e-41,0.671886337705574,0.494,0.076,6.07041337696563e-37,"3","LY6D"
9.44829943055237e-41,1.35488912994315,0.987,0.661,1.26163142296166e-36,"3","APRT"
3.16198469866491e-40,1.66614987884055,0.818,0.282,4.22219816812725e-36,"3","ENSBTAG00000037605"
3.18044932081214e-40,1.31973637616755,0.87,0.285,4.24685397808045e-36,"3","MUSTN1"
3.65937622680822e-40,0.435013217046448,0.364,0.042,4.88636507565702e-36,"3","FCER1G"
3.6695389360282e-40,1.22748546285694,1,0.972,4.89993534127846e-36,"3","GAPDH"
5.00865067230658e-40,1.52297917472684,1,0.765,6.68805124273098e-36,"3","FLNA"
6.68443827837603e-40,1.05281645932593,1,0.999,8.92573043311551e-36,"3","MYL6"
1.26085202477869e-39,1.35028601265287,0.987,0.707,1.68361570868698e-35,"3","PSMG4"
1.96117880933205e-39,0.657624824289947,0.494,0.078,2.61876206410108e-35,"3","CNN1"
4.61659839859809e-39,0.461974756631908,0.403,0.053,6.16454384164803e-35,"3","CENPV"
4.65629458575435e-39,1.27841945982987,0.974,0.507,6.21755016035778e-35,"3","S100A14"
2.13578738043159e-38,1.31268438729034,1,0.999,2.8519168890903e-34,"3","ENSBTAG00000054234"
2.88794970281987e-38,0.846672640010303,0.649,0.14,3.85627923817537e-34,"3","DES"
5.92579678343692e-38,1.50814824658106,0.974,0.484,7.91271644492332e-34,"3","MYL9"
6.05443927172728e-38,1.14299449828499,0.857,0.312,8.08449275953744e-34,"3","NDUFA13"
9.19912452742797e-38,0.805323369155583,0.558,0.11,1.22835909814746e-33,"3","MRPS34"
1.04972756364319e-37,0.725326826924323,0.597,0.119,1.40170121573275e-33,"3","ENSBTAG00000050581"
1.38859651604908e-37,0.880844716277636,0.662,0.161,1.85419292788033e-33,"3","MRPL40"
2.11770745897781e-37,1.18386405203655,0.974,0.559,2.82777476997308e-33,"3","PTPN6"
2.42850498970404e-37,1.24710282956179,0.974,0.489,3.2427827127518e-33,"3","MRPL57"
4.16000888613018e-37,0.577215330888698,0.532,0.096,5.55485986564962e-33,"3","SNRNP70"
5.9996075945502e-37,0.551512708321683,0.481,0.078,8.01127602100288e-33,"3","KLHDC8B"
6.0851946078799e-37,0.85476388532021,0.753,0.207,8.12556035990203e-33,"3","B9D1"
7.87241308646922e-37,0.580513825720072,0.416,0.061,1.05120331943623e-32,"3","TNXB"
2.49424530307137e-36,0.844491589655179,0.623,0.141,3.3305657531912e-32,"3","LTBP4"
5.30788354047212e-36,1.25277259573144,0.909,0.386,7.08761689159242e-32,"3","ENSBTAG00000054525"
5.77953214400794e-36,0.408494563764704,0.39,0.053,7.71740927189381e-32,"3","CRISPLD2"
5.91884716097105e-36,0.666823270609512,1,1,7.90343661404465e-32,"3","RPL18"
1.16829426459824e-35,1.48386092836619,0.987,0.839,1.56002333151802e-31,"3","ENSBTAG00000050377"
1.35484763592483e-35,1.21609380727122,0.987,0.569,1.80912804825043e-31,"3","GPX4"
1.73938123470339e-35,0.898401275672513,1,0.998,2.32259576269944e-31,"3","PFN1"
3.29897370347335e-35,1.57937546655011,0.987,0.79,4.40511958624797e-31,"3","FBLN1"
4.40960299676879e-35,0.771784704887285,1,1,5.88814288158536e-31,"3","RPS2"
7.24226937299619e-35,0.359729461183116,0.325,0.039,9.67060229376182e-31,"3","PKIB"
8.53838679067319e-35,1.11939880865109,0.883,0.345,1.14013078815859e-30,"3","ENSBTAG00000008632"
9.20330731624908e-35,0.587335308488713,1,1,1.22891762593874e-30,"3","RPLP2"
1.27838228710428e-34,1.21928026875272,0.935,0.47,1.70702386797034e-30,"3","BBLN"
1.36550768326549e-34,1.30368486842626,0.792,0.293,1.82336240946441e-30,"3","CTSZ"
1.61926029070205e-34,1.16037332152324,1,0.759,2.16219826617445e-30,"3","NDUFA3"
1.98609409214207e-34,1.16681012795434,1,0.95,2.65203144123731e-30,"3","ADIRF"
2.3173571199709e-34,1.08744692092572,0.974,0.494,3.09436696229715e-30,"3","SERPINH1"
3.61092880673701e-34,1.08646611097386,1,0.644,4.82167323563594e-30,"3","TRAPPC5"
7.03807858895465e-34,0.576495447595904,0.481,0.086,9.39794633983115e-30,"3","MRPL55"
9.00627463345276e-34,0.363583158713297,0.312,0.037,1.20260785180495e-29,"3","MMP23"
1.07977639855057e-33,1.25034965898573,0.961,0.661,1.44182542498457e-29,"3","RARRES2"
1.24062637648013e-33,0.397817823794265,0.325,0.04,1.65660840051391e-29,"3","TNFRSF6B"
1.78554726010516e-33,0.633857738957828,0.481,0.089,2.38424125641843e-29,"3","ENDOG"
1.81562741366641e-33,1.21793509596375,1,0.833,2.42440728546876e-29,"3","PTMS"
2.11427078207088e-33,0.823315132730999,0.714,0.198,2.82318577529925e-29,"3","PRADC1"
2.7830015125577e-33,0.461436912542386,0.403,0.062,3.7161419197183e-29,"3","PTPN18"
3.6383667315702e-33,0.60193701472592,0.506,0.097,4.85831109666569e-29,"3","ENSBTAG00000049323"
4.35726439281993e-33,0.614482519668432,1,1,5.81825514373245e-29,"3","RPS9"
4.4605233779522e-33,0.366334751625105,0.312,0.037,5.95613686657957e-29,"3","BPIFA2A"
6.01711452238661e-33,1.11481049016328,0.857,0.292,8.03465302174285e-29,"3","IGF2"
6.93524425089302e-33,0.337497913178213,0.26,0.027,9.26063164821745e-29,"3","SLC43A2"
1.09538378903893e-32,0.73619273163181,0.597,0.137,1.46266597350369e-28,"3","C6H4orf48"
1.60058795058457e-32,0.753277397961173,0.506,0.104,2.13726509041557e-28,"3","PCOLCE"
1.86651430143012e-32,1.06324873614251,0.753,0.254,2.49235654669964e-28,"3","CTSH"
1.90220011555961e-32,1.10142400838399,0.753,0.237,2.54000781430675e-28,"3","NPDC1"
2.3636617886627e-32,1.14826477592321,0.896,0.398,3.15619758640131e-28,"3","RNASEH2C"
3.07847020809983e-32,0.877078556234334,0.571,0.133,4.1106812688757e-28,"3","TYROBP"
3.1858238886266e-32,1.00873771063552,0.844,0.297,4.2540306384831e-28,"3","CAVIN3"
4.23304794557387e-32,1.23612256848076,1,0.783,5.65238892172478e-28,"3","VIM"
4.35612690071345e-32,0.849160839688586,1,0.992,5.81673625052267e-28,"3","GSTP1.1"
5.19432989211594e-32,1.25237019294464,0.987,0.671,6.93598870494242e-28,"3","CLU"
5.45165145519455e-32,1.10837904003096,1,0.915,7.27959018812128e-28,"3","PPIB"
6.12028145394426e-32,0.408295878670669,0.338,0.045,8.17241182545177e-28,"3","ENSBTAG00000048885"
1.39651571095018e-31,1.23195874682218,0.948,0.593,1.86476742883178e-27,"3","UBE2S"
1.40033548087718e-31,1.10376188666758,0.987,0.871,1.8698679676153e-27,"3","CALR"
1.69397447250442e-31,0.623279432272259,0.506,0.101,2.26196411313515e-27,"3","CLEC11A"
2.40178527374662e-31,0.75718648184806,1,1,3.20710387603387e-27,"3","RPSA"
2.95360302753561e-31,1.20270410976539,0.948,0.705,3.9439461226683e-27,"3","ATP5MC1"
3.20272561922637e-31,1.01196340081201,0.987,0.852,4.27659951935297e-27,"3","ROMO1"
4.94412108318426e-31,1.43263894325838,1,0.997,6.60188488237595e-27,"3","TMSB4X"
5.86007609690919e-31,0.810054940097413,0.558,0.132,7.82495961220284e-27,"3","DCTPP1"
8.50514276136045e-31,1.47206372965821,0.961,0.675,1.13569171292446e-26,"3","DCN"
1.15530004437769e-30,0.537956030342762,0.519,0.107,1.54267214925753e-26,"3","FKBP10"
1.94943196251038e-30,0.735754066077244,1,1,2.60307649954012e-26,"3","HSPB1"
2.09859356762976e-30,0.614011204488531,0.571,0.13,2.80225199085602e-26,"3","PRAF2"
2.2545873187326e-30,0.338384501127744,0.286,0.034,3.01055044670364e-26,"3","PRODH"
3.5492217511154e-30,1.4615952322273,0.857,0.429,4.7392758042644e-26,"3","PLTP"
4.43839968168593e-30,1.04368376774774,0.974,0.598,5.92659509495522e-26,"3","GNB2"
4.48134395575528e-30,0.560578869461226,1,1,5.98393858412003e-26,"3","RPL28"
8.75511950786616e-30,0.562516672923009,1,1,1.16907110788537e-25,"3","RPS27"
1.41523289187284e-29,1.15012605799045,0.922,0.554,1.8897604805178e-25,"3","PHPT1"
1.44399191676368e-29,0.458685840603128,0.351,0.053,1.92816240645454e-25,"3","TRAPPC6A"
1.71072007242719e-29,0.495080921986672,0.442,0.082,2.28432451271203e-25,"3","RAC3"
2.85825293850247e-29,1.09101237390853,0.805,0.313,3.81662514878235e-25,"3","S100A13"
4.5865738827887e-29,0.391177686198154,0.325,0.046,6.12445210568775e-25,"3","ENSBTAG00000050249"
8.4398894826454e-29,1.19617223542245,0.948,0.678,1.12697844261764e-24,"3","S100A16"
1.19944261457819e-28,1.07531524468451,1,0.925,1.60161572324626e-24,"3","TSPO"
1.4728777583198e-28,1.21336422243271,0.987,0.847,1.96673367068443e-24,"3","MCRIP2"
2.06610747198498e-28,1.18114500148751,1,0.968,2.75887330734154e-24,"3","RPL11"
2.6817327628568e-28,0.585875430191182,0.532,0.122,3.58091775824268e-24,"3","SLC25A1"
3.32072589947558e-28,0.563781624913942,0.455,0.091,4.43416529356974e-24,"3","ZNRD2"
4.48800182796666e-28,1.10257516179843,0.974,0.728,5.99282884088388e-24,"3","RNH1"
5.34656960477642e-28,0.510744622012655,0.416,0.076,7.13927439325795e-24,"3","LMOD1"
6.71927676010411e-28,1.01336601939451,0.948,0.584,8.97225025776702e-24,"3","ENSBTAG00000027787"
7.3268227065111e-28,0.540963052778737,0.416,0.077,9.78350636000428e-24,"3","EFEMP2"
9.91416733079525e-28,0.50762388510653,1,1,1.32383876368109e-23,"3","RPL29"
1.03968150939656e-27,0.769111277075721,0.701,0.215,1.38828671949723e-23,"3","TAP"
1.07643918960181e-27,1.05809314200238,0.922,0.449,1.4373692498753e-23,"3","ENG"
1.26143137309743e-27,0.643510011976465,1,1,1.68438931249699e-23,"3","RPLP1"
2.02453671652827e-27,0.714212728112312,0.442,0.088,2.70336387758021e-23,"3","ACTG2"
4.8427381347895e-27,1.11929633005636,0.974,0.715,6.46650823138442e-23,"3","ENSBTAG00000047265"
9.98655383486786e-27,0.464723705839422,0.532,0.121,1.3335045335699e-22,"3","TMEM119"
1.00124945714334e-26,0.705855437012792,0.623,0.172,1.33696840012351e-22,"3","ITM2C"
1.17511095875253e-26,1.07851103959883,0.948,0.521,1.56912566322225e-22,"3","PPIA"
1.23020227513694e-26,0.695944509272909,0.649,0.19,1.64268909799036e-22,"3","DPM3"
1.57684014614481e-26,0.951242494299743,0.662,0.211,2.10555464714717e-22,"3","LAPTM5"
2.51677110878079e-26,0.513227127573807,1,1,3.36064446155499e-22,"3","RPL35"
3.16267817810873e-26,1.09911372417706,0.948,0.785,4.22312417122858e-22,"3","ENSBTAG00000038330"
3.35308899066651e-26,1.08943301022739,0.922,0.487,4.47737972923698e-22,"3","CLEC3B"
3.42194573775457e-26,1.30854718718556,0.792,0.361,4.56932414362368e-22,"3","KRT19"
4.13529269416684e-26,0.505697190779777,0.39,0.072,5.52185633452099e-22,"3","GSTT1"
4.3321565825554e-26,0.316828576242892,0.286,0.039,5.78472868468622e-22,"3","LY6E"
5.47664681387678e-26,0.342578712452614,0.299,0.043,7.31296649056967e-22,"3","ENSBTAG00000046486"
8.84062045756487e-26,0.43467037700657,0.351,0.059,1.18048804969864e-21,"3","FGL2"
9.49175276170008e-26,0.870668411042897,1,0.981,1.26743374626981e-21,"3","ATP5F1D"
1.00796907789898e-25,0.790805176446211,0.701,0.235,1.3459411097185e-21,"3","ENSBTAG00000050219"
1.04781616626265e-25,0.942341680976503,1,0.979,1.39914892681052e-21,"3","CYC1"
2.13552411648512e-25,1.17987132711776,0.961,0.701,2.85156535274259e-21,"3","S100A11"
2.26140037121049e-25,0.933521009966279,0.766,0.327,3.01964791567736e-21,"3","ENSBTAG00000020684"
2.28526615732266e-25,1.10100190596633,0.987,0.735,3.05151589987294e-21,"3","CD63"
2.63497416176236e-25,0.455200945276439,0.39,0.073,3.51848099820128e-21,"3","CERCAM"
3.5158530924593e-25,0.504948627094453,1,1,4.69471863436091e-21,"3","RPL8"
3.94583602620238e-25,0.75373452911993,0.571,0.156,5.26887484578804e-21,"3","SRM"
7.31678687497702e-25,0.819116712444552,0.779,0.307,9.77010551415682e-21,"3","HS3ST6"
8.44305938714709e-25,0.86723806587602,0.987,0.902,1.12740171996575e-20,"3","NDUFS8"
8.82178610090446e-25,0.713032712089653,1,0.996,1.17797309805377e-20,"3","ATP5MJ"
1.03984247385769e-24,0.99237324311058,0.974,0.827,1.38850165534217e-20,"3","NDUFA11"
1.05169259290794e-24,0.771085808828837,0.636,0.201,1.40432511930997e-20,"3","CD52"
1.1825978986641e-24,0.761992989831404,1,0.997,1.57912297408617e-20,"3","ALDOA"
1.40343789120708e-24,0.77999115920332,0.558,0.16,1.87401061612881e-20,"3","NUPR1"
1.40884178661725e-24,0.570925856926683,0.558,0.148,1.88122643767002e-20,"3","MRPS12"
1.76451995338566e-24,1.04381315859805,0.494,0.126,2.35616349375587e-20,"3","IGFBP7"
1.77514137751214e-24,1.06464456273998,0.857,0.434,2.37034628139196e-20,"3","STAB1"
1.77679840655196e-24,0.882984178673041,0.766,0.296,2.37255891226883e-20,"3","TGFBI"
2.02448180836609e-24,1.29786144806584,0.974,0.687,2.70329055871124e-20,"3","ARAF"
2.03891706245067e-24,0.722958912335101,1,0.987,2.72256595349038e-20,"3","COX6B1"
2.42748921055066e-24,0.880235848940345,1,0.965,3.2414263428483e-20,"3","PITX1"
2.566184105409e-24,0.570465887198289,0.545,0.141,3.42662563595263e-20,"3","CSF1R"
3.28569225397251e-24,0.438285585126711,0.39,0.076,4.3873848667295e-20,"3","GLIPR2"
5.13360509857733e-24,0.465079148567186,0.377,0.073,6.85490288813031e-20,"3","COPZ2"
5.92103199862572e-24,0.849462676638059,1,0.947,7.90635402776493e-20,"3","TPI1"
6.11737560403817e-24,0.947672426275714,0.961,0.83,8.16853164407216e-20,"3","MRPL12"
7.18482983273192e-24,0.906489456987586,0.779,0.34,9.59390327564693e-20,"3","EIF4EBP1"
7.36215053957259e-24,0.648219999322542,0.506,0.129,9.83067961549127e-20,"3","PPP1R14A"
1.05780872738013e-23,0.307211227927523,0.26,0.036,1.41249199367069e-19,"3","PTGES"
1.19198745028588e-23,1.30218988120319,0.974,0.704,1.59166084236673e-19,"3","CXCL14"
1.25659118511044e-23,0.861754673059467,0.844,0.395,1.67792620947797e-19,"3","NDUFAF3"
1.95164996805503e-23,0.557336537800748,1,1,2.60603820234389e-19,"3","RPS21"
1.99503302240375e-23,0.472968372972045,0.494,0.119,2.66396759481573e-19,"3","IRF7"
2.37854153614916e-23,0.871883768506564,0.675,0.246,3.17606651321997e-19,"3","UBL4A"
2.41732580690989e-23,0.399537444861945,1,1,3.22785514996678e-19,"3","RPS15"
7.77066640731804e-23,0.864287531776053,0.987,0.68,1.03761708536918e-18,"3","MRPL23"
8.40369604343089e-23,0.636779858927129,0.636,0.2,1.12214553267933e-18,"3","RCN3"
1.02514747191491e-22,1.2705635800765,1,0.958,1.36887941924798e-18,"3","MT2A"
1.039650598388e-22,0.764645597744258,0.766,0.32,1.3882454440275e-18,"3","PSMC3"
1.03967058712781e-22,0.889848116149722,0.727,0.306,1.38827213499177e-18,"3","SIVA1"
1.25646903110932e-22,0.34750955218601,0.364,0.069,1.67776309724027e-18,"3","MRGPRF"
1.41817939808458e-22,0.783492182187744,0.766,0.288,1.89369495026234e-18,"3","PSMB8"
2.30035954329129e-22,0.643748247173179,0.662,0.22,3.07167009815686e-18,"3","CAPG"
4.08335566470978e-22,0.805824715388633,0.766,0.306,5.45250481908696e-18,"3","GAS6"
4.99663301360293e-22,0.92592417576066,0.844,0.428,6.672004063064e-18,"3","MAN2B1"
7.14725486508938e-22,0.850803772923892,1,0.85,9.54372942135385e-18,"3","LAMTOR4"
8.33628223725687e-22,1.21400886621992,0.714,0.308,1.11314376714091e-17,"3","THBS4"
1.02546516066918e-21,0.84829942785231,0.961,0.78,1.36930362904156e-17,"3","CLTB"
1.12250644983663e-21,0.743925904695394,0.779,0.334,1.49888286246686e-17,"3","PSMG3"
1.28325487444638e-21,0.588053379730316,0.675,0.23,1.71353023384825e-17,"3","GALK1"
1.4167419607756e-21,0.810219691701244,0.675,0.243,1.89177554022365e-17,"3","MFAP4"
2.00230376503552e-21,0.945636003362631,0.909,0.709,2.67367621745193e-17,"3","ANAPC11"
2.12565354143114e-21,0.416715838522524,0.403,0.088,2.838385173873e-17,"3","SLX9"
2.45821950295279e-21,0.491072858881871,0.403,0.09,3.28246050229286e-17,"3","SERPINE2"
2.85849152153711e-21,0.438867650874435,0.403,0.089,3.81694372870851e-17,"3","BMP4"
2.92717512810141e-21,0.689811896251587,0.506,0.138,3.90865694855381e-17,"3","MYH11"
3.20706077638914e-21,0.906471793749201,0.987,0.936,4.28238825471242e-17,"3","CRIP1"
3.28732160491485e-21,0.803362090639885,0.896,0.554,4.3895605390428e-17,"3","HDLBP"
3.38003654477108e-21,0.655117161285041,0.714,0.276,4.51336279823282e-17,"3","ELOF1"
3.59682684847004e-21,0.845470693350819,0.987,0.783,4.80284289076205e-17,"3","SNRPD2"
3.93565702937264e-21,0.865747010950486,0.753,0.316,5.25528283132128e-17,"3","FN1"
4.52345379591644e-21,0.737447107785035,0.714,0.284,6.04016785368722e-17,"3","FCGRT"
7.46315100132613e-21,0.512401408733342,0.506,0.14,9.96554553207079e-17,"3","POMC"
9.32863252373548e-21,0.354199605583324,0.351,0.07,1.2456523008944e-16,"3","CYP27A1"
9.58899836181442e-21,0.789119647856549,0.753,0.34,1.28041895125308e-16,"3","RPS19BP1"
1.15928022944823e-20,1.09428566245225,0.818,0.419,1.54798689038222e-16,"3","ACTA2"
1.22673944047677e-20,0.337212202702799,0.273,0.045,1.63806517486863e-16,"3","CRYBB1"
1.28706310451279e-20,0.768608827908146,0.688,0.274,1.71861536345593e-16,"3","RNF181"
1.40995221454635e-20,0.889774439911285,0.688,0.276,1.88270919208373e-16,"3","CCDC3"
1.45185137868122e-20,0.551780440108646,0.519,0.148,1.93865714595303e-16,"3","PSMB9"
1.65728711846667e-20,0.877947754727205,0.961,0.773,2.21297548928854e-16,"3","SNRNP25"
1.78575167845966e-20,0.458165658601612,0.455,0.114,2.38451421624718e-16,"3","IL3RA"
2.21991371117966e-20,0.639093993068306,0.714,0.266,2.9642507785382e-16,"3","RRAS"
3.71227065175791e-20,0.988252640097704,1,0.941,4.95699500129233e-16,"3","CD74"
5.01805409197119e-20,0.76109712468999,0.974,0.958,6.70060762900913e-16,"3","BLVRB"
5.27789841684478e-20,0.730939443599468,0.636,0.226,7.04757775601283e-16,"3","PRELP"
5.39349682487397e-20,0.44175325454158,0.494,0.132,7.20193631025422e-16,"3","HSD17B10"
5.78130189400764e-20,0.589804970210147,1,0.994,7.7197724190684e-16,"3","TAGLN2"
5.80606769220446e-20,0.415256851335086,0.377,0.082,7.75284218940062e-16,"3","FLNC"
5.93128126787358e-20,0.752822385413765,0.974,0.93,7.92003987699159e-16,"3","CD81"
5.99626205402782e-20,0.915917568032597,0.844,0.478,8.00680872074335e-16,"3","MRPL41"
6.97490217155781e-20,0.449971199740863,0.416,0.1,9.31358686968114e-16,"3","B9D2"
7.4332901811619e-20,0.59766318639739,0.519,0.154,9.92567237890549e-16,"3","TMED3"
9.70803931806539e-20,0.590390308591393,0.494,0.143,1.29631449014127e-15,"3","ANGPTL4"
1.30096634700981e-19,0.504997923121014,0.455,0.12,1.7371803631622e-15,"3","DDAH2"
1.59593347861578e-19,0.370385846012881,0.286,0.052,2.13104997399565e-15,"3","TMEM176B"
1.73567063344251e-19,0.563582223224811,0.571,0.177,2.31764099683578e-15,"3","TUBA1A"
1.8427343066409e-19,0.650804679114149,0.649,0.233,2.46060311965759e-15,"3","TSC22D3"
1.90289329861312e-19,0.524386903668838,1,1,2.5409334216381e-15,"3","FTH1"
1.94580646815232e-19,0.721052135811003,0.766,0.348,2.5982353769238e-15,"3","PLBD2"
2.25403851692321e-19,0.39918995744103,0.325,0.065,3.00981763164756e-15,"3","ENSBTAG00000053806"
2.51575281399455e-19,0.516082932484762,0.584,0.185,3.35928473252693e-15,"3","TREX1"
2.64037452190226e-19,0.666245159693932,0.584,0.204,3.52569209909609e-15,"3","SDF2L1"
2.93875150655453e-19,0.801730518079331,0.792,0.416,3.92411488670226e-15,"3","HRAS"
3.11226782660876e-19,0.763812477695363,0.948,0.758,4.15581122887068e-15,"3","ATP6V1F"
3.18537674963005e-19,0.649019544872987,0.649,0.241,4.253433573781e-15,"3","SCAND1"
3.2646572593986e-19,0.929890138056078,0.909,0.633,4.35929683847495e-15,"3","CSRP1"
3.77931922208092e-19,0.420695017370231,0.338,0.072,5.04652495724465e-15,"3","CINP"
4.09326568726408e-19,0.936955865279837,0.948,0.706,5.46573767220372e-15,"3","MRPS26"
4.51707831038055e-19,0.364768949693933,0.338,0.07,6.03165466785114e-15,"3","TCF21"
5.34289122151106e-19,0.658484543665182,0.545,0.174,7.13436264808372e-15,"3","ANXA6"
6.02196991578188e-19,0.423357486953968,0.39,0.092,8.04113642854355e-15,"3","COL6A2"
9.02547199371648e-19,0.803254558348335,0.701,0.304,1.20517127532096e-14,"3","RAB34"
1.02440920969237e-18,0.863976319579445,0.948,0.79,1.36789361770222e-14,"3","BCAP31"
1.05244872423201e-18,0.679707453993077,0.987,0.925,1.405334781467e-14,"3","NDUFA7"
1.19272516545831e-18,0.69971891121084,0.623,0.237,1.59264591343648e-14,"3","RUVBL1"
1.45371618042002e-18,0.768409491805461,0.753,0.339,1.94114721571486e-14,"3","RNASEH2A"
1.58375954944379e-18,0.507414043293998,0.545,0.167,2.1147941263723e-14,"3","PDGFRA"
1.59453055701156e-18,0.741563216257267,0.896,0.511,2.12917665277754e-14,"3","ZYX"
1.80889235899289e-18,0.405870139113494,0.351,0.077,2.41541396696321e-14,"3","TMEM132A"
2.00307048157724e-18,0.742156551672124,0.987,0.867,2.67470001405008e-14,"3","PKM"
2.2744791904766e-18,0.424474073792254,0.351,0.079,3.0371120630434e-14,"3","FLII"
2.72706210212912e-18,0.436684505377046,0.364,0.082,3.64144602497301e-14,"3","CHRDL1"
2.80263591316833e-18,0.795397773098135,0.831,0.447,3.74235973485367e-14,"3","TLN1"
3.24457408667579e-18,0.394781857066666,0.351,0.078,4.33247977793818e-14,"3","PRRX2"
3.46745126405013e-18,0.553776573759112,0.506,0.154,4.63008767288614e-14,"3","P3H4"
4.36318469334965e-18,0.711369426736572,0.948,0.794,5.82616052102978e-14,"3","COX14"
5.17516725118289e-18,0.706897330953038,0.961,0.666,6.91040083050452e-14,"3","NDUFB11"
5.42462116677723e-18,0.67445384650684,0.597,0.21,7.24349664399764e-14,"3","CCL14"
5.7966480754228e-18,0.598036306207937,0.636,0.225,7.74026417511207e-14,"3","LSP1"
6.09908138514557e-18,0.81297318850954,0.896,0.583,8.14410337358488e-14,"3","ATOX1"
6.22905868763813e-18,0.387442380729566,0.403,0.1,8.31766206560319e-14,"3","FLT3LG"
6.79528065816555e-18,0.644236538760172,0.701,0.305,9.07373826284846e-14,"3","PAFAH1B3"
6.86598217883101e-18,0.788380571363563,0.766,0.307,9.16814600339305e-14,"3","CLDN5"
8.34112570408942e-18,0.375213742232233,0.286,0.056,1.11379051526706e-13,"3","SLC16A11"
9.77998959903044e-18,0.737166487483518,0.948,0.753,1.30592201115853e-13,"3","TMEM160"
9.97985614262603e-18,0.682510444928315,0.948,0.793,1.33261019072485e-13,"3","PRELID1"
1.04342924780393e-17,0.695486792499937,0.714,0.309,1.39329107459258e-13,"3","PTOV1"
1.07586217036417e-17,0.302232495523833,0.299,0.06,1.43659875608728e-13,"3","NCAPD3"
1.38244649781024e-17,0.562097097551946,0.675,0.259,1.84598080852601e-13,"3","SLC52A2"
1.47231918719753e-17,0.520485423056726,0.558,0.183,1.96598781066486e-13,"3","IFI27L2"
1.58971020521024e-17,0.820808895109172,0.805,0.47,2.12274003701723e-13,"3","UBE2M"
1.67019821584545e-17,0.478115217139418,0.506,0.153,2.23021567761842e-13,"3","MXRA8"
1.84995041459855e-17,0.595048651126858,0.429,0.121,2.47023878861345e-13,"3","GPNMB"
1.93261110212653e-17,0.495008575621495,0.61,0.212,2.58061560466955e-13,"3","ARL2"
2.32988357374247e-17,0.696916855436349,0.532,0.178,3.11109353601831e-13,"3","FBLN2"
2.47359986300016e-17,0.427070797630784,0.416,0.109,3.30299789706412e-13,"3","EFEMP1"
3.06119229693432e-17,0.320959198209499,0.26,0.048,4.0876100740964e-13,"3","WDR83"
3.32869014240926e-17,0.739207336972386,0.948,0.618,4.44479994715908e-13,"3","SNRPB"
3.75501347829021e-17,0.290322444655966,0.26,0.048,5.01406949756092e-13,"3","HMOX1"
4.08301144723015e-17,0.612063167432405,0.584,0.218,5.45204518548642e-13,"3","PLOD1"
4.42201971940319e-17,0.543661950902795,0.571,0.201,5.90472293131908e-13,"3","ENSBTAG00000050654"
4.61420603730637e-17,0.65704853290366,0.688,0.291,6.1613493216152e-13,"3","MCRIP1"
5.82777338427897e-17,0.710232731822151,0.779,0.396,7.78182580002771e-13,"3","ALKBH7"
6.21169526061179e-17,0.817029913708194,0.714,0.37,8.29447668149492e-13,"3","PYCR3"
6.21300336168647e-17,0.489341550113015,0.558,0.191,8.29622338885995e-13,"3","DUSP23"
6.73202805356177e-17,0.596189364353063,0.714,0.297,8.98927705992104e-13,"3","GNG11"
7.51675661775744e-17,0.289305208554672,0.26,0.049,1.00371251116915e-12,"3","NUDT22"
9.42330871896492e-17,0.966457917997488,0.974,0.867,1.25829441324339e-12,"3","COL3A1"
1.07992962362815e-16,0.555514982093253,0.597,0.22,1.44203002643067e-12,"3","ENTPD2"
1.33234352512306e-16,0.570657523429976,0.597,0.218,1.77907830909682e-12,"3","TK1"
1.41944507623502e-16,0.401460971910178,0.351,0.084,1.89538501029663e-12,"3","VIPR2"
1.67128507649856e-16,0.353658896184893,0.299,0.063,2.23166696264852e-12,"3","PCSK1N"
1.74978256580058e-16,0.386795584728427,0.455,0.13,2.33648466011352e-12,"3","GYPC"
2.51802038050249e-16,0.804503814627193,0.818,0.508,3.36231261408497e-12,"3","PHGDH"
2.64358347511802e-16,0.622230653141702,0.532,0.187,3.52997701432509e-12,"3","CTSS"
2.69068326562148e-16,0.833499050069346,0.896,0.633,3.59286936458436e-12,"3","EPHX1"
2.77847657634536e-16,0.632665767381919,0.714,0.32,3.71009977239395e-12,"3","NUDC"
3.30841044924791e-16,0.635069263810754,0.701,0.316,4.41772047288074e-12,"3","DRAP1"
3.62556894018298e-16,0.742248094048856,0.714,0.329,4.84122220582634e-12,"3","FMOD"
3.72274741097351e-16,0.357198932346803,0.377,0.096,4.97098461787293e-12,"3","CORO1A"
3.75396442779872e-16,0.545212401087986,1,0.995,5.01266870043964e-12,"3","UQCR11"
4.42999584359459e-16,0.603267286733246,1,0.952,5.91537344995185e-12,"3","CEBPD"
4.4491040462956e-16,0.320569972196257,0.364,0.089,5.94088863301852e-12,"3","OLFML1"
4.58482210938724e-16,0.725191042858188,0.792,0.42,6.12211296266478e-12,"3","POLR2F"
4.85882574760907e-16,0.600858914568655,0.623,0.248,6.4879900207824e-12,"3","JOSD2"
5.0909359208106e-16,0.567547418613525,0.597,0.229,6.79792673505839e-12,"3","AOX1"
5.50805418959835e-16,0.70538450000309,0.909,0.578,7.35490475937068e-12,"3","NME2"
5.63847840147274e-16,0.552262648698079,1,1,7.52906020948655e-12,"3","RPS20"
5.67932257864346e-16,0.727947025138358,0.935,0.692,7.58359943926261e-12,"3","EDF1"
6.63651563396353e-16,0.732322191567548,0.935,0.746,8.8617393260315e-12,"3","BLOC1S1"
6.74768357237969e-16,0.783794306116316,0.688,0.353,9.0101818741986e-12,"3","PRMT1"
6.74836564642404e-16,0.46994589950213,0.532,0.178,9.01109264767003e-12,"3","COLEC12"
7.45905523532403e-16,0.602929818593073,0.545,0.191,9.96007645572817e-12,"3","MRC2"
7.57308945402986e-16,0.729367124991549,0.935,0.763,1.01123463479661e-11,"3","COA3"
7.730451311743e-16,0.447742200812897,0.416,0.117,1.03224716365704e-11,"3","PYCARD"
7.99556954834099e-16,0.685032775968067,1,0.948,1.06764840178997e-11,"3","NDUFB7"
8.00142168801015e-16,0.510902388434255,0.39,0.108,1.068429838e-11,"3","PGM5"
8.17128513125231e-16,0.941010810271149,0.909,0.666,1.09111170357612e-11,"3","MMP2"
8.29112748214602e-16,0.292459968952371,0.299,0.065,1.10711425269096e-11,"3","CRABP2"
8.30443892376525e-16,0.81391643472875,0.714,0.329,1.10889172949037e-11,"3","RAMP2"
8.48202760798321e-16,0.6920385961022,0.883,0.582,1.132605146494e-11,"3","ARPC4"
8.61965937394625e-16,0.760759666594872,0.896,0.688,1.15098311620304e-11,"3","WDR83OS"
9.36839364284276e-16,0.298729328719953,0.26,0.052,1.25096160312879e-11,"3","COL16A1"
9.96449046356331e-16,0.593382487629936,0.597,0.237,1.33055841159961e-11,"3","DNLZ"
1.36948263806999e-15,0.319500899246871,0.299,0.066,1.82867016661486e-11,"3","CACFD1"
1.56655804941511e-15,0.697790693651746,0.792,0.423,2.091824963384e-11,"3","LAMTOR1"
1.66385904230138e-15,0.821388074727895,0.727,0.382,2.22175097918503e-11,"3","PLPP3"
1.86205337582362e-15,0.402667490935872,0.429,0.126,2.48639987273727e-11,"3","SKIV2L"
1.88039021813163e-15,0.33617810913374,0.377,0.098,2.51088505827117e-11,"3","TMEM40"
2.26358376788938e-15,0.625155217457404,0.675,0.305,3.02256340526269e-11,"3","NDUFAF8"
3.06345048096129e-15,0.635297737172684,0.701,0.325,4.09062542722762e-11,"3","MVP"
3.13298176137835e-15,0.487392047904411,0.494,0.168,4.18347054596852e-11,"3","SSBP4"
3.35179497904418e-15,0.494685071499725,1,0.997,4.4756518355177e-11,"3","SSR4"
3.40804191953298e-15,0.579792218371416,0.558,0.218,4.55075837515239e-11,"3","MYDGF"
3.99183444175422e-15,0.695320275383889,0.805,0.445,5.33029653007441e-11,"3","BCL7C"
4.11171212836761e-15,0.602081461143242,0.948,0.878,5.49036920500927e-11,"3","YJEFN3"
4.26144208002482e-15,0.697145188175798,0.701,0.36,5.69030360945714e-11,"3","PFKL"
4.34234587494049e-15,0.628061760042338,0.909,0.655,5.79833444680804e-11,"3","SYNGR2"
4.36852288858001e-15,0.766157899386309,0.974,0.956,5.83328861312088e-11,"3","B2M"
4.37553753551255e-15,0.354590587954157,0.338,0.084,5.84265527116991e-11,"3","RAMP1"
4.70095942908467e-15,0.656558186934405,0.584,0.237,6.27719112565675e-11,"3","LGALS4"
4.96782956422183e-15,0.685067520531692,0.753,0.383,6.63354281710542e-11,"3","REX1BD"
5.09570979261828e-15,0.351243661711918,0.286,0.064,6.80430128608319e-11,"3","FAM229A"
5.32240905489946e-15,0.617688764039888,0.61,0.254,7.10701281100725e-11,"3","FXYD5"
5.89461394041338e-15,0.588721762036439,1,0.969,7.87107799463399e-11,"3","SH3BGRL3"
5.95990738344069e-15,0.359190995106479,0.403,0.113,7.95826432910836e-11,"3","CAD"
5.98936777297787e-15,0.398683114153489,0.429,0.127,7.99760278725734e-11,"3","MXD3"
6.89192961987492e-15,0.67643084900217,0.584,0.249,9.20279362141898e-11,"3","TOMM40"
7.92454020918839e-15,0.295960443905814,0.286,0.064,1.05816385413293e-10,"3","RECQL4"
8.27652483778574e-15,0.329638219876642,0.325,0.08,1.10516436158953e-10,"3","SHFL"
8.434338286674e-15,0.603330952364681,0.727,0.348,1.12623719141958e-10,"3","ABHD17A"
8.71844650923554e-15,0.370458249901552,1,0.999,1.16417416237822e-10,"3","S100A4"
9.12950263230465e-15,0.253519903788364,0.26,0.054,1.21906248649164e-10,"3","FLYWCH2"
9.17462769420425e-15,0.716196586266562,0.714,0.368,1.22508803600709e-10,"3","CTSB"
9.28411060697313e-15,0.44467690007135,0.377,0.103,1.23970728934912e-10,"3","LTBP1"
1.02853384001556e-14,0.463176001531358,0.558,0.202,1.37340123657277e-10,"3","BGN"
1.12815474438142e-14,0.434276655504561,0.455,0.146,1.50642503017252e-10,"3","TMEM129"
1.39328388084446e-14,0.434736698569967,0.442,0.14,1.86045196609161e-10,"3","PSMB10"
1.62896358418229e-14,0.29893839980805,0.325,0.08,2.17515507395862e-10,"3","ANKS3"
1.98778326839452e-14,0.59586433622831,0.779,0.4,2.6542869982872e-10,"3","CHMP2A"
1.9902118039451e-14,0.341021464504136,0.299,0.07,2.6575298218079e-10,"3","PLD4"
2.00953755174173e-14,0.572271673658654,0.662,0.293,2.68333549284073e-10,"3","EXOSC4"
2.09140373593511e-14,0.503019090605587,0.558,0.214,2.79265140859415e-10,"3","B3GAT3"
2.10549067819117e-14,0.494560820479418,0.39,0.115,2.81146170258867e-10,"3","ADRM1"
2.32963440875266e-14,0.511559934292556,0.61,0.239,3.11076082600743e-10,"3","SCARF2"
2.33828081782081e-14,0.504177650831617,0.519,0.19,3.12230637603613e-10,"3","AVPI1"
2.44962295882442e-14,0.494474926065702,1,0.979,3.27098153691825e-10,"3","CFL1"
2.57045863959758e-14,0.635413363987665,0.649,0.299,3.43233342145464e-10,"3","TIMM50"
2.94085615557274e-14,0.764217097467159,0.883,0.651,3.92692522453628e-10,"3","ARHGDIA"
3.2817789905445e-14,0.713260263723617,0.987,0.881,4.38215948607407e-10,"3","TUBB4B"
3.28352361488035e-14,0.584589463720663,0.623,0.282,4.38448908294973e-10,"3","CDK2AP2"
3.60848135274543e-14,0.531518590237988,0.532,0.202,4.81840515032097e-10,"3","MPG"
3.72619064563912e-14,0.255465987266603,0.273,0.06,4.97558236912192e-10,"3","PDPN"
3.93693311976112e-14,0.810628861065524,0.909,0.794,5.25698679481702e-10,"3","COL1A2"
4.3370804883281e-14,0.654087208040145,0.779,0.5,5.79130357606451e-10,"3","CHID1"
4.84512040725832e-14,0.730140909790535,0.857,0.599,6.46968927981204e-10,"3","PSMB6"
5.14313694429481e-14,0.509333961962381,0.636,0.263,6.86763076171686e-10,"3","FBN1"
5.58333385896362e-14,0.681035454558692,0.857,0.587,7.45542570187412e-10,"3","PET100"
5.65736177420771e-14,0.389226230059925,0.468,0.154,7.55427517709956e-10,"3","CXCL16"
5.68320787249922e-14,0.683928437422491,0.935,0.77,7.5887874721482e-10,"3","PHB"
5.93847241242471e-14,0.296480656384196,0.325,0.082,7.92964221231072e-10,"3","CPLANE2"
6.90087759645099e-14,0.541503842735387,0.519,0.201,9.214741854541e-10,"3","COX7A1"
7.02477996049389e-14,0.657160995793809,0.961,0.825,9.38018868124749e-10,"3","COPE"
7.21726114537105e-14,0.590340376426238,0.974,0.86,9.63720880741396e-10,"3","PPDPF"
7.83910434425216e-14,0.708760113214541,0.779,0.462,1.04675560308799e-09,"3","ATP5MC2"
7.99167781993708e-14,0.631091858334913,0.948,0.842,1.0671287392962e-09,"3","PRDX2"
8.07760976690762e-14,0.269360379881025,0.273,0.062,1.07860323217517e-09,"3","ST6GALNAC4"
9.56269008602715e-14,0.55750784410425,0.494,0.183,1.2769060071872e-09,"3","FAM174C"
9.99221360419718e-14,0.545791569111855,0.61,0.271,1.33426028256845e-09,"3","INTS1"
1.04281021454045e-13,0.384398888147241,0.403,0.123,1.39246447947587e-09,"3","NT5DC2"
1.21437013042003e-13,0.656846461691682,0.779,0.453,1.62154843514987e-09,"3","CNN2"
1.22358966337319e-13,0.421473968331808,0.403,0.123,1.63385927750222e-09,"3","HSPB6"
1.32410142288449e-13,0.401326704168057,0.506,0.178,1.76807262997766e-09,"3","BAD"
1.43701925161986e-13,0.62952257309177,0.701,0.357,1.91885180668799e-09,"3","STIP1"
1.51697618876226e-13,0.448151527043741,0.442,0.148,2.02561830485425e-09,"3","PFKP"
1.84010975259069e-13,0.395401765015716,0.338,0.092,2.45709855263435e-09,"3","FSTL3"
2.29897572238723e-13,0.555091718179145,0.545,0.224,3.06982228210367e-09,"3","ARL6IP4"
2.39317980346453e-13,0.528317251460604,0.649,0.293,3.19561299156618e-09,"3","ENSBTAG00000053646"
2.51494158035186e-13,0.27878974396556,0.299,0.074,3.35820149224383e-09,"3","GSTP1"
2.5658912890295e-13,0.505255513752444,0.987,0.999,3.42623463824109e-09,"3","PRDX5"
2.65823696237954e-13,0.668616758752256,0.74,0.4,3.5495438158654e-09,"3","TCN2"
2.84823018995605e-13,0.331611473787806,0.364,0.104,3.80324177264832e-09,"3","BOP1"
3.03855098031128e-13,0.371521752607805,0.403,0.124,4.05737712400966e-09,"3","TGFB1I1"
3.47643050128531e-13,0.273126226553043,0.26,0.059,4.64207764836628e-09,"3","GMPPB"
3.50972479277777e-13,0.597000076113877,0.675,0.318,4.68653551579615e-09,"3","NAA38"
3.95511497838661e-13,0.595365967004101,0.87,0.538,5.28126503063964e-09,"3","VAMP8"
4.3956453173952e-13,0.608172728819962,0.623,0.286,5.86950519231781e-09,"3","NME3"
4.45655681758624e-13,0.885602496157091,0.857,0.663,5.95084031852291e-09,"3","ENSBTAG00000013919"
4.63460631048091e-13,0.521626720124717,0.584,0.24,6.18858980638516e-09,"3","LMF2"
4.73454222141776e-13,0.680657147764868,0.714,0.41,6.32203422825914e-09,"3","NAA10"
5.05627034487571e-13,0.466417017674704,0.468,0.169,6.75163779151254e-09,"3","YIF1B"
5.0949538607882e-13,0.295253353000194,0.312,0.081,6.80329189031048e-09,"3","GSDMD"
5.14574906326201e-13,0.40578350159311,0.481,0.171,6.87111872417377e-09,"3","PSMD4"
5.28150415027857e-13,0.443092882406265,0.519,0.196,7.05239249186697e-09,"3","SIGMAR1"
5.75955431767825e-13,0.602002581601308,0.688,0.335,7.69073288039577e-09,"3","TUBB6"
7.51078231315387e-13,0.486726093155281,0.416,0.138,1.00291476227544e-08,"3","CCL5"
7.63324927074531e-13,0.450666194506189,0.584,0.237,1.01926777512262e-08,"3","TPGS1"
8.85353473013426e-13,0.557307509155504,0.909,0.577,1.18221249251483e-08,"3","HSP90B1"
8.9374681665897e-13,0.594284296880655,0.974,0.889,1.19342012428472e-08,"3","HTRA1"
9.53978115548418e-13,0.31346104176211,0.325,0.089,1.2738469776918e-08,"3","LPCAT4"
9.81113555578894e-13,0.631365038329819,0.909,0.646,1.3100809307645e-08,"3","H2AJ"
1.03930691885888e-12,0.552316822485219,0.74,0.385,1.38778652875226e-08,"3","HM13"
1.06110365719282e-12,0.254394529484074,0.286,0.07,1.41689171344957e-08,"3","NAT14"
1.14743690492948e-12,0.322035583993989,0.351,0.101,1.53217249915234e-08,"3","P4HA2"
1.22146453927498e-12,0.451591460817776,0.649,0.281,1.63102159929388e-08,"3","TNS1"
1.35806353643575e-12,0.394918126043406,0.338,0.099,1.81342224020266e-08,"3","ENSBTAG00000048386"
1.38133521164051e-12,0.507226393398678,0.571,0.242,1.84449690810357e-08,"3","PTK7"
1.61223109455619e-12,0.653814034735315,0.688,0.362,2.15281218056088e-08,"3","CCDC167"
1.69776619550475e-12,0.658678051148658,0.857,0.612,2.26702720085749e-08,"3","PSMD2"
1.77726688623679e-12,0.297854897165264,1,1,2.37318447319199e-08,"3","RPS28"
1.89145633270896e-12,0.497282884304154,0.61,0.264,2.52566164106627e-08,"3","NMRAL1"
2.01860299842353e-12,0.452698867315912,0.558,0.228,2.69544058379494e-08,"3","COLGALT1"
2.02406385598093e-12,0.529954454729419,0.636,0.295,2.70273246689134e-08,"3","INTS11"
2.04573673949546e-12,0.395701537212742,0.416,0.141,2.73167226824829e-08,"3","CDPF1"
2.33594092469066e-12,0.603124726060661,0.922,0.777,3.11918191673944e-08,"3","PPP1CA"
2.40732545875833e-12,0.446872735060211,0.519,0.202,3.21450168508e-08,"3","FLOT1"
2.48108276575973e-12,0.566944650131006,0.87,0.601,3.31298981711897e-08,"3","TWF2"
2.86697862412049e-12,0.415000112472081,0.481,0.178,3.82827655678809e-08,"3","ARSA"
2.89697435875289e-12,0.657655876200236,0.494,0.192,3.86832986124273e-08,"3","C15H11orf96"
3.03409322288992e-12,0.484279250516159,0.468,0.173,4.05142468052491e-08,"3","CTSK"
3.64694328527273e-12,0.27878974396556,0.286,0.074,4.86976336882467e-08,"3","TMEM140"
3.68543639078901e-12,0.774027833893024,0.987,0.963,4.92116321262057e-08,"3","NDUFV1"
3.79874779752006e-12,0.326222244357385,0.429,0.143,5.07246793402854e-08,"3","GNL1"
3.87206048549095e-12,0.904675768687951,0.909,0.809,5.17036236627607e-08,"3","BOLA-DRA"
4.08761135185162e-12,0.663776826617233,0.753,0.45,5.45818743812747e-08,"3","LSM7"
4.198474285309e-12,0.588641656677062,0.688,0.344,5.6062227131731e-08,"3","CYBA"
4.20976298102756e-12,0.640302411845013,0.87,0.665,5.6212965085661e-08,"3","SLC29A1"
4.24781165572535e-12,0.604026642318461,0.961,0.755,5.67210290389006e-08,"3","IGFBP6"
4.28183065401772e-12,0.555575458505028,0.597,0.291,5.71752847230987e-08,"3","MZT2B"
4.50985972942194e-12,0.533908196772253,0.571,0.246,6.02201569669712e-08,"3","DBN1"
4.65022097451374e-12,0.405585751753569,0.455,0.165,6.2094400672682e-08,"3","FBXL6"
4.76431971240084e-12,0.395817327978155,0.558,0.255,6.36179611196884e-08,"3","ENSBTAG00000046944"
5.02569545729833e-12,0.423203325810058,0.558,0.228,6.71081114413046e-08,"3","ZNF593"
5.37866173776787e-12,0.310911061184367,0.299,0.081,7.18212701844144e-08,"3","SHF"
5.55338355771712e-12,0.288972623391582,0.39,0.122,7.41543306461967e-08,"3","P3H1"
5.57131507469739e-12,0.390751005929868,0.494,0.185,7.43937701924342e-08,"3","SELENON"
5.63679735607863e-12,0.613842110482017,0.896,0.723,7.52681550957179e-08,"3","HCFC1R1"
5.74673648218229e-12,0.587472708554998,0.714,0.378,7.67361722465802e-08,"3","CTSF"
5.93111752916033e-12,0.732363216265513,0.844,0.582,7.91982123668779e-08,"3","AQP1"
5.95121480898855e-12,0.380148756260831,0.468,0.171,7.94665713444241e-08,"3","SLC39A1"
6.55538882426448e-12,0.27311129290392,0.299,0.08,8.75341069704036e-08,"3","SIL1"
6.64983417894989e-12,0.68277406899182,0.779,0.529,8.87952357915179e-08,"3","PNKD"
6.74031217589222e-12,0.396951349697571,0.351,0.109,9.00033884846889e-08,"3","LAMA4"
7.01624613802477e-12,0.507544059572458,0.974,0.951,9.36879346810447e-08,"3","HSP90AA1"
7.20230250904747e-12,0.613945495037298,0.623,0.318,9.61723454033109e-08,"3","RNF126"
7.32656339732681e-12,0.391498280530578,0.506,0.196,9.78316010445049e-08,"3","ACOT8"
7.55191395628028e-12,0.502283043264459,0.506,0.206,1.00840707058211e-07,"3","MRTO4"
7.74786114627424e-12,0.339655687436706,0.403,0.133,1.034571898862e-07,"3","IFI30"
8.35901049035072e-12,0.561192620942439,0.597,0.275,1.11617867077653e-07,"3","EMD"
8.92494069272629e-12,0.364197460654249,0.351,0.108,1.19174733069974e-07,"3","SLC22A17"
9.05710799829464e-12,0.503247874652957,0.61,0.278,1.20939563101228e-07,"3","COTL1"
9.2431097248657e-12,0.660383287109477,0.519,0.231,1.23423244156132e-07,"3","MSRB1"
9.3458923908839e-12,0.331041093656335,0.299,0.082,1.24795701095473e-07,"3","PROS1"
9.54798146698942e-12,0.43253742512965,0.468,0.175,1.2749419652871e-07,"3","SRGN"
1.1637494539972e-11,0.578625547453574,0.896,0.648,1.55395464592246e-07,"3","NT5C"
1.25801892205496e-11,0.44428377960386,0.506,0.205,1.67983266661999e-07,"3","THAP7"
1.26855706813554e-11,0.408067905404064,0.442,0.163,1.69390425308139e-07,"3","TMEM205"
1.31237117318004e-11,0.279353870824229,0.26,0.065,1.75240922754731e-07,"3","ENSBTAG00000030593"
1.32716617910017e-11,0.306409851154406,0.325,0.095,1.77216499895245e-07,"3","SRI"
1.34375833297939e-11,0.332293652872574,0.442,0.155,1.79432050202737e-07,"3","ANKRD9"
1.64129460548969e-11,0.529814321557531,0.805,0.476,2.19162068671039e-07,"3","STOML2"
1.75516513642432e-11,0.339133243942456,0.429,0.15,2.3436720066674e-07,"3","FAM89B"
1.81130672338203e-11,0.43792268580029,0.532,0.222,2.41863786773202e-07,"3","PES1"
1.91699492955521e-11,0.449900826089432,0.403,0.143,2.55976332943507e-07,"3","RANBP1"
1.92075158140493e-11,0.379690349238959,0.364,0.117,2.56477958665e-07,"3","ENSBTAG00000000432"
2.09577579121222e-11,0.368177108577216,0.429,0.152,2.79848941400568e-07,"3","CCDC107"
2.53060279919124e-11,0.430368440999749,0.416,0.151,3.37911391776007e-07,"3","HYAL2"
2.84014237414294e-11,0.285716051279206,0.312,0.09,3.79244211219307e-07,"3","DEGS1"
3.06076138163484e-11,0.275858847385827,0.26,0.067,4.087034672897e-07,"3","CAMK1"
3.22418419559162e-11,0.484630046190864,0.545,0.244,4.3052531563735e-07,"3","SLX1A"
3.36491642666619e-11,0.659258729377825,0.805,0.592,4.49317290452736e-07,"3","PIN1"
3.40631716459733e-11,0.311726294299353,0.351,0.11,4.54845530988682e-07,"3","ETV2"
3.41590046216867e-11,0.312973644784201,0.299,0.085,4.56125188713383e-07,"3","CRELD2"
3.49995888488417e-11,0.336659649539042,0.325,0.099,4.67349509898583e-07,"3","PCBP4"
3.65978995818705e-11,0.541438612160088,0.948,0.767,4.88691753116716e-07,"3","GABARAP"
3.93058293468142e-11,0.482459509093089,0.675,0.332,5.24850739268009e-07,"3","LTBP3"
3.98599014421869e-11,0.46920393005406,0.506,0.208,5.32249263957522e-07,"3","ID3"
3.98873501042016e-11,0.336849775531448,0.429,0.153,5.32615785941403e-07,"3","ESYT1"
4.04076878848808e-11,0.485065323286346,0.558,0.248,5.39563856326813e-07,"3","CCDC124"
4.04412323655786e-11,0.274612673825673,0.26,0.067,5.40011775777571e-07,"3","ENSBTAG00000034609"
4.21341715161346e-11,0.307865893371411,0.312,0.092,5.62617592254945e-07,"3","LHPP"
4.23536193704547e-11,0.33116852166861,0.455,0.165,5.65547879453682e-07,"3","DPT"
4.32943249166321e-11,0.542660972063974,0.701,0.399,5.78109120611788e-07,"3","PSME1"
4.45945409911071e-11,0.541512323357956,0.727,0.404,5.95470905854253e-07,"3","C7H19orf53"
4.60896140057235e-11,0.522970481567199,0.506,0.222,6.15434615818425e-07,"3","PLEKHO1"
5.30215360526346e-11,0.570815850823479,0.61,0.307,7.0799657091083e-07,"3","EIF3F"
5.36165856308875e-11,0.413697404384303,0.545,0.236,7.15942267929241e-07,"3","ZFAND2B"
5.40076447540041e-11,0.305846974964218,0.364,0.116,7.21164080400217e-07,"3","ITGA7"
5.50174833821149e-11,0.505091187131381,0.506,0.212,7.34648455601381e-07,"3","PTGS1"
6.26115635575116e-11,0.397167110406302,0.532,0.226,8.36052208183453e-07,"3","MBD3"
6.47682437118733e-11,0.337623212801369,0.325,0.1,8.64850358284644e-07,"3","SERGEF"
6.48153301060836e-11,0.297704323319188,0.325,0.098,8.65479102906534e-07,"3","MGLL"
6.83906850936009e-11,0.527898573332136,0.597,0.293,9.13220818054853e-07,"3","SMARCB1"
7.26496385176056e-11,0.601187852873236,0.597,0.298,9.70090623125587e-07,"3","CTSC"
7.86169102232613e-11,0.390627087846563,0.481,0.187,1.04977160221121e-06,"3","RCN1"
7.91779648628981e-11,0.502663056320221,0.519,0.233,1.05726336481428e-06,"3","PPP5C"
8.00787441707112e-11,0.406836709427117,0.545,0.232,1.06929147091151e-06,"3","CCNG1"
8.27588750141071e-11,0.524687125567466,0.896,0.729,1.10507925806337e-06,"3","TMEM147"
8.35930248712056e-11,0.571089610360304,0.701,0.391,1.11621766110521e-06,"3","UNC45A"
8.40205623841668e-11,0.423491224078164,0.468,0.183,1.12192656951578e-06,"3","RAF1"
8.40283511287355e-11,0.509386791285704,0.987,0.937,1.12203057262201e-06,"3","TUBA4A"
8.45268461020151e-11,0.308992637860919,0.364,0.119,1.12868697600021e-06,"3","ST6GALNAC6"
8.69780904337365e-11,0.550634334262697,0.948,0.902,1.16141844156168e-06,"3","CAPNS1"
9.52310084787832e-11,0.7802980883362,0.909,0.751,1.27161965621719e-06,"3","COL1A1"
1.00030819165637e-10,0.334359157308831,0.312,0.095,1.33571152831875e-06,"3","RPP21"
1.0127526773025e-10,0.55395277832297,0.675,0.364,1.35232865000202e-06,"3","MISP3"
1.06239727461481e-10,0.454447354834245,0.545,0.245,1.41861908079316e-06,"3","SPC24"
1.08782089408183e-10,0.271406611045826,0.325,0.099,1.45256723986747e-06,"3","CMTM3"
1.12904773265702e-10,0.551817033978979,0.857,0.603,1.50761743741692e-06,"3","RALY"
1.1682099324203e-10,0.306831433910155,0.26,0.07,1.55991072276082e-06,"3","DMPK"
1.25426864809492e-10,0.456959476838278,0.61,0.294,1.67482492580115e-06,"3","MBOAT7"
1.2866445981992e-10,0.329507732060624,0.494,0.194,1.7180565319754e-06,"3","PAGR1"
1.32022744061221e-10,0.632046402552415,0.779,0.56,1.76289970144948e-06,"3","NUCB1"
1.32558151225226e-10,0.331218850288066,0.364,0.123,1.77004899331044e-06,"3","MON1A"
1.37850903341571e-10,0.462896076696995,0.649,0.314,1.84072311232e-06,"3","ARHGDIB"
1.37899894981936e-10,0.338828572584818,0.312,0.096,1.84137729769379e-06,"3","ENSBTAG00000005448"
1.44733126904825e-10,0.448669055471684,0.519,0.226,1.93262144356013e-06,"3","ZFYVE21"
1.4933623829334e-10,0.654683907367195,0.805,0.621,1.99408678993097e-06,"3","CD320"
1.61500733029803e-10,0.426733301965612,0.416,0.157,2.15651928814696e-06,"3","COMMD5"
1.71947181841974e-10,0.620044342654589,0.831,0.602,2.29601071913587e-06,"3","BCAM"
1.79249733044396e-10,0.532216500507218,0.87,0.658,2.39352168534182e-06,"3","CALM3"
1.81918483666224e-10,0.404492986713236,0.403,0.15,2.42915751239509e-06,"3","AIMP2"
2.04437688179544e-10,0.259134194146346,0.299,0.088,2.72985645026145e-06,"3","NTMT1"
2.39402300138678e-10,0.439725508788725,0.987,0.978,3.19673891375177e-06,"3","GSN"
2.39794510240778e-10,0.512860980754167,0.571,0.275,3.2019760952451e-06,"3","ZNHIT1"
2.48524453437363e-10,0.444815355093942,0.494,0.208,3.3185470267491e-06,"3","ZBTB48"
2.55200308384546e-10,0.341657798714698,0.299,0.091,3.40768971785885e-06,"3","PKP3"
2.57088570287679e-10,0.599732820492855,0.597,0.314,3.43290367905138e-06,"3","SSNA1"
2.5758018199816e-10,0.518008048511195,0.935,0.859,3.43946817022143e-06,"3","FKBP4"
2.79158980324856e-10,0.36711276038354,0.429,0.163,3.7276098642778e-06,"3","POFUT2"
2.95435987908293e-10,0.352366588050278,0.312,0.099,3.94495674653944e-06,"3","DKKL1"
3.17037666317332e-10,0.409306271802532,0.532,0.235,4.23340395833533e-06,"3","GATD1"
3.32304380515e-10,0.392493147437148,0.545,0.237,4.4372603930168e-06,"3","CNPY3"
3.33414768552123e-10,0.559568185445044,0.961,0.917,4.4520874044765e-06,"3","TUFM"
3.40441437481745e-10,0.376122877959711,0.468,0.188,4.54591451469374e-06,"3","SPSB3"
3.50518675195415e-10,0.321431048336138,0.442,0.167,4.68047586988438e-06,"3","MOGS"
3.52412455893527e-10,0.315560011819243,0.442,0.168,4.70576352354626e-06,"3","ITPA"
3.60065067619402e-10,0.575423391514026,0.714,0.399,4.80794884792188e-06,"3","COQ4"
3.62391754721962e-10,0.504379780626299,0.494,0.218,4.83901710080236e-06,"3","LGMN"
3.69687614488003e-10,0.665684998537258,0.753,0.529,4.9364387162583e-06,"3","TIMM10"
3.8494972969084e-10,0.543107602186894,0.662,0.373,5.14023374056178e-06,"3","MRPS25"
4.76683089182412e-10,0.506144160499611,0.701,0.387,6.36514928985275e-06,"3","GNAI2"
4.81215892940114e-10,0.611870895627604,0.597,0.319,6.42567581842934e-06,"3","SYNGR1"
4.90819102452856e-10,0.347625636261643,0.416,0.157,6.55390747505299e-06,"3","RPS6KA1"
5.40319158306158e-10,0.592973064402947,0.714,0.442,7.21488172086213e-06,"3","CDC37"
5.53198081545605e-10,0.308489052156042,0.312,0.099,7.38685398287847e-06,"3","IFITM5"
6.59803106706008e-10,0.29308923577415,0.299,0.093,8.81035088384533e-06,"3","ESPL1"
6.88967186433803e-10,0.279734792979883,0.338,0.111,9.19977884045057e-06,"3","GTF3C1"
7.46888647869697e-10,0.403277109489318,0.494,0.212,9.97320411500406e-06,"3","LGALS9"
7.89457380097744e-10,0.264512829574674,0.286,0.086,1.05416243964452e-05,"3","NUDT16L1"
8.40596230170786e-10,0.318235397457137,0.338,0.114,1.12244814614705e-05,"3","DMAP1"
9.62321372618139e-10,0.417706302100057,0.494,0.207,1.284987728857e-05,"3","TINAGL1"
1.06257075594189e-09,0.43085115388019,0.636,0.316,1.41885073040921e-05,"3","GPS1"
1.09653691131618e-09,0.444580545178765,0.649,0.349,1.4642057376805e-05,"3","PGLS"
1.11419954209933e-09,0.637175988263645,0.792,0.606,1.48779064856523e-05,"3","MRPL28"
1.12803615710463e-09,0.421814576017314,1,0.994,1.50626668058181e-05,"3","RPL12"
1.15311641826458e-09,0.343321373068206,0.468,0.191,1.53975635330869e-05,"3","CAPN5"
1.20739200053757e-09,0.552449731903991,0.688,0.389,1.61223053831781e-05,"3","BRI3"
1.26065762643709e-09,0.627159107177651,0.753,0.505,1.68335612858145e-05,"3","TRIM29"
1.31098534560367e-09,0.320546864489002,0.571,0.253,1.75055873198459e-05,"3","LEMD2"
1.50255503548724e-09,0.375679511809492,0.494,0.214,2.00636173888611e-05,"3","PTPMT1"
1.52918897596365e-09,0.337955625270571,0.416,0.16,2.04192603960427e-05,"3","CDH11"
1.55091724833868e-09,0.332719449451579,0.442,0.175,2.07093980170664e-05,"3","THOP1"
1.97238149525496e-09,0.51862385525676,0.714,0.415,2.63372101061395e-05,"3","RHOC"
1.99444015874918e-09,0.330860461256068,0.416,0.161,2.66317594397778e-05,"3","IL27RA"
2.19225364123013e-09,0.415886152752281,0.429,0.176,2.92731628713459e-05,"3","MCM2"
2.2271540470682e-09,0.312730008029271,0.286,0.09,2.97391879905016e-05,"3","MRI1"
2.33048654099305e-09,0.564605951511999,0.766,0.538,3.11189867818802e-05,"3","ISOC2"
2.46790331535748e-09,0.378515611741523,0.338,0.121,3.29539129699685e-05,"3","TNFRSF12A"
2.47789356432529e-09,0.256939609869873,0.286,0.089,3.30873127644356e-05,"3","RAC2"
2.55888508551842e-09,0.585419769537711,0.948,0.919,3.41687925469274e-05,"3","TXNIP"
2.63535814494966e-09,0.371253512090319,0.351,0.129,3.51899373095128e-05,"3","DCPS"
2.77496261033634e-09,0.419281995669723,0.597,0.294,3.70540757358211e-05,"3","P3H3"
2.8390412138017e-09,0.513724518405879,0.818,0.635,3.79097173278941e-05,"3","PRXL2B"
3.21026647435675e-09,0.391494618956324,0.377,0.143,4.28666882320856e-05,"3","TFPI2"
3.27001723849630e-09,0.517505946823526,0.662,0.354,4.3664540185641e-05,"3","CAV1"
3.29572804748759e-09,0.34644236648671,0.364,0.136,4.40078566181017e-05,"3","PLOD3"
3.37484222067155e-09,0.458862268357032,0.883,0.602,4.50642681726272e-05,"3","SNRPD3"
3.71071655309454e-09,0.314510563689891,0.429,0.171,4.95491981334714e-05,"3","VWA1"
3.90526607208162e-09,0.475764969648213,0.597,0.308,5.21470178605059e-05,"3","COMMD4"
3.97129443832208e-09,0.294814115258965,0.299,0.098,5.30286946349147e-05,"3","SLC15A3"
4.23085922110717e-09,0.29218075149331,0.39,0.146,5.64946631794441e-05,"3","XAB2"
4.28790150756273e-09,0.579217491243705,0.636,0.372,5.72563488304851e-05,"3","TSPAN4"
4.35157579631893e-09,0.427719637327302,0.558,0.274,5.81065916082467e-05,"3","GFER"
4.54971997751691e-09,0.45693916673461,0.558,0.281,6.07524108597834e-05,"3","PACSIN3"
4.55549028500514e-09,0.253234569210612,0.299,0.096,6.08294617756737e-05,"3","REM1"
4.79256242813428e-09,0.403012090262896,0.558,0.273,6.39950861028771e-05,"3","COL5A1"
4.83997141941814e-09,0.529854146106288,0.883,0.69,6.46281383634905e-05,"3","PTMA"
5.11164261959096e-09,0.333474506460881,0.429,0.173,6.8255763899398e-05,"3","TSSC4"
5.26459114250532e-09,0.48966744827074,0.636,0.332,7.02980855258736e-05,"3","SLC9A3R2"
5.27125462682806e-09,0.307811939668422,0.325,0.112,7.0387063032035e-05,"3","ANPEP"
5.31995945164347e-09,0.311999344533841,0.532,0.234,7.10374185577952e-05,"3","FSTL1"
5.36105776856801e-09,0.315385159373223,0.325,0.113,7.15862043836886e-05,"3","PLPP1"
5.43524902343849e-09,0.439987634832598,0.636,0.34,7.25768802099741e-05,"3","LRPAP1"
5.57411813565236e-09,0.370001416867057,0.455,0.191,7.4431199465366e-05,"3","ABHD8"
6.07494994167459e-09,0.510275746957516,0.831,0.591,8.11188065711809e-05,"3","NEDD8"
6.08775716489764e-09,0.460403325855249,0.805,0.471,8.12898214228782e-05,"3","TMEM256"
6.62288742573159e-09,0.449734760800724,0.883,0.709,8.84354157957939e-05,"3","ANTKMT"
6.7702688670701e-09,0.426380035381596,0.623,0.327,9.0403400181987e-05,"3","JPT1"
7.1071037224023e-09,0.545076075094034,0.74,0.463,9.4901156005238e-05,"3","MAF1"
8.17933691157131e-09,0.321934173603108,0.494,0.215,0.000109218685780212,"3","NTHL1"
8.18488991003276e-09,0.276754911208851,0.377,0.141,0.000109292834968667,"3","ARMC7"
8.26842284205518e-09,0.259505069062394,0.299,0.099,0.000110408250209963,"3","CPSF1"
8.32618990206338e-09,0.254748358859131,0.286,0.092,0.000111179613762252,"3","RASSF7"
8.39896355110215e-09,0.470860444725078,0.623,0.338,0.000112151360297867,"3","NENF"
8.48637880538021e-09,0.527917003145958,0.753,0.557,0.000113318616188242,"3","PTPA"
8.59473136009682e-09,0.300386646582727,0.273,0.087,0.000114765447851373,"3","ICAM1"
8.84722087896526e-09,0.25926339136003,0.299,0.099,0.000118136940396823,"3","MRPS5"
8.98441983429331e-09,0.356861795349382,0.403,0.165,0.000119968958047319,"3","BCS1L"
9.0566910491244e-09,0.256048099558471,0.26,0.08,0.000120933995578958,"3","PSTPIP1"
9.07295410261774e-09,0.4304471871471,0.649,0.363,0.000121151156132255,"3","NME1"
9.56891455594463e-09,0.343633432808886,0.519,0.232,0.000127773716065529,"3","TMEM204"
9.93657061065495e-09,0.555890411183651,0.675,0.411,0.000132683027364076,"3","IFRD2"
1.01102468034543e-08,0.379096148151935,0.532,0.247,0.000135002125566526,"3","TNC"
1.06057660032948e-08,0.407668667470088,0.442,0.194,0.000141618793441995,"3","TRMT2A"
1.11846802091413e-08,0.470212787928868,0.766,0.472,0.000149349034832663,"3","DAP"
1.23275931692403e-08,0.511787234590014,0.714,0.43,0.000164610351588866,"3","CCDC80"
1.24844043978223e-08,0.452210026400465,0.636,0.358,0.000166704251924121,"3","BAK1"
1.25665562844965e-08,0.410126225821305,0.597,0.316,0.000167801226066882,"3","PDIA6"
1.30381046482844e-08,0.448146902776621,0.584,0.31,0.000174097811368541,"3","SNX17"
1.30382505950808e-08,0.39357953187626,0.584,0.301,0.000174099760196114,"3","URM1"
1.30440818615858e-08,0.344211510567439,0.39,0.156,0.000174177625097755,"3","ATAD3A"
1.3357971919483e-08,0.397492069707233,0.519,0.244,0.000178368999040857,"3","RANGAP1"
1.41520198740086e-08,0.313399538673185,0.312,0.11,0.000188971921377637,"3","ACOT7"
1.47193145992422e-08,0.434043581566859,0.597,0.323,0.000196547007843681,"3","PCYT2"
1.52295180587557e-08,0.33880404675686,0.429,0.179,0.000203359754638564,"3","BOLA-DMB"
1.56663563418596e-08,0.271898556719533,0.325,0.115,0.000209192856232851,"3","CDCA3"
1.58303285950514e-08,0.443528919257109,0.961,0.904,0.000211382377729721,"3","NDUFS7"
1.59230762929401e-08,0.335496881617436,0.429,0.182,0.000212620837739629,"3","SCARB2"
1.70124549338706e-08,0.34367523165005,0.532,0.248,0.000227167310731974,"3","BAP1"
1.80863802411356e-08,0.44643175522904,1,0.957,0.000241507435359884,"3","UQCRQ"
1.93927309470795e-08,0.357696094607769,0.532,0.255,0.000258951136336353,"3","NXN"
1.96926486372472e-08,0.323234715244238,0.325,0.119,0.000262955937253162,"3","GMFG"
2.00246752304957e-08,0.321051240335628,0.455,0.197,0.000267389488352809,"3","NAGA"
2.20825920192387e-08,0.3126843307179,0.377,0.15,0.000294868851232894,"3","BCAS4"
2.24215577410745e-08,0.365970240204418,0.519,0.247,0.000299395060516567,"3","DNPEP"
2.36120895023017e-08,0.485081627979257,0.623,0.376,0.000315292231124235,"3","MRPL38"
2.4450218426218e-08,0.47252789145999,0.558,0.304,0.000326483766645289,"3","TMEM141"
2.52302842190414e-08,0.274000463296342,0.351,0.131,0.00033689998517686,"3","LAMB1"
2.60198906152254e-08,0.391585428740511,0.584,0.301,0.000347443599385104,"3","GRINA"
2.61365192796497e-08,0.49198233300455,0.766,0.514,0.000349000941941162,"3","POLR2G"
2.61386696142276e-08,0.41376380740628,0.39,0.164,0.000349029655358781,"3","HYOU1"
2.7677924379938e-08,0.353069604128761,0.377,0.153,0.000369583324245312,"3","CD14"
2.84639220934325e-08,0.459319814695878,0.74,0.477,0.000380078751713604,"3","UQCC2"
2.95129013695908e-08,0.335604174788863,0.416,0.177,0.000394085771988146,"3","MOV10"
2.95208092825109e-08,0.508724007485703,0.779,0.511,0.000394191366349368,"3","LAMB2"
2.95264548333566e-08,0.458703149294947,0.844,0.632,0.00039426675138981,"3","LMAN2"
2.9833440135914e-08,0.403955265872616,0.701,0.41,0.00039836592613486,"3","NPRL2"
3.18530107247039e-08,0.411138073511914,0.545,0.275,0.000425333252206971,"3","ASMTL"
3.62368352147021e-08,0.619324032835531,0.987,0.929,0.000483870460621917,"3","ENSBTAG00000048782"
3.77208784829765e-08,0.439517167621568,0.805,0.541,0.000503686890383185,"3","CRYAB"
4.04633148939869e-08,0.43941839616645,0.688,0.4,0.000540306643779407,"3","GPAA1"
4.14669732350364e-08,0.471513059648297,0.61,0.357,0.000553708493607441,"3","TIMM17B"
4.61516611134889e-08,0.413648957265122,0.506,0.252,0.000616263130848417,"3","GCHFR"
5.10453546943949e-08,0.4295946845315,0.87,0.772,0.000681608621234255,"3","LAMTOR2"
5.31074676337339e-08,0.364681352615349,0.364,0.15,0.000709144015313249,"3","GPRC5C"
5.32539144237212e-08,0.430732459178906,0.948,0.845,0.000711099519299949,"3","COX8A"
5.53869737165512e-08,0.410402421305576,0.519,0.261,0.000739582260037108,"3","VAMP5"
5.55513474939659e-08,0.317065387729357,0.429,0.186,0.000741777143086927,"3","SMIM12"
5.78975973153241e-08,0.27237227041313,0.312,0.113,0.000773106616951522,"3","BIN1"
5.88935614938922e-08,0.482738423945943,0.831,0.648,0.000786405726627943,"3","PMPCA"
6.11579331430978e-08,0.334700096335263,0.506,0.241,0.000816641881259785,"3","USE1"
6.25621106351003e-08,0.321215893483831,0.558,0.273,0.000835391863310494,"3","PTTG1IP"
6.3619616676405e-08,0.440432923061569,0.753,0.463,0.000849512741480036,"3","TMEM258"
6.67431442221194e-08,0.465674962151409,0.857,0.651,0.00089122120479796,"3","GUK1"
7.21436282638268e-08,0.529001804280513,0.714,0.449,0.00096333386820688,"3","HDAC5"
7.22414446589214e-08,0.304243154139179,0.416,0.177,0.000964640010530578,"3","METRNL"
7.37755820594393e-08,0.288371083006971,0.39,0.16,0.000985125347239693,"3","DEAF1"
7.47575450560158e-08,0.35930404475908,0.416,0.184,0.000998237499132979,"3","TUBG1"
7.53019591447331e-08,0.475469593030544,0.623,0.352,0.00100550706045962,"3","GADD45GIP1"
7.69775973642906e-08,0.364858399622805,0.545,0.269,0.00102788185760537,"3","MRPS18A"
7.7638491599329e-08,0.333427509677371,0.429,0.193,0.00103670677832584,"3","OGFR"
7.94368718229099e-08,0.478733885045889,1,0.966,0.00106072054945132,"3","TUBA1B"
8.00689637921396e-08,0.403033391728932,0.519,0.259,0.00106916087351644,"3","PEA15"
8.33045207975612e-08,0.328028589758666,0.429,0.188,0.00111236526620983,"3","DDX39A"
9.08486963968025e-08,0.415854887468904,0.675,0.408,0.0012131026429865,"3","LONP1"
9.76216041567889e-08,0.293358853043224,0.455,0.204,0.0013035412803056,"3","TARBP2"
1.03064955755284e-07,0.338322198809408,0.442,0.201,0.00137622635420031,"3","WBP1"
1.03941067174065e-07,0.415090332429812,0.909,0.798,0.00138792506997529,"3","TECR"
1.04740995185805e-07,0.428394121202409,0.961,0.936,0.00139860650871605,"3","ZC3H10"
1.06362869157923e-07,0.266107007340677,0.286,0.102,0.00142026339186575,"3","LTC4S"
1.1368978987369e-07,0.281299725571524,0.351,0.139,0.00151809976418339,"3","PLEKHA4"
1.14741142158841e-07,0.25604332399598,0.299,0.108,0.001532138471247,"3","TFEB"
1.17993168546862e-07,0.422694040886529,0.636,0.39,0.00157556277960625,"3","PSMC1"
1.20435035567607e-07,0.299209855755016,0.416,0.181,0.00160816902993426,"3","AXL"
1.22903355768868e-07,0.325982201921919,0.455,0.207,0.0016411285095817,"3","ZNF205"
1.22907473356365e-07,0.269353350111278,0.351,0.138,0.00164118349172755,"3","ITPK1"
1.26146434623902e-07,0.281070125023432,0.364,0.147,0.00168443334153296,"3","PEPD"
1.26235532810118e-07,0.497503435422996,0.545,0.29,0.00168562306961351,"3","ISYNA1"
1.26624970173401e-07,0.276131738445124,0.325,0.125,0.00169082322672542,"3","FAAP20"
1.31371736537499e-07,0.270714952550356,0.312,0.115,0.00175420679798522,"3","ABHD14A"
1.32759355349675e-07,0.444258788188729,0.494,0.254,0.00177273567198422,"3","EMG1"
1.41260320060641e-07,0.299522479588671,0.506,0.24,0.00188624905376973,"3","AARSD1"
1.42921614850682e-07,0.349206826469959,0.455,0.214,0.00190843232310116,"3","TRABD"
1.55813020544484e-07,0.333948200960284,0.325,0.13,0.0020805712633305,"3","ARHGEF1"
1.56552734105956e-07,0.482536814281043,0.805,0.595,0.00209044865851683,"3","PFDN6"
1.63089098193085e-07,0.301687837237686,0.403,0.174,0.00217772872817227,"3","TFIP11"
1.66333116908558e-07,0.365430652009575,0.506,0.25,0.00222104611007997,"3","C13H20orf27"
1.77772410677943e-07,0.254394529484074,1,0.999,0.00237379499978258,"3","ANXA1"
1.8254800483116e-07,0.357714754559819,0.974,0.907,0.00243756350851048,"3","ITM2B"
1.91306434920578e-07,0.477742072490225,0.61,0.342,0.00255451482549448,"3","WARS1"
1.93302389013429e-07,0.306284469921828,0.442,0.203,0.00258116680049631,"3","CREB3"
2.12371362452065e-07,0.391222705112623,0.883,0.837,0.00283579480282243,"3","PPP2R1A"
2.33550776253659e-07,0.260656217470071,1,1,0.00311860351531511,"3","ACTB"
2.4445044451568e-07,0.450707307699161,0.922,0.835,0.00326414678561788,"3","GPI"
2.56070565165035e-07,0.416107747874579,0.519,0.282,0.00341931025664872,"3","DNM2"
2.569245550995e-07,0.28933537049256,0.455,0.21,0.00343071358424362,"3","PER1"
2.61898826461967e-07,0.288676606491641,0.39,0.169,0.00349713502974664,"3","NINJ1"
2.86074715676622e-07,0.378089396405198,0.935,0.802,0.00381995567842993,"3","TAF10"
2.9626255390972e-07,0.255884147624561,0.325,0.127,0.0039559938823565,"3","PPP1R18"
2.96555465178436e-07,0.32565882165128,0.506,0.25,0.00395990512652765,"3","PSME2"
3.02357456310003e-07,0.288028476226793,0.519,0.251,0.00403737911410747,"3","FBXL15"
3.12287044459523e-07,0.268535044692326,0.532,0.259,0.00416996890466801,"3","EIF2B4"
3.15909729850313e-07,0.299462829022309,0.39,0.171,0.00421834262269122,"3","PPM1F"
3.26472840264969e-07,0.331218850288066,0.312,0.123,0.00435939183605813,"3","ZMAT5"
3.32297415827212e-07,0.393807120437165,0.468,0.228,0.00443716739354076,"3","ARFIP2"
3.32878230786927e-07,0.382160415951242,0.519,0.279,0.00444492301569783,"3","LRRC41"
3.35690665704763e-07,0.468950185977452,0.558,0.32,0.0044824774591557,"3","SF3B5"
3.52764220393844e-07,0.453547649442033,0.753,0.498,0.004710460634919,"3","EIF3B"
3.67898829681882e-07,0.494674571186042,0.701,0.471,0.00491255307274217,"3","HSD17B8"
3.74056800803545e-07,0.674116986063212,0.857,0.795,0.00499478046112974,"3","SELENOP"
3.93963156119872e-07,0.308565887513281,0.442,0.207,0.00526059002366865,"3","DRG2"
3.9405005702368e-07,0.337100223613305,0.455,0.22,0.00526175041143719,"3","NUP62"
3.96977615537824e-07,0.294447728848449,0.338,0.139,0.00530084210027656,"3","GRK2"
4.33894103862482e-07,0.343603171960167,0.571,0.304,0.00579378796887572,"3","MFSD5"
4.40826530433104e-07,0.375465763377233,0.403,0.19,0.00588635666087324,"3","NXT1"
4.41905943264986e-07,0.384011444446665,0.766,0.527,0.00590077006041736,"3","PSMB3"
4.49667491213886e-07,0.302054329057487,0.519,0.261,0.00600441001017902,"3","EVA1B"
4.76603228773661e-07,0.289589775752115,0.338,0.141,0.0063640829138147,"3","NDRG2"
4.87683827948183e-07,0.312769976863086,0.532,0.275,0.00651204215459209,"3","CD2BP2"
4.88285524923657e-07,0.46083612101857,0.714,0.468,0.00652007661430559,"3","MAP1LC3A"
5.07908139128698e-07,0.253893695143098,0.351,0.145,0.0067820973817855,"3","ABHD16A"
5.08898062957233e-07,0.354129616285461,0.896,0.686,0.00679531583466793,"3","SLC25A39"
5.20783475623756e-07,0.27117689786907,0.286,0.107,0.00695402175000401,"3","PRSS2"
5.48331320746116e-07,0.271459749800235,0.364,0.156,0.00732186812592289,"3","BOLA1"
5.51995087715821e-07,0.364394259494947,0.442,0.219,0.00737079040626936,"3","ZNF444"
5.58188399739202e-07,0.387797989678859,0.675,0.413,0.00745348970171757,"3","C19H17orf49"
5.63305345755382e-07,0.318936318159863,0.364,0.161,0.00752181628187162,"3","FHL2"
5.80849613116758e-07,0.277809569716843,0.364,0.156,0.00775608488394807,"3","SIRPA"
5.89599086464054e-07,0.278885577371804,0.377,0.165,0.00787291660155451,"3","UNC119"
6.04480659625079e-07,0.302854270880526,0.519,0.266,0.00807163024797368,"3","HECTD3"
6.19154274878615e-07,0.312383858139766,0.571,0.305,0.00826756703245415,"3","CSNK1G2"
6.23175429696517e-07,0.278141673610619,0.338,0.138,0.0083212615127376,"3","KHK"
6.24240275240669e-07,0.375081403433335,0.545,0.298,0.00833548039528865,"3","EHD1"
6.47591128606987e-07,0.315512215401441,0.506,0.255,0.0086472843402891,"3","AGTRAP"
6.52514106631773e-07,0.313369642285321,0.351,0.151,0.00871302086585407,"3","PPAN"
6.73415420080393e-07,0.371329593569092,0.468,0.24,0.00899211610433349,"3","TEX264"
6.76055198110323e-07,0.277630494432291,0.351,0.148,0.00902736506036714,"3","ZFPL1"
7.13787581218056e-07,0.345474305016036,0.532,0.286,0.0095312055720047,"3","CDC42EP1"
7.42114321674326e-07,0.286722957091548,0.325,0.133,0.00990945253731727,"3","CRTAP"
7.79331668717805e-07,0.487428147138009,0.558,0.325,0.0104064157723888,"3","VARS1"
7.8776167944927e-07,0.276560707273094,0.403,0.183,0.0105189817056861,"3","EXOSC6"
8.03188580665793e-07,0.381674250810705,0.532,0.291,0.0107249771176303,"3","ERCC2"
8.03519370973041e-07,0.286161575302727,0.429,0.202,0.010729394160603,"3","ARF5"
8.19122977730968e-07,0.299808716111208,0.312,0.125,0.0109377491216416,"3","XDH"
8.25744007286937e-07,0.316245070779137,1,0.97,0.0110261597293025,"3","JSP.1"
8.73247426611367e-07,0.365902142590428,0.571,0.325,0.0116604728875416,"3","EMC10"
9.08630536093715e-07,0.285390419075385,0.468,0.228,0.0121329435484594,"3","SLC35C2"
9.09830146939604e-07,0.37799237530303,0.442,0.223,0.0121489619520845,"3","TBL3"
9.59284906185914e-07,0.590823381347241,0.701,0.517,0.0128093313523005,"3","POLR2E"
9.81671352273985e-07,0.322998343483098,0.532,0.284,0.0131082575669145,"3","SARS2"
1.01068579685943e-06,0.330569225402911,0.377,0.172,0.0134956874454639,"3","FDX2"
1.01223833317041e-06,0.251791392990678,0.273,0.102,0.0135164184628245,"3","CENPT"
1.01241537609632e-06,0.253180832896407,0.286,0.11,0.0135187825170142,"3","HAGHL"
1.0598469625656e-06,0.306656605458582,0.403,0.188,0.0141521364911385,"3","EEFSEC"
1.06256987337964e-06,0.267662473842719,0.442,0.209,0.0141884955192384,"3","PPP6R1"
1.0929709532536e-06,0.304382665315751,0.325,0.137,0.0145944411387953,"3","COMT"
1.10884136282943e-06,0.695538070699111,0.649,0.431,0.0148063587178614,"3","EGFL7"
1.11318425066961e-06,0.467219866577362,1,0.986,0.0148643492991913,"3","CTSD"
1.13118520535326e-06,0.295517607060991,0.649,0.363,0.015104716047082,"3","ITGB5"
1.14213302512425e-06,0.368656455822839,0.545,0.301,0.0152509022844841,"3","MOB2"
1.23268973844257e-06,0.402589260041354,0.701,0.469,0.0164601060774237,"3","EIF3CL"
1.24339669917704e-06,0.330558334795943,0.455,0.227,0.016603076124111,"3","MRPS11"
1.27017293170852e-06,0.377110797809619,0.455,0.233,0.0169606191571039,"3","LRRN4CL"
1.29671535039317e-06,0.414947092107322,0.532,0.302,0.0173150400738,"3","ATG101"
1.373887941547e-06,0.339523773169367,0.481,0.252,0.0183455256834771,"3","PPP1R35"
1.38197778063058e-06,0.322160784654994,0.455,0.231,0.0184535493047601,"3","CASTOR1"
1.49115063165075e-06,0.251528951875982,0.364,0.157,0.0199113343844325,"3","ADGRE5"
1.60363149896301e-06,0.267037308984088,0.494,0.245,0.0214132914056531,"3","MCM5"
1.62568710438098e-06,0.440759827585965,0.688,0.517,0.0217077999047993,"3","SEC61A1"
1.69284645800556e-06,0.270392510192719,0.403,0.188,0.0226045787537482,"3","ALG12"
1.70304474903416e-06,0.463485307332103,0.727,0.582,0.0227407565338531,"3","MRPL54"
1.91229742142293e-06,0.311643845703629,0.351,0.159,0.0255349074682603,"3","UCP2"
2.04944897719971e-06,0.308803270782003,0.442,0.223,0.0273662921925478,"3","BABAM1"
2.09268108619588e-06,0.326100914659239,0.519,0.286,0.0279435705439736,"3","PKN1"
2.16840874873396e-06,0.340276334914933,0.468,0.241,0.0289547620218446,"3","NCAPH2"
2.22341814175865e-06,0.263726540145911,0.351,0.155,0.0296893024469033,"3","SREBF1"
2.26576221519963e-06,0.484456969311161,0.74,0.585,0.0302547228595606,"3","AK1"
2.35546431884877e-06,0.434425177359215,0.909,0.796,0.0314525150495876,"3","NDUFS6"
2.40683823368842e-06,0.324037524570231,0.468,0.238,0.0321385109344415,"3","PEX11G"
2.42053644156791e-06,0.286063687107803,0.403,0.194,0.0323214231042563,"3","CHMP1A"
2.45248429876008e-06,0.283864387265534,0.377,0.173,0.0327480228413434,"3","PXDN"
2.45419824492139e-06,0.296659969038454,0.506,0.267,0.0327709091644353,"3","DDRGK1"
2.60591246178635e-06,0.275092166154796,0.455,0.228,0.0347967491022332,"3","REEP5"
2.61060182787657e-06,0.33128178274204,0.506,0.273,0.0348593662076359,"3","THAP3"
2.71991085176065e-06,0.269151454122056,0.312,0.13,0.0363189696035599,"3","LIMS2"
2.74907809996414e-06,0.279005362745577,0.338,0.149,0.0367084398688212,"3","MAD2L2"
2.79119842103723e-06,0.293790345506703,0.403,0.19,0.0372708725161102,"3","PLAT"
2.82714211491623e-06,0.252564807926775,0.39,0.18,0.0377508286604764,"3","MCAT"
3.14557804463733e-06,0.302620343698072,0.416,0.206,0.0420029036300423,"3","SCAP"
3.26566987474411e-06,0.360279359562558,0.558,0.316,0.0436064898374581,"3","NOSIP"
3.39782523936981e-06,0.25443831983605,0.26,0.101,0.045371160421305,"3","IFT27"
3.47368022684845e-06,0.351259862272723,0.532,0.301,0.0463840520691074,"3","GSTM3"
3.65701666188404e-06,0.284438017115828,0.429,0.207,0.0488321434861376,"3","PMP22"
3.67031925524044e-06,0.320138689343857,0.468,0.251,0.0490097730152256,"3","COMMD9"
3.73951406625724e-06,0.30010676112317,0.39,0.185,0.0499337313267329,"3","SIPA1"
3.82725797735861e-06,0.340205099509863,0.416,0.211,0.0511053757716696,"3","FAHD2A"
4.04519038656948e-06,0.260421267928415,0.416,0.2,0.0540154272318622,"3","LIG1"
4.30388573821891e-06,0.382770564000467,0.883,0.733,0.0574697862624371,"3","METTL26"
4.32708362599616e-06,0.471003008903523,0.584,0.375,0.0577795476579267,"3","INKA1"
4.4363443072125e-06,0.250063332082837,0.299,0.125,0.0592385055342085,"3","PMM1"
4.43640146663701e-06,0.25896135115357,0.481,0.247,0.0592392687840039,"3","GTF2F1"
4.67831512793157e-06,0.359846979103705,0.481,0.261,0.0624695419032703,"3","PEX16"
4.96192630505748e-06,0.269131471504362,0.416,0.205,0.0662566019514326,"3","TMEM101"
5.01312504546913e-06,0.304300681429514,0.597,0.347,0.0669402587321493,"3","CTSA"
5.46667980283696e-06,0.370565043866864,0.896,0.84,0.0729965754072819,"3","BANF1"
5.51858048038885e-06,0.40514510804194,0.857,0.666,0.0736896051546323,"3","TMED9"
5.63462650522007e-06,0.287055306384844,0.506,0.272,0.0752391677242036,"3","PRPF31"
5.8444686285264e-06,0.330808079619257,0.481,0.266,0.078041189596713,"3","NELFE"
5.93711050775384e-06,0.351407599918165,0.701,0.499,0.079278236610037,"3","PSMD8"
5.94514640802781e-06,0.500782006609118,0.961,0.91,0.0793855399863954,"3","SPARC"
6.08233691273178e-06,0.287583899457411,0.442,0.227,0.0812174447957074,"3","SNRPA"
6.32330659894524e-06,0.28828868919545,0.442,0.23,0.0844351130157157,"3","TRIM47"
6.58237131452266e-06,0.34722228716385,0.597,0.364,0.0878944041628211,"3","FSCN1"
6.72151006887644e-06,0.274673386749566,0.429,0.215,0.0897523239497071,"3","DKK3"
7.09523555785572e-06,0.250383969247472,0.455,0.231,0.0947426804040474,"3","NRP1"
7.31302266322341e-06,0.407691209403994,0.779,0.676,0.0976507916220222,"3","CCT7"
7.50266950802162e-06,0.289826559309642,0.429,0.218,0.100183145940613,"3","EIF4G1"
7.50565393718013e-06,0.304346820624869,0.506,0.28,0.100222997023166,"3","RBM14"
7.5672142930903e-06,0.389084574108033,0.481,0.272,0.101045012455635,"3","NCLN"
8.11721409380888e-06,0.365836624994836,0.909,0.819,0.10838915979463,"3","DDT"
8.11792732113811e-06,0.356165207418297,0.623,0.393,0.108398683519157,"3","CAPN2"
8.20639603171761e-06,0.269654232928715,0.532,0.295,0.109580006211525,"3","SMIM4"
8.25084223985252e-06,0.291943810997084,0.429,0.222,0.110173496428751,"3","HSPBP1"
8.32517998346936e-06,0.406916854622354,0.558,0.355,0.111166128319266,"3","CNDP2"
8.8980979493201e-06,0.38996821932542,0.727,0.533,0.118816301917271,"3","CARHSP1"
8.9746449832504e-06,0.302495463489444,0.519,0.29,0.119838434461343,"3","PHC2"
9.29029942832928e-06,0.401974108719103,0.688,0.491,0.124053368266481,"3","MRPL34"
1.03501047201414e-05,0.352933550024872,0.377,0.191,0.138204948328047,"3","MYG1"
1.03825822917342e-05,0.384515267370544,0.597,0.38,0.138638621341526,"3","AAMP"
1.07122196468769e-05,0.469234987144904,0.727,0.613,0.143040268944747,"3","DGCR6L"
1.09945775505819e-05,0.267035394855429,0.312,0.137,0.14681059403292,"3","CARD19"
1.13517131342494e-05,0.369656545203932,0.688,0.497,0.151579425481632,"3","NPC2"
1.19969416535489e-05,0.394623384547165,0.545,0.333,0.160195161899838,"3","EFTUD2"
1.20077094058147e-05,0.298266981224541,0.468,0.253,0.160338943695843,"3","LCP1"
1.26127028593009e-05,0.287204043408386,0.416,0.215,0.168417421280245,"3","RPS6KA4"
1.31465570326406e-05,0.324029208150673,0.455,0.244,0.17554597605685,"3","TMEM223"
1.33596102663888e-05,0.33887113309934,0.857,0.638,0.17839087588709,"3","DAD1"
1.36850325797889e-05,0.774515965424091,0.74,0.613,0.182736240037921,"3","VWF"
1.41014435758006e-05,0.31265069331247,0.494,0.275,0.188296576067665,"3","KPTN"
1.44176954780563e-05,0.350574587835523,0.649,0.461,0.192519487718485,"3","OTUB1"
1.46836726068094e-05,0.386726478639321,0.442,0.249,0.196071080318725,"3","CREG1"
1.52682131864796e-05,0.284344912079206,0.442,0.235,0.203876450679062,"3","POR"
1.54351323937739e-05,0.329408749175901,0.584,0.362,0.206105322854063,"3","AP1B1"
1.55579586174727e-05,0.252472712975425,0.338,0.158,0.207745421419113,"3","PMF1"
1.59757628173755e-05,0.300503705696012,0.455,0.251,0.213324360900415,"3","TBC1D10A"
1.60753744157111e-05,0.31887439105837,0.494,0.287,0.214654474572991,"3","NSMCE1"
1.67706602200791e-05,0.417342403526218,0.61,0.41,0.223938625918717,"3","MKI67"
1.73258884323002e-05,0.284863214596327,0.351,0.168,0.231352588236504,"3","GNB1L"
1.83374218933158e-05,0.330523519706261,0.455,0.257,0.244859594541446,"3","CSKMT"
1.85484920021947e-05,0.374346341352858,0.649,0.451,0.247678013705306,"3","NELFB"
1.87643023132065e-05,0.297011350028213,0.312,0.145,0.250559728788247,"3","TSTD1"
1.9075894244791e-05,0.321250103616204,0.935,0.91,0.254720415850694,"3","EIF3K"
2.08122285267144e-05,0.358096656517311,0.714,0.546,0.277905687517218,"3","AURKAIP1"
2.08946529932149e-05,0.379560841462793,0.792,0.584,0.279006301418399,"3","PSENEN"
2.16499303578546e-05,0.40774216640099,0.727,0.688,0.289091520068433,"3","TPRG1L"
2.17715379187863e-05,0.355164198894979,0.818,0.634,0.290715345829554,"3","H2AZ1"
2.20552425767595e-05,0.338263285116313,0.571,0.383,0.294503654127469,"3","DCTN1"
2.23791570799618e-05,0.32038713002656,0.532,0.316,0.298828884488729,"3","UBE2C"
2.24271684577172e-05,0.265222914375752,0.429,0.226,0.299469980415897,"3","MTG1"
2.36512541526895e-05,0.260669544337131,1,0.997,0.315815196700863,"3","HSP90AB1"
2.49373928644383e-05,0.299275975364913,1,0.981,0.332989006918844,"3","EIF5A"
2.55388842245807e-05,0.277885901831264,0.364,0.181,0.341020721050826,"3","ING1"
2.56630077939681e-05,0.270818479158049,0.351,0.175,0.342678143072856,"3","EDC4"
2.58532526611556e-05,0.395982345877727,0.597,0.395,0.34521848278441,"3","IDH2"
2.65883653232191e-05,0.263515919452623,0.364,0.181,0.355034442160945,"3","VARS2"
2.88984700090232e-05,0.299164208587212,0.532,0.317,0.385881270030486,"3","B4GALT2"
2.94593140466444e-05,0.389177311324429,0.481,0.285,0.393370220464843,"3","DPP7"
3.00158249795335e-05,0.328677236287115,0.61,0.389,0.400801310951711,"3","PIGQ"
3.10576718865805e-05,0.262991034118821,0.351,0.173,0.41471309270151,"3","FAM110A"
3.12531245983819e-05,0.330556303759366,0.948,0.891,0.417322972762193,"3","TALDO1"
3.12870086133898e-05,0.317182868168897,0.87,0.743,0.417775426014594,"3","COL18A1"
3.32788112422975e-05,0.350096108463201,0.351,0.179,0.444371966518398,"3","FKBP1A"
3.6433830362268e-05,0.311317346845738,0.857,0.819,0.486500936827365,"3","MLF2"
3.77856173679527e-05,0.366034537444406,0.532,0.339,0.504551348714272,"3","AP1S1"
3.811192138097e-05,0.280100385045384,0.584,0.357,0.508908486200093,"3","KPNA2"
3.93768255551927e-05,0.357551803215289,0.675,0.457,0.525798751638489,"3","ACTN4"
4.23250862166183e-05,0.299240516818943,0.351,0.178,0.565166876250504,"3","CCDC61"
4.23935075426548e-05,0.282054101819113,0.377,0.196,0.56608050621707,"3","CIDEA"
4.28338326930359e-05,0.291242583576298,0.805,0.614,0.571960167950109,"3","DSTN"
4.45042942881313e-05,0.333101707409505,0.701,0.509,0.594265841629417,"3","TRIM28"
4.48468518382622e-05,0.250220343025027,0.429,0.228,0.598840012596316,"3","PGP"
4.51195742001958e-05,0.285983754490242,0.325,0.16,0.602481674295214,"3","LOXL1"
4.52129447765369e-05,0.253195060096921,0.571,0.338,0.603728451601097,"3","CUEDC2"
4.56913992301856e-05,0.263834385593803,0.468,0.258,0.610117253920668,"3","UBL7"
4.78467081101363e-05,0.263529608235419,0.519,0.303,0.63889709339465,"3","CENPB"
4.86583681828648e-05,0.312114931205448,0.649,0.442,0.649735190345794,"3","PRR5"
5.21406244041899e-05,0.303707004874338,0.494,0.286,0.696233757669148,"3","GNPTG"
5.55271605090868e-05,0.254193289171979,0.935,0.861,0.741454174277836,"3","CAVIN1"
5.90142421135522e-05,0.314946071188365,0.506,0.309,0.788017174942263,"3","CHCHD5"
5.9394882918783e-05,0.25154264327551,0.403,0.214,0.79309987161451,"3","TMED1"
6.18570789167258e-05,0.301679358751084,1,0.985,0.82597757477504,"3","EIF6"
6.27043544551595e-05,0.330714205600047,0.623,0.415,0.837291245039745,"3","MVB12A"
6.78086259164205e-05,0.352987386664487,0.688,0.48,0.905448581861963,"3","FASTK"
7.08578062043228e-05,0.262961782691099,0.571,0.353,0.946164286246322,"3","SMARCD2"
8.09919342292459e-05,0.329843146251436,0.909,0.781,1,"3","TXN2"
8.38134023199677e-05,0.270842370968711,0.506,0.303,1,"3","TPM4"
8.83639257916981e-05,0.294653717789136,0.597,0.374,1,"3","POP7"
8.8490020719224e-05,0.274562849265882,0.468,0.273,1,"3","NUDCD3"
9.23483200664688e-05,0.315550236899679,0.506,0.316,1,"3","ECE1"
9.52107040967844e-05,0.341116044454863,0.688,0.523,1,"3","ENSBTAG00000007106"
9.55064066664723e-05,0.265953625504473,0.39,0.213,1,"3","STARD5"
9.80923793999588e-05,0.278409067541203,0.494,0.293,1,"3","TSEN34"
0.000100275333102184,0.35370934668246,0.571,0.398,1,"3","MCM7"
0.000107277386362155,0.275078508387101,0.545,0.354,1,"3","MVK"
0.000108675454814495,0.379354221989332,0.662,0.478,1,"3","PLD3"
0.000108789217151825,0.340371842845251,0.688,0.538,1,"3","PMVK"
0.000110913982137688,0.334193855512449,0.909,0.885,1,"3","SMDT1"
0.000113596574434689,0.259884930124963,0.416,0.232,1,"3","MARVELD1"
0.000114221800197201,0.392299841809709,0.636,0.48,1,"3","ERCC1"
0.000115461790547539,0.294872801715965,0.805,0.666,1,"3","MRPL52"
0.000119362198591271,0.255111040569519,0.286,0.139,1,"3","PSAT1"
0.000125423933403738,0.330325403624803,0.519,0.341,1,"3","TRMT61A"
0.000135297338243338,0.264399112036611,0.584,0.371,1,"3","TUBGCP2"
0.000144936366218673,0.27237227041313,0.312,0.159,1,"3","PRORSD1"
0.000148975102995622,0.349886032737909,0.545,0.36,1,"3","GFUS"
0.000150105210599429,0.301153954439878,0.779,0.642,1,"3","MYO1C"
0.000156806570512746,0.279256879662076,0.519,0.326,1,"3","ILK"
0.000173141901415925,0.308473011606557,0.584,0.385,1,"3","ITGB1"
0.000173312386014189,0.273596103406827,0.429,0.249,1,"3","FDPS"
0.000177212143517491,0.296533020483658,0.519,0.33,1,"3","SNF8"
0.000180750956222785,0.268645978954846,0.416,0.242,1,"3","CIAO3"
0.000189329145293106,0.365646335138978,0.494,0.314,1,"3","LSM4"
0.000190267436469879,0.347889519024809,0.714,0.559,1,"3","SLC25A5"
0.000193992855597588,0.341603805601975,0.442,0.27,1,"3","COMTD1"
0.000197008406492253,0.262329029539678,0.377,0.208,1,"3","NUDT1"
0.000202386718077778,0.268120820143459,0.325,0.167,1,"3","LFNG"
0.000204943434132328,0.294528419672758,0.312,0.159,1,"3","GGT5"
0.000210048463029257,0.349584457222292,0.818,0.693,1,"3","HMGA1"
0.000212196509623224,0.285284255031502,0.623,0.4,1,"3","RNPEPL1"
0.000214545523345734,0.279576063191969,0.987,0.893,1,"3","CD151"
0.000224305359436046,0.260380050719778,0.468,0.286,1,"3","CDK4"
0.000224488790247929,0.343396455168098,0.532,0.355,1,"3","TUBA1C"
0.000226579977935556,0.3534921370171,0.494,0.313,1,"3","TGFBR2"
0.000226863374320806,0.265415039244064,0.273,0.133,1,"3","CDH5"
0.000227094007136121,0.260626483195589,0.377,0.212,1,"3","ST14"
0.000231015641697544,0.284660887263987,0.442,0.259,1,"3","ZNF524"
0.000236510443048476,0.273765890239462,0.455,0.274,1,"3","GPAT4"
0.000237437503412213,0.291418732411951,0.364,0.205,1,"3","MIEN1"
0.000251338109501615,0.315282061427313,0.909,0.877,1,"3","RNASE4"
0.000252162071504528,0.29746325137596,0.727,0.52,1,"3","ANXA5"
0.000263076137529888,0.276246765466265,0.766,0.558,1,"3","CALM2"
0.000271284928350679,0.299121435085988,0.688,0.505,1,"3","COPS6"
0.000276300659365144,0.367228279183667,0.532,0.381,1,"3","GET3"
0.000282770817729048,0.288460444995007,0.805,0.696,1,"3","FUOM"
0.000297330886315963,0.258700835921379,1,0.984,1,"3","UQCRC1"
0.000308549639838172,0.283800455770449,0.377,0.222,1,"3","MED29"
0.000328669652749896,0.270318026806921,0.416,0.247,1,"3","NECAP2"
0.000331224547598757,0.315178839023799,0.494,0.326,1,"3","TRAF7"
0.00033891341077172,0.277355677927386,0.442,0.274,1,"3","CCND3"
0.000342832479457508,0.283424322222833,0.416,0.248,1,"3","MDFI"
0.000349805917853162,0.35949077307807,0.558,0.415,1,"3","RBM4"
0.000351416788148321,0.330431100989615,0.506,0.331,1,"3","GAMT"
0.000354781634253414,0.296936046896902,0.545,0.372,1,"3","MVD"
0.00035570992737543,0.287293358417792,0.429,0.261,1,"3","AKT1S1"
0.000365045607497236,0.307727871995141,0.558,0.381,1,"3","POLDIP2"
0.00036897910911687,0.298556202216785,0.506,0.342,1,"3","PRKAR1A"
0.000373599740169248,0.3316889547245,0.831,0.713,1,"3","EIF3G"
0.000376815725726598,0.352000211751492,0.403,0.249,1,"3","HMGB2"
0.000424815260893201,0.266811214361123,0.442,0.273,1,"3","SH3GLB2"
0.000436836564771543,0.332282611808115,0.766,0.648,1,"3","PSMB5"
0.00046405723512743,0.282204568250603,0.688,0.505,1,"3","VPS25"
0.000480659524882659,0.276492653701995,0.494,0.324,1,"3","HK1"
0.000494127432422448,0.272720201209677,0.558,0.38,1,"3","IRF3"
0.000494946511359478,0.34165105038499,0.805,0.725,1,"3","CSTB"
0.000511415923419502,0.255323400288736,0.792,0.584,1,"3","EHD2"
0.000520733824121722,0.341961186818366,0.61,0.442,1,"3","SLC3A2"
0.000531071413272259,0.303525004163162,0.597,0.447,1,"3","SMTN"
0.000670682393617972,0.267801472289772,0.675,0.486,1,"3","PRRC2A"
0.000692609461273694,0.318954031422336,0.857,0.728,1,"3","PDIA3"
0.000708024571667785,0.324015639358524,0.558,0.402,1,"3","NDUFS3"
0.000767358168304475,0.271582833982549,0.753,0.605,1,"3","PRKCSH"
0.000770126271676648,0.304248252316773,0.688,0.517,1,"3","PARK7"
0.000841078556327212,0.252724936610676,0.87,0.806,1,"3","CD99"
0.000890769347748925,0.27597922459374,0.558,0.391,1,"3","COPG1"
0.00101645817471225,0.261383128029051,0.351,0.21,1,"3","SCAMP4"
0.00106930815697723,0.334126797586594,0.623,0.468,1,"3","NDUFA8"
0.00112419787983002,0.282841217011115,0.416,0.264,1,"3","SCYL1"
0.00114496411770028,0.322554232338791,0.649,0.518,1,"3","FKBP8"
0.00116333750753715,0.25575900601535,0.494,0.323,1,"3","RBM42"
0.0011751187621464,0.270735633776023,1,1,1,"3","TPT1"
0.00125488500733488,0.265098246094759,0.87,0.794,1,"3","SERPINB6"
0.0012552641386948,0.255825176664963,0.532,0.366,1,"3","CAP1"
0.00126220018685805,0.272874864057261,0.74,0.645,1,"3","CSPG4"
0.00137672983381743,0.332547198652074,0.571,0.429,1,"3","FBL"
0.0014144519887156,0.262250952216045,0.39,0.245,1,"3","STK16"
0.00153306099648082,0.281368456651173,0.558,0.396,1,"3","DHRS11"
0.00167722523100953,0.305087355852051,0.779,0.737,1,"3","GRN"
0.00174733529918051,0.256756446484734,0.532,0.392,1,"3","NAXE"
0.00177906453739255,0.306506210362082,0.532,0.379,1,"3","MEA1"
0.00179350663083649,0.29496561813429,0.623,0.472,1,"3","BCL2L13"
0.00182321133924479,0.26113447830093,0.714,0.597,1,"3","MRPL11"
0.00209882477533416,0.265388718291618,0.662,0.516,1,"3","ARFRP1"
0.0023057973543111,0.322069071282925,0.675,0.582,1,"3","SAT1"
0.00238658003238685,0.254394529484075,0.286,0.163,1,"3","CALCRL"
0.00239725939363886,0.28081584090997,0.455,0.299,1,"3","FADD"
0.00246656621021667,0.262284460570971,0.675,0.545,1,"3","PAXX"
0.00264136003330943,0.253682848943018,0.636,0.486,1,"3","EIF3I"
0.00278269936753464,0.261843376473026,0.597,0.445,1,"3","MRPL37"
0.00279504257988751,0.267235071961089,0.338,0.213,1,"3","DNAJA1"
0.00347676178320449,0.280773958598856,0.688,0.629,1,"3","HINT2"
0.00413288272311861,0.297093803220065,0.468,0.334,1,"3","MANBAL"
0.00457982841785252,0.294288754130887,0.792,0.717,1,"3","GSTM1"
0.00495650122406576,0.29086741643581,0.442,0.326,1,"3","ENSBTAG00000033806"
0.00496157815595764,0.33382557119016,0.792,0.773,1,"3","PSMD13"
0.00537946748980969,0.295848595313866,0.481,0.358,1,"3","STK25"
0.00565575661875226,0.264356016925311,0.623,0.494,1,"3","NDUFA4"
0.00619142118166908,0.267739036805118,0.468,0.328,1,"3","FASN"
0.00766345919475302,0.307260878443441,0.636,0.554,1,"3","RPL36AL"
