"","an1","an2","an3","an4","an5","an6","an7","an8","an9","an10","an11","an12","an13","an14","an15","an16","an17","an18","an19","negative_regulation_of_hydrogen_peroxide_intrinsic_apoptotic_signaling","negative_regulation_of_hydrogen_peroxide_programmed_cell_death","negative_regulation_of_intrinsic_apoptotic_signaling_pathway_response_hydrogen_peroxide","oxidative_stressinduced_premature_senescence","positive_regulation_hydrogen_peroxide_programmed_cell_death","regulation_of_cellular_response_oxidative_stress","regulation_of_removal_superoxide_radicals","cellular_response_to_hydroperoxide","cellular_response_to_lipid_hydroperoxide","cellular_response_to_oxidative_stress","cellular_response_to_reactive_oxygen_species","cellular_response_to_superoxide","cellular_response_to_hydrogen_peroxide","gen1","gen2","gen3","gen4","gen5","gen6","gen7","gen8","gen9","gen10","gen11","gen12","gen13","gen14","gen15","gen16"
"Abomasum_0",0.179869801217634,0.120977816228036,-0.115348355880956,0.0722942034672638,0.142000695478914,0.0449930048903623,-0.239197975550559,-0.214859869030388,-0.0917358665457604,0.102995183087709,0.632616412352982,0.52404411243543,-0.339171238943983,0.335533225467344,0.271554858459697,-0.214859869030388,0.642561907591143,0.7365967974633,-0.103003640926853,0.147150213423234,-0.143561521225725,-0.0911104866218959,-0.197345258349854,0.0867450001339274,0.0883669776479585,-0.0328037087739559,-0.0351611734223723,0.816028792544376,0.0653408256106168,0.0569233755786343,0.207145667359666,0.0117354917960548,0.288410373293491,0.465927817123799,-0.0755099722675657,-0.286615737704117,0.250556499199501,-0.0616527911686022,-0.110993907041873,-0.0823922075173281,0.52404411243543,0.330636170318683,0.0238445915680551,0.418307160838504,-0.0693611440157801,-0.254292252689362,0.199018454413797,0.125517644625236
"Abomasum_1",0.0490174068947082,0.0884732533884833,-0.107928974165351,-0.03609926075108,0.0123588029432828,0.134664948452473,-0.296784260011935,-0.243309771896732,-0.127511295256408,0.0047473713749017,0.330339472256265,0.185347755673431,-0.342144142488248,0.185547699260891,0.242365728171271,-0.243309771896732,0.293494906157039,0.361064668626071,-0.121483603776591,-0.074510330787982,0.00587453325239614,0.198563728812568,-0.222858297876669,0.493052749962084,0.204357198708441,-0.0644072467923547,0.00383151146704782,0.602665010814496,0.0637160517120911,0.0954110255330377,0.229413833689507,0.0147196403395496,-0.0325133653860327,0.0558414324190307,-0.0552439949612762,-0.259257155651592,-0.095303416337462,-0.035143543458991,-0.144380482532721,-0.0848628260650649,0.185347755673431,0.183161898631518,0.00981074826580845,0.269935845144953,0.0100485201505886,-0.312969615325785,0.0286382756626001,0.121855685411225
"Abomasum_10",-0.0881958728064789,-0.0738732324461106,-0.104985709994518,0.035467016051339,-0.095415944862732,-0.00346816370169296,0.018830432763833,-0.00099320948739257,-0.0929666672720585,-0.0752660857477915,0.0140439987567041,0.0522364725966082,-0.103611249868268,-0.0855639484024796,-0.172527001318191,-0.000993209487392576,0.0221026538545772,0.0320788750679278,-0.0978966014004527,0.0572238414242265,-0.150130133861245,0.407847176349133,-0.0892020206017663,-0.140278013481487,-0.136056969105554,-0.0889538684532773,0.00238466347298562,-0.306181542478188,-0.0218292657642355,-0.0468142363237956,0.581560509282643,0.00409575306728108,0.0942889623555744,0.0220680661347209,-0.0198798347874716,-0.15667917247411,-0.0695905709939925,0.0758480792655067,-0.0337477283611864,0.121561460346255,0.0522364725966082,-0.0610237328126173,0.0157247178880295,0.00177487571513734,0.113565869571928,0.915328449485351,0.0662201301067949,-0.00360939558882429
"Abomasum_11",0.105700588050761,0.438416549781101,0.411951546526848,0.0952696483511296,0.259316910923434,-0.136266292132515,0.0324767138537834,-0.029351141590787,-0.253123725814496,0.310892153933419,0.10323076115906,-0.0369899018739949,0.252478331853623,0.0399303672212653,0.108235976025206,-0.029351141590787,0.0721361873003454,0.0300278002668292,-0.100414629168472,0.208654164679879,0.0365287289738726,-0.0189088510514025,0.614326381023105,-0.112757495967838,-0.0396188599185795,0.29882793181622,-0.105672426893829,-0.117067779960041,0.0251649701973419,0.06065344407698,0.0363736472612603,0.00811408324457969,-0.0868413084485049,-0.0119924000517341,0.0382281499269618,-0.129241931988821,0.0084887025718842,-0.0755780466356872,0.0432240995445694,-0.0570521478997694,-0.036989901873995,-0.0602202530370132,-0.017917750133099,0.00745637936605981,-0.0896507573730337,-0.166623991639104,-0.0523019411232614,-0.0302274452887804
"Abomasum_12",0.287520325971198,-0.0219494659411003,-0.0454798790078008,-0.0800245201908098,0.148910747923742,0.339350987542893,0.0324341156155762,-0.0386511917038051,-0.267880163622466,0.364199347739605,0.687876521115808,1.71120357252229,0.728468975849425,0.577440175886072,0.578409612082263,-0.0386511917038051,0.803595410008653,0.982793553862777,-0.0898570651866985,0.323645470625857,0.0050228890691792,0.142885610578315,-0.0823175611824209,-0.0173067761406593,0.0284500398419477,0.225068232792622,-0.0141515307778842,-0.255671991363306,0.0812167362329706,0.00365141901145071,0.047898744492575,-0.0151242084376504,0.136512970825552,0.603996928663059,-0.0131003588759744,-0.231495277583187,0.202710636679092,-0.0394958780725874,-0.0954957362761109,-0.104150791152265,1.71120357252229,-0.10183085474148,0.128151739457295,0.555170465666227,-0.0257913121989561,-0.201389439174827,-0.00512944150383688,0.0587651857568428
"Abomasum_13",0.0161190106414222,0.218695849152827,0.586384233423111,0.175799561188444,0.135407628375123,-0.111396618122479,0.0292626120357111,-0.0867552802865319,-0.282413684592046,0.190362764657445,0.169221753456169,-0.0757261257978542,0.520361426268968,-0.0983649964838668,0.182326706693445,-0.0867552802865319,0.132796650940959,0.134654415067265,0.0510691146723933,0.157288288771711,-0.126832487376406,-0.210897515194095,-0.12656473241067,-0.0527853296144475,-0.057929180468451,-0.12842877088129,-0.163443626556701,-0.317342520394058,-0.000960744522507453,-0.0234575820825081,0.151690388164445,-0.0139529393831172,0.0318932761313499,0.013896511490678,0.028235268958524,-0.189860382183996,0.0384496053266367,-0.0699299862414647,-0.0323619571477642,-0.0420228178596261,-0.0757261257978542,-0.0824476413051721,-0.00476824571079299,0.0812093646794984,-0.126581723677827,-0.344118566519948,0.0251962393789046,0.106937661479033
"Abomasum_14",-0.0844685281469791,-0.020729365365469,-0.0694006459222584,-0.225542970383842,-0.0597455726833699,-0.0614056440653414,0.139069581774517,-0.119595322357992,-0.41844360850114,-0.0191139822022853,-0.0370647195406783,-0.0909641736330537,-0.362000138346569,-0.133891239801319,-0.093184892195438,-0.119595322357992,-0.0528331761618732,-0.0862565715867334,-0.172299661053889,0.436281276123693,-0.192736887663349,0.305890661961113,-0.169017117263675,0.1996571471185,-0.0557491821424118,-0.11460468598062,-0.0199582403706549,-0.393594420464846,-0.0118652689857938,0.0332142675437402,0.323984313729863,-0.104535686302546,-0.129399110476456,-0.0162601202577915,-0.0453714879637464,-0.175892069841856,-0.0155455617613809,-0.0695929760882583,-0.218646865813191,-0.159914081171275,-0.0909641736330537,0.00701923338072075,-0.093457261471697,0.138956054088259,0.0784898537802304,-0.27037717962167,-0.120262796999996,-0.0799766218055775
"Abomasum_15",-0.144157168687596,0.00404719971085539,-0.00361707561033944,0.0784063930178115,0.268305023674906,-0.141177336773173,0.130473638533945,0.0571007492375856,-0.167958835390433,0.108422272965847,-0.260852970694672,-0.29374381883679,-0.269753055071476,0.0738595719236219,-0.205361193168463,0.0571007492375856,-0.271893038786099,-0.278336907667495,-0.11532104441249,-0.129153940963178,-0.0797983186940838,0.443509215764489,-0.0285975685731598,-0.0163386751732043,0.193301534534061,0.0103610322767325,0.0325252088272253,-0.262238533307687,-0.0903156945527807,-0.0416920320839151,-0.142162067152062,-0.00410601910891826,-0.0397841527985458,-0.0879432296244512,0.026283935751827,-0.127255021100981,-0.00101787649757082,-0.0509347725555032,0.00200962736571848,0.00838561955400749,-0.29374381883679,-0.0807430115080996,-0.0795899238202226,-0.127307867991541,0.316808952197042,1.19756751876288,-0.0235968801217603,-0.0576171298225627
"Abomasum_16",0.0640471968747323,0.34206006523902,0.797682276826238,0.0796107555972072,0.0307558408852897,-0.188200676644805,-0.0176866821904526,-0.0443842673204486,-0.260415610861407,0.0430257874920381,0.0905882641083202,-0.0250618496719486,-0.0686308064418781,-0.0397151651276424,0.178854072026414,-0.0443842673204486,0.0746329003200812,0.0597034408777387,-0.0316487927713881,0.244777042439814,0.215424887128513,-0.0596644852195985,0.0257607115477468,-0.140387321088728,-0.0889739474837695,-0.146751989936941,-0.149630197159358,0.210316867868892,-0.0117694532669688,-0.00961666243530238,0.0864018930937281,0.0848977240078738,-0.0665466818331638,0.0755794158043752,-0.006015469119468,-0.130169841282704,-0.0304666663484431,-0.101300183195149,0.00507708683004759,-0.126921467982731,-0.0250618496719486,-0.157257990911511,-0.0273256560712636,0.0902435642166352,-0.0549360420634246,-0.202396196015182,-0.0774308761689739,-0.0258918583684655
"Abomasum_17",0.103310594081402,-0.0317850459004159,-0.0241293252714937,-0.0233286321727577,0.0239116583817979,0.0647489005691246,0.0404282583502213,0.0703493878263733,-0.0800140181580981,0.0144860086350112,-0.132107079691998,0.520995169845189,0.119723209771305,0.136058783468795,0.101610103520072,0.0703493878263733,0.00494115577431934,0.0173564005941803,-0.071650534309286,-0.0473356352446287,0.0738675876145382,0.0374927040892457,-0.00572842843711623,-0.121381465833809,-0.0207437928296824,-0.0202551641746424,-0.0313630822296853,0.010512576251259,-0.00682874889226785,-0.0272283533104222,-0.115751971109653,0.0269241102885774,0.404095081843449,0.0773165347007873,0.00732322429263184,-0.0456500304530418,0.25050779240798,0.041790020318481,0.183038152752187,0.203668501004138,0.520995169845189,0.495094268409285,0.0380859900185379,-0.112234166559817,0.163223509918746,0.374584374346732,0.291965313358468,0.128580858224839
"Abomasum_18",0.0194552187588437,0.768574683413107,1.04680662432993,0.146374194256469,0.3823024067228,-0.133659165694123,0.0225945242122792,-0.0929117579298403,-0.181218267702849,0.535643596562554,0.136752218545286,-0.00605393320329555,0.463322036136051,-0.0664732125338227,0.0250150496493436,-0.0929117579298403,0.168181409623604,0.108813690198335,0.016673702421281,0.375594294237861,0.254861066453224,0.0226614481850744,1.10415205276503,-0.119337956428339,0.0105201006796357,0.345587585689037,-0.148452381989886,0.0115376678758102,0.12871704263838,0.142114875237602,0.0641405898540987,0.104908874162365,-0.0770633084173057,0.00136757148591502,-0.0227004943666496,-0.231367588099223,-0.0521721318086137,0.180072358993208,0.1063286569317,0.064869837775941,-0.00605393320329556,-0.00503907303948789,0.0446851029995293,0.0941773342510886,0.317929820543022,-0.232681765406072,-0.0734277153174171,-0.0562696754677592
"Abomasum_19",-0.0158846093356587,-0.0181209475471744,0.00775795775601326,0.0146169729881119,0.0312262873639928,-0.0690482415787647,0.137415728607244,0.0684324325025945,-0.28471417273622,-0.000513683529001352,-0.00426085512164529,-0.153976652975889,-0.232435349545129,0.0365335364300669,0.0289783935344456,0.0684324325025945,-0.0676894099261778,-0.031295615575386,-0.123856244490368,-0.0284385200302455,-0.0185106460866972,-0.162217100977445,0.0778652696100857,-0.175673990969768,-0.129637733916642,-0.0757516128970554,-0.0734596065384211,-0.165942503627667,-0.104951319633719,-0.0882247993601174,-0.158813167723789,-0.084792256101404,-0.101104777401696,-0.00092869137766712,0.0271739831905944,-0.195732971437955,0.0140036458003812,-0.0871325325717676,-0.0786981214836622,-0.14767452530405,-0.153976652975889,-0.147497169292442,-0.0457924642006749,-0.072988608047365,0.078314988855537,-0.177771374999531,-0.0358490178265026,-0.0432419748969074
"Abomasum_2",0.0017189052777841,0.0435235782419935,0.00957603995182464,0.00227098294790025,0.0654426864722266,-0.126221143089587,0.147553193008282,0.0690788123537632,-0.323794932179838,0.0476067082685483,0.0968484695097113,-0.069078939661794,-0.184971023821077,0.0660733316754292,0.0856207768273778,0.0690788123537632,0.0166316927923082,0.0355814147992486,-0.141035321190451,0.0894736382957732,-0.0303233438106676,-0.161246922986191,0.0208214629812782,-0.156127884203833,-0.131516228157691,-0.17491207328075,-0.130359263616954,-0.124280879583087,-0.11003336906281,-0.111614979534082,-0.0862570159516082,-0.0859702586174413,-0.0831226013712549,0.012861127852859,0.0285419145647038,-0.205804506991714,0.0347061659280443,-0.109911269912339,-0.1185133986247,-0.163458369914176,-0.0690789396617941,-0.133650518404836,-0.0459871277119967,0.0160645773693552,-0.0267335658523707,-0.139632404689787,-0.0246889494176283,-0.0372725011555364
"Abomasum_20",-0.133460703521559,-0.0838703540384917,-0.0795440211792133,-0.152999320710993,0.219023053999935,-0.163266965421644,-0.0650810907835036,-0.325579746729336,-0.281642007333302,-0.0460930693778618,-0.0363118206753775,-0.0878623127107525,-0.399245290779407,-0.115762448976796,-0.100228428094778,-0.325579746729336,-0.0498657249408572,-0.0284157885145931,-0.108573063372451,0.00397488445940548,-0.0585491399866244,0.109512700206571,-0.197496334861462,0.316881797807926,0.739241315319858,-0.170798098735854,0.0139504273357264,0.393876984624635,-0.0282770417191995,0.0122647206090335,0.15139033073064,-0.0617550188856283,-0.0131946343871722,0.0133384387109559,-0.0581552442989482,-0.17296857687227,-0.0834041505333778,0.102181291892825,-0.140117632064102,-0.003356892913134,-0.0878623127107526,-0.130539525525123,-0.055623674836968,0.166741551106179,0.86585957604984,-0.288299129333153,-0.0233731728817196,0.0124118388551475
"Abomasum_21",0.348268711210987,0.236891975420218,0.139348606915156,0.0865161766887067,0.128197797624844,0.0228373183890916,0.0295770237080428,-0.0295489064939692,-0.119093768779562,0.238846709624544,0.341557093185351,0.641238986289164,-0.0342843577410577,0.162191556508624,0.157981517747874,-0.0295489064939693,0.392347587884581,0.405925829811816,-0.122718181081559,0.45909242046972,0.000458582282353417,-0.177144591833756,0.00757448408887122,-0.0153964165550795,-0.0659698125619974,0.0599182104654897,-0.186930997788236,-0.362379849275386,0.0356045220308152,0.0221000445459623,0.191315046535924,0.00787022527133189,-0.0512839818489036,0.177824154382164,-0.0259404274403107,-0.196378350215976,0.0387373767738819,-0.147431298203142,-0.0878135387334289,-0.0921063720503836,0.641238986289164,-0.138144582457801,-0.0137433568772149,0.100925984126971,-0.0765632979503932,-0.135515377956289,-0.0689608947249593,-0.000589045550122248
"Abomasum_3",-0.0422430533809287,0.00114287289647934,0.00442320396340098,-0.0366882657995305,-0.0478971285259758,-0.10149347302332,0.10889137366248,0.0370131353599187,-0.183062927463062,-0.0328950279834555,-0.065141424564102,-0.134359718678265,-0.264392078042355,0.198975098037807,0.0200614803337474,0.0370131353599187,-0.0868628463218935,-0.0833153857996962,-0.122826109166618,-0.0687483096601419,0.152408532067003,0.223732795020676,0.00357422608256289,-0.0101844638631066,-0.0256595473038294,-0.176046285370218,-0.087213065342437,-0.019584255254868,-0.0909320649507572,-0.06108755780877,-0.102403930714197,-0.0676164079431333,-0.0839199919121752,-0.0414417361372677,0.0269704122873519,-0.149854747751291,0.0109064309999761,-0.0758488718309959,-0.112380577568687,-0.12753351577956,-0.134359718678265,-0.105786472315971,-0.0252256028276116,-0.056481161867185,0.0019773005198399,-0.169564122462836,0.0121118778365813,-0.043832136529279
"Abomasum_4",0.167666464812848,0.05140824216054,-0.19993737460216,0.101505683290304,0.10691129126371,0.281382630810432,-0.27848711112789,-0.249639302981992,-0.170076285966834,0.109104392624607,0.714600230883135,0.461831399686786,-0.327012233225973,0.0128721014564167,0.186537667218283,-0.249639302981992,0.706616897022736,0.78921202557696,-0.114936705458792,0.141308020135878,-0.145499118772592,-0.00805182384296494,-0.23802975798886,0.249582975511504,0.0721542621025167,0.0497378039273066,0.0233593446094665,1.03113158628637,0.0768499583223983,0.0655160136078017,0.440947576414238,0.0468403084000503,0.0301267372418597,0.275520054025651,-0.0993724668836617,-0.335280631866874,-0.0117641216070801,-0.121851295753357,-0.153840651203844,-0.121314377269184,0.461831399686786,0.23982940502438,0.0236096086062437,0.31824773231101,-0.0920713109042546,-0.250454390722561,0.0213100668174921,0.0859385064414505
"Abomasum_5",0.023599814975676,-0.0321696970838993,0.00612523334658836,0.0262688538043305,0.086565517154412,-0.0745760100450336,0.130699449399252,0.0776233746131485,-0.274986562551397,0.0414511550262869,0.166904514512239,0.149057282103481,-0.307259917196569,0.0955192340678441,-0.00554537784811722,0.0776233746131485,0.179183479922812,0.224592788972851,-0.134972575120764,-0.0147634745430761,-0.030476439956806,-0.0995967557660516,0.0457082894252242,-0.190741040938229,-0.124296245711254,-0.1498713011075,-0.100044761952274,0.181809916542592,-0.0992079158530681,-0.112727586651381,-0.151007549759709,-0.096428961993827,-0.0558980050106271,0.160399253909178,0.030019545737954,-0.189507827610738,0.131207168321031,-0.0936776229517859,-0.1225809382882,-0.145395215124156,0.149057282103481,-0.0934900599921731,-0.047385689241709,0.0613229301436585,-0.00987346414556224,-0.115404501650516,-0.00353903243899476,-0.0505145073926812
"Abomasum_6",-0.0779683591115699,-0.0153186414121499,0.0111503540139444,-0.0307850637552902,-0.0983599316097787,-0.0939157947098174,0.125965413748363,0.066683272329852,-0.274285988656362,-0.0821395207488413,-0.178859686145755,-0.247615330493809,-0.368787023772241,0.150479254378275,-0.047926426381469,0.066683272329852,-0.179822753880733,-0.182147277381588,-0.128569973098444,-0.130151849458287,0.0844195880316543,0.048049981376332,0.0312079113835428,0.00159342480867136,-0.0318830917567498,-0.18430170380043,-0.0476310094009309,-0.141335997690689,-0.115121832685028,-0.0919314348528726,-0.155031979058605,-0.0993843364752486,-0.09481908352173,-0.0901696299053879,0.0387292003325322,-0.156226001404159,0.0129260070028986,-0.0511084111565531,-0.140921166446619,-0.156350535514888,-0.247615330493809,-0.0897243577267591,-0.0772455494459806,-0.0925387877742723,0.00634346688275965,-0.134193024953862,-0.0350071048189469,-0.0548381954231979
"Abomasum_7",0.0100668452798543,0.0352210006131739,-0.058067022496027,0.176480276375666,0.0176578992819541,-0.0476277173383119,-0.0605434617678892,-0.0166792256259595,-0.0801459204640329,0.104205645762789,0.229437249873336,-0.107314223667676,-0.139731005044852,-0.0548276139609977,0.198762611650463,-0.0166792256259595,0.240000726008388,0.214010770116462,0.0527240259825063,0.0369274863299682,-0.0936959877625929,-0.153454366784098,-0.109568845531623,-0.208228315056146,-0.116065069317139,0.266505465174958,0.089830865545732,-0.311793287403963,-0.0348694862349193,-0.0221037415091952,0.0420598574795051,-0.0218374353562301,-0.0633142343585181,0.083152957717121,-0.0269969381296571,-0.197893607958762,-0.0994138527469274,-0.0575562435042108,0.132072466920176,-0.0559536400066201,-0.107314223667676,-0.12683091155438,0.0503769920680824,0.0560393076067914,-0.0592852834733492,-0.480943898123489,-0.0276872237857819,-0.0189539260933981
"Abomasum_8",-0.0981952367967771,-0.0914501316201353,0.066876091736597,0.0141871606530603,-0.0831584958130959,-0.170483318157736,0.0441541308430096,0.0236441721468328,-0.0523569596197722,-0.105970864855898,-0.0826706543892265,-0.075285040619701,-0.232085628494045,0.0212848229422609,-0.110491297268099,0.0236441721468328,-0.162838395978318,-0.14858884214103,-0.086709264082492,0.0414159696885529,-0.122493649694823,0.443336743888985,-0.0578711345113307,-0.11273379070265,-0.146598550225238,-0.162315511669722,-0.120441251912871,-0.186477064769262,-0.0690704412464014,-0.0598233596647147,0.127877248377824,-0.0190958473499601,-0.0355688074649611,-0.0133579815216119,-0.000810314900360006,0.0625416297778006,-0.0284891361697997,-0.0321381790116996,-0.0700210110635051,-0.0598320509625172,-0.075285040619701,-0.122268887573272,-0.026414321149456,-0.111919343453684,-0.022265202313534,-0.113220944373729,-0.0470195501338886,-0.0621212589472983
"Abomasum_9",0.0609949093508952,-0.0604915943351386,-0.0126393016222237,0.0481857381833305,-0.0503577757898057,-0.146270861121223,0.136666433161623,0.0845853535815422,-0.215618649188711,0.0370797077505648,0.309740896076013,0.188628880151681,-0.365091399756901,0.0593297442712603,-0.16531598853206,0.0845853535815422,0.285623331320042,0.286188205775688,-0.0925793071927287,-0.0485376895523956,-0.0897501080806754,0.00194720075511447,-0.00792055340917608,-0.231034688328665,-0.113737221575337,-0.166899193522173,-0.0749877243695347,-0.256257245551705,-0.054892126440182,-0.0698760830367291,-0.0203564370482483,-0.123540221296125,-0.0398645497420756,-0.00789039036844727,0.0500012216595562,-0.208767909920513,0.020395454866544,-0.0224466631885094,-0.0670033348422968,-0.0955386480347495,0.188628880151681,-0.0903645486588713,-0.0331580663970897,-0.0949902577661907,-0.0368686867523228,0.26745228434061,-0.0118141590227833,-0.0839058427627368
"Adipose_0",-0.0930082340656995,-0.100720231905992,-0.0335793131222618,0.0429352967206866,0.895576296993553,-0.0469579287798488,0.0687943248982871,0.026832155700489,-0.165199644197165,-0.0994132009698469,-0.0484550714647679,-0.285041323056749,-0.42138578677975,-0.0553268710156246,0.406352420082022,0.026832155700489,0.0145132375405975,-0.00458115864318999,-0.0683421008526011,-0.098820910875806,-0.0689813020876046,-0.128850861984526,0.00251454297329518,0.239175157321356,0.0319063208593419,-0.0603626877645817,0.0685375532558292,1.21201225261718,0.000952939244824801,-0.0529343102550129,-0.0829386284692563,0.0155674252795803,-0.0356409181608622,-0.114094020080643,-0.00391361002991552,-0.274476601513409,-0.0189787432703757,-0.040254350637029,0.101113146210137,0.185292428910283,-0.285041323056749,-0.0615664874355357,-0.0561499752694323,0.00942335189380475,0.166121131486065,-0.130281929002572,-0.000308231288376368,0.0823901721047097
"Adipose_1",-0.0760140727095866,-0.0437491014998816,-0.0117336116616146,0.0750144634529488,0.646985712467374,0.0619365483971181,0.115696530957476,0.0735961572754976,-0.267715324783382,0.00679880066505114,-0.0156522675844061,-0.273312309206317,-0.337480584760967,0.0051541911595893,0.205536511851687,0.0735961572754976,0.0474705459064401,0.0183081712211348,-0.0599581301230928,-0.135212558241157,-0.0369673844274864,-0.170288355786569,0.0266841776039595,0.0564322935896646,-0.0252841999000805,-0.0369617224988409,-0.018216710549166,0.599570902307431,-0.0352317606613529,-0.0796769202528768,-0.0741672514142522,-0.0230097375177761,-0.0633236401949127,-0.104058858424234,0.014081515659126,-0.224672521687713,0.0157439271826149,-0.0603981744225583,0.0572320314412105,0.185702506668601,-0.273312309206317,-0.133884803996126,-0.053002833724028,-0.0341922305444229,0.058036193742305,-0.108004543203268,-0.0258718773542011,0.00765772497261065
"Adipose_10",-0.135287059950042,0.162351225655552,0.681794351978055,-0.0190175127903734,0.0758731152223933,-0.192777443963373,0.137495536517258,0.0282339199305783,-0.179140803520103,-0.0974858741506403,-0.257808920234777,-0.412106290522726,-0.478072519692886,-0.00590294372105142,-0.136214258121969,0.0282339199305783,-0.222865847116693,-0.273913913366466,-0.0533102274643856,0.0446807899778611,-0.0442687989570412,-0.153090969156067,0.0742771228420384,-0.0705354931167836,-0.0584291294739337,0.563129331781716,0.405415120682225,-0.0760364081325897,-0.0660934651135116,-0.018230687748813,-0.0965552307767059,-0.0284426510550426,-0.099501251818764,-0.162062504209933,-0.00526301149636393,0.0385272079964713,-0.0557317994172283,0.0985054732568789,0.101782307206936,-0.0175696117454134,-0.412106290522726,-0.0856519024635173,0.0522990302881035,-0.113373919427221,-0.00816042566884868,-0.137178233985565,-0.057874935958112,-0.0501076880808511
"Adipose_2",-0.0981807982559698,-0.0614673765675269,-0.0355213615675993,0.0647219232914705,0.702960848819378,0.102702631475229,0.0668223320635877,0.0509092777562889,-0.30623805095678,0.00739461129797132,-0.0139915845876059,-0.177273412667476,-0.31550213691782,-0.0523358455071042,0.193137606316549,0.0509092777562889,0.0297633790166669,0.0086394855725412,-0.0687943713408032,-0.0318763987859361,-0.0654877890923963,-0.111688087856104,-0.0204580059728912,0.195919488769879,0.129140724597837,-0.0309747414743494,0.0218945452359233,0.580360805075012,0.01080714384994,-0.0508871756593221,-0.0377462288222397,-0.0236463787908981,-0.0600680500160789,-0.099748444002951,-0.0078847483895206,-0.263922599626869,-0.0129345623280086,-0.0600264838986342,0.0616813802887562,0.215808752668548,-0.177273412667476,-0.136654693984531,-0.0602228732493713,0.0488193364492244,0.0390753273688793,-0.0850543876631815,-0.0262705288625076,0.0211858384687965
"Adipose_3",-0.201877861996779,-0.141157072138391,-0.0991591558898752,0.0133879908582246,0.221148616765329,-0.0681031162361338,0.0876499328078756,0.398917089931042,-0.283844447669714,-0.145580034888876,-0.350416191540769,-0.442438365812595,-0.50218221119065,0.0682351004094598,-0.0646297476018132,0.398917089931042,-0.301169954711867,-0.338684727018532,-0.144769516206236,-0.232379489974319,0.0920183891790683,-0.275026823013499,0.033864886377334,-0.0739508373785793,0.0318892577084573,-0.091324074802457,0.106299667654355,0.21459439735174,-0.110325462138187,-0.126934696537923,-0.218181287615313,-0.108831566135888,-0.135756445250089,-0.130851986576879,-0.0220630770642443,-0.180329630369459,0.0363213770110159,-0.0564980108154927,-0.0183170980054915,0.0110911544286654,-0.442438365812595,-0.0490174840611347,-0.106533284789904,-0.144340938687106,0.00260608171325749,-0.0423329415663566,0.0242864536306469,-0.0322305275299193
"Adipose_4",-0.148179173601094,0.039198152964708,0.326370434336473,0.0316055108752021,0.191792921107282,-0.0698053321731243,0.099511608084266,0.113954914310366,-0.275332977971175,-0.0478692624323467,-0.32988886864284,-0.424875700399314,-0.468111347556537,0.00336329650494863,0.040049437359074,0.113954914310366,-0.305322414126443,-0.354359193152021,-0.120334864795752,-0.199675151482251,0.0953294345230439,-0.0777020743379063,0.125884592405043,-0.000995296591857009,-0.0867037583498192,0.0140799707128134,0.025767688206814,0.0119280005623631,-0.103055106242238,0.00849578097131815,-0.207490271452123,-0.065897732884986,-0.122036887731577,-0.176181308690359,0.0220661289601455,-0.0980103359939759,0.0206536041230292,-0.0595041569331287,0.0132369244367888,0.0237860345945092,-0.424875700399314,-0.0588009613978272,0.00513972484072339,-0.15539389539767,-0.00555409293996003,-0.10587890678608,-0.0168378550511062,0.0313964714936747
"Adipose_5",-0.139172385658403,-0.0511133282272798,0.062426906594792,-0.00705944149285422,0.220685441455721,-0.0564544105651799,0.116113218998493,0.042464372797004,-0.229029667632882,-0.0780407693168979,-0.27544358788333,-0.369525895979494,-0.472217963652245,0.0219375755885793,-0.0107898363956129,0.042464372797004,-0.216112059075713,-0.250755086426258,-0.0819742295462939,-0.176156363235782,-0.0261216309173921,-0.131966861062685,0.0285686932591338,-0.134035336358308,-0.0202808943985933,0.778782039556061,0.614066428358772,0.0708053423686964,-0.10079155907568,-0.0649026238755067,-0.253514983066187,-0.0584306247591533,0.0387087846384524,-0.11595699819972,0.0134580441422556,-0.215546951683463,0.0332236286559217,0.165963446122894,0.171157372333938,0.0350076750520668,-0.369525895979494,-0.129656060572647,0.0385177306205292,-0.0953731615099863,0.00543743084079665,-0.145579805604906,-0.0298071725519491,0.00823906195413641
"Adipose_6",-0.135010955637508,-0.114997014281862,-0.0555900709736899,-0.0538383714080022,0.810712342793075,-0.0409026298994326,-0.0404141743038494,0.0118664079755046,-0.168809038476988,-0.153954741186799,-0.107549065316654,-0.364610427359443,-0.495134522156375,-0.116627336994688,0.225453948035334,0.0118664079755046,-0.0633111857207815,-0.0623205426957729,-0.0898368519270344,-0.154815463376587,-0.029715188843602,-0.192580011586269,-0.0385554463922962,0.357713698146923,0.143357738697341,-0.0801995914871651,0.249798899033048,1.25676249971433,0.00782604606329066,-0.0308929339408716,-0.0103804746885136,-0.0163295108086638,-0.0618765859067424,-0.187129208313139,-0.0227970404788415,-0.359192829141756,-0.0770131256972084,-0.0232926937239614,0.118027324312725,0.222203616460196,-0.364610427359443,-0.000102135818324995,-0.0890051448118337,0.0370538039131068,0.262178083608438,-0.158685754952143,-0.0354175598898082,0.0490739942062229
"Adipose_7",-0.108183417465096,0.28570945271722,-0.00461659048227987,-0.0416952961288524,0.319493731271088,-0.0294983904727782,0.11703653510593,0.120043471903873,-0.057734696897488,-0.0844245276024982,-0.324529338427815,-0.43916670233124,-0.443191528296442,0.0287862923795286,-0.0470297574774261,0.120043471903873,-0.305688063973576,-0.332348770524665,-0.0991814605257496,-0.168261541055449,-0.00933513742466848,-0.21110968557187,0.0833072524731561,-0.0704473194934368,0.0219044155393634,0.508601906128358,0.457479268192559,1.67373109966236,-0.0758786682813576,-0.0371311432120323,-0.0173186741265381,-0.091810537287785,-0.155261063691707,-0.216281816567819,0.0197846149254926,-0.233865057531186,-0.0209139287747901,0.0798722567681812,0.172624039364701,0.0093742162759383,-0.43916670233124,-0.079526830986067,-0.0145669413897958,-0.099658578054676,0.123079889430252,-0.141791090191675,-0.0499904111355326,-0.0100745033781944
"Adipose_8",-0.0810920722810787,-0.0680848876164309,-0.0520957435998743,-0.0179250804430827,0.889295220425415,0.00397617340042355,0.00163827422502142,-0.0693081925039398,-0.308169976565408,-0.150818132042419,-0.0521255424337269,-0.356218642958751,-0.405611606784204,-0.0346916423822142,0.797812562683489,-0.0693081925039398,0.0229737936453607,-0.0263110398145085,-0.128104510284376,-0.120174650643431,-0.0580148275117384,-0.098640861154511,0.21736101286142,0.323226126152374,-0.0141717326350738,-0.143644621189443,0.00639953156013858,1.14849321866626,0.0309155171615814,-0.0749929858945111,0.0659247277156476,0.0401953918960096,0.506635062558245,-0.0796075009480682,-0.00729188857338182,-0.246351372138066,-0.00213454715273596,-0.0431036169762617,0.0396202421808943,0.184631955234105,-0.356218642958751,0.165104743021474,-0.0635773374020325,0.149634101324048,0.261811813442836,-0.273977949556156,0.0594040054729372,0.236846845857502
"Adipose_9",-0.164867314719548,-0.108596942139009,-0.0216701657408754,0.140221014587648,0.205366041777369,-0.0539368041978574,0.317209148652325,0.0358492610547284,-0.305641959135321,-0.121215232803556,-0.313056676341906,-0.355678664727598,-0.184315397994008,0.0165064700225744,-0.110341088676284,0.0358492610547284,-0.284360855009686,-0.329519633147055,-0.102717741278546,-0.214086771658386,0.0282234518817859,-0.210152999474406,0.0427795900226392,-0.117897706528484,-0.0943016012656868,-0.102776290125124,0.0561472323445418,0.222081047174345,-0.0660328155478886,-0.0773266191402844,-0.16886449906574,-0.0227268837367618,-0.0626344439956411,-0.16093891784352,0.000775923387940323,-0.163934757227853,0.00372651318411599,0.00426592263905094,-0.00979837289641552,0.148350278339475,-0.355678664727598,-0.0326953998283759,-0.0132024133020779,-0.210208843614933,0.0788389144465536,0.477861847945162,0.00891822158046649,-0.009580808529964
"Adrenal_0",0.0440853735151926,-0.08654207323307,-0.157954516978567,-0.143537894445648,0.167476006751449,-0.057452165147816,-0.147477003719291,-0.0993867792145559,0.179478220831601,-0.00907587440176181,0.374926861658229,-0.0081889747298717,0.0176983436244659,0.365506590128781,0.866329464918954,-0.0993867792145559,0.372936202175035,0.425219563300222,0.277951795066572,0.207677826836974,-0.220461280080703,0.258107179015568,-0.203943268613199,0.186355061303325,0.11572064329783,-0.210379201984632,0.370196011462766,-0.393044321945985,0.108761989861489,0.0655702005753251,0.0319455202143884,0.0762901228009689,-0.150809035679318,-0.0218363556056178,-0.0309352193366852,0.14576141792689,-0.10506942610009,0.0849989742867392,-0.0494316963212775,-0.246428496057368,-0.0081889747298717,-0.0141255011858812,-0.0686239862084685,0.561844520528189,-0.0142582140891807,-0.477496223392269,-0.0225510730673023,0.139544210331758
"Adrenal_1",0.175219142577007,-0.224153915189596,-0.223137965587219,-0.0645475740340764,0.369790808172453,-0.142974177047617,-0.168919827632343,-0.144944797925431,1.33753091445502,0.223216030426885,0.480109156870036,0.252885105482893,0.868718948141838,0.492433738816955,0.834278503627732,-0.144944797925431,0.528939470234303,0.652579982066453,0.20560011159516,0.298805972427635,0.0661600603580374,0.474822302990526,-0.0239995021928481,0.116715608817471,0.261534432793864,0.0925645012998342,0.0516695095005105,1.25273388458625,0.222732737786764,0.0889477641773822,0.068632141212306,0.108633160767268,0.00214157358127661,0.0879993840891231,-0.0528654777509634,0.326111618757016,-0.00678932333540333,0.162812255705397,0.0749707374720911,-0.229515126736761,0.252885105482893,0.112309377581408,0.00704850253278797,0.276027246714802,-0.0595168510228871,-0.61266483977494,-0.0732903751051358,0.0993685657785576
"Adrenal_10",-0.0559201811255328,-0.0591404225790465,-0.0815116972298509,-0.0622347695722231,-0.0141342308958751,0.0406198771443658,-0.158677822545633,-0.0410700307921366,0.491845872482069,-0.102831890577034,-0.142688716754639,-0.206446594078232,-0.0449774782290862,0.152784182016928,-0.0752369933578941,-0.0410700307921366,-0.157253527841132,-0.163150330047446,0.121242092539542,-0.194964995092635,0.0307941994757637,0.411288799004832,0.125611435590303,0.132579402593866,0.323815711906041,0.403441026881228,0.41306735788109,0.642324299660041,0.057166879969983,0.0913250558295546,-0.134777875552825,0.142564302051039,0.354676292600011,-0.131054898895662,-0.0725521822760409,0.193602503637139,-0.113061488820937,0.189239823563661,0.315782912745658,0.61028493488826,-0.206446594078232,0.888130054925258,0.129078743935345,0.0143612563535243,0.336458750205015,1.390520464568,0.300110882606999,0.177330428139432
"Adrenal_11",-0.0532317133187059,-0.0585505851385932,-0.0926600108622707,0.0677987790075773,-0.00424006416013608,-0.1031757252916,-0.0554730030024387,-0.0572255411227445,-0.00399174262351772,0.0101925453185229,0.0763662251917263,-0.247563193044138,0.135101467821997,-0.0134352363919225,0.080810386921675,-0.0572255411227445,0.0487143881658563,0.0749964122923365,0.127448164384315,-0.0798535260413707,0.18750135298519,0.023613356259673,-0.171049594572011,-0.00991718409279267,-0.0701063068681701,0.139390417619698,-0.0298147262767235,-0.206296654713469,-0.0066463868622935,0.0234691253343295,-0.0681675074580794,0.0360239603648539,-0.0964870251758326,0.0303359354258577,-0.0123168000900531,0.0794750411100442,-0.12934284882001,-0.0619541503155378,0.0956760049008734,-0.0427878327596689,-0.247563193044138,-0.0784002547525698,0.0560595082608625,0.238056442611622,-0.0574334683192499,-0.49841764623691,-0.100377442323495,-0.0438317528216344
"Adrenal_12",0.0640578092424777,-0.0177994646023369,-0.0290075852517036,0.00778470244128344,0.195690732565769,-0.0637395237081216,0.0587503971095945,0.0665025447159846,-0.104351168081578,0.0216538098555303,0.0380546950530652,-0.167760539833023,0.205877786316949,0.156538231407647,0.0336693867092404,0.0665025447159846,0.0128307353589908,0.0200942351995144,0.00971259833355659,-0.0144894241871351,-0.0884736196957677,-0.0152643658388368,0.120340275645112,-0.186890625855508,-0.0221711813403469,0.0526483992237472,0.0295911562932033,1.30849453675646,-0.00656589683600446,-0.0716565750553245,-0.150741290985148,0.000760727950476141,0.281139754109982,-0.00800371090076415,-0.00648562166146118,-0.132996330381605,0.0518693643375596,0.050590766113872,0.0346312467816426,0.442310275185851,-0.167760539833023,0.606101894302137,0.00723265018411892,-0.0969064494551095,0.0896184562572831,0.051878910408292,0.37943307667841,0.117390379495103
"Adrenal_13",0.00712381674774839,0.00808772069304012,0.185036560595617,-0.0894633767912351,0.0334350776809563,-0.097016206192716,-0.110918581084522,-0.0160690923696098,-0.124989048385917,-0.0184308586933572,0.0947332537774713,0.0426762452620762,0.0791909850398122,-0.0581388955937311,0.000672043749914794,-0.0160690923696098,0.0813386295744266,0.088524129978815,0.0316586484052504,0.228341166903782,0.147593365212158,-0.0020941941355367,-0.137912090167498,-0.0546682217255368,-0.0990573233916355,-0.147080729399949,-0.113799177185165,-0.0154021409454154,0.0551803199091836,0.0430436555160261,0.0585769992705964,0.152545758600815,-0.0890120295750173,0.133220353245419,-0.0137807391161007,0.0178903228654261,-0.0774561283117002,-0.0960870256605665,0.00679073987049778,-0.185296914067687,0.0426762452620762,-0.118702948691844,-0.0020740972528615,0.0955152707087159,-0.0729191472826218,-0.225696631655674,-0.0892606231417453,-0.0675269111709352
"Adrenal_14",0.043294626588919,-0.0318274101333383,-0.0269309390368587,-0.0888073676325839,0.0549206361514377,-0.21331852954053,-0.0405650289029389,-0.167604369116957,-0.239220533314347,-0.0478050455379073,0.0199150510897644,-0.366066950854313,-0.234283293815448,-0.00628510567270557,0.198665476079943,-0.167604369116957,-0.119217155413348,-0.0838142031948419,-0.094774640447079,0.0190709189498109,-0.0486016968229692,0.202025251631623,-0.226150877271057,-0.0875439551995916,-0.0233201184332831,-0.108076370131768,-0.0749580972708322,0.84202948292736,0.0923958595540837,-0.0130674569880127,-0.13655963240124,-0.0132388111848252,-0.0566382967384348,0.0318481318866044,0.00541555746214226,0.0778350033010121,0.00381588081990006,-0.0794851216075875,-0.0733587973111544,-0.139476706350453,-0.366066950854313,0.00274073630629523,0.091040004568295,0.0421267702574729,0.143622680490315,-0.266222383152754,-0.00248581975376414,0.0223053115936403
"Adrenal_15",0.00714400650640438,0.140762696031863,0.373866730915899,-0.0702111063923253,0.12516536675366,-0.178552335271719,0.0239674574162611,-0.0608525732764992,-0.124680784564614,0.106617173147313,0.0534240095023152,-0.132873171024036,-0.0926647450759474,0.0366330159219616,0.0317194862032015,-0.0608525732764993,0.0234437304095414,0.0425697759601614,-0.0695812058436399,0.0258964792979798,0.0469261127243478,0.0743884803583341,0.0730202726098796,0.173791319811057,-0.0656684087063014,0.211575662601458,-0.010187723425176,0.22634247397826,0.0360945591660696,0.104423766268468,-0.101112903664027,-0.0317528874130424,-0.102235378736513,-0.0482456279894192,-0.00055286951688055,-0.0424634796353698,-0.0305725602409487,-0.061214947454387,0.0615062397347824,-0.0724015815912356,-0.132873171024036,-0.0776400383271228,0.00544721839932557,0.0479157065520719,-0.080616646963519,-0.248551930890114,-0.0609242670742942,-0.0368054444136911
"Adrenal_16",0.115073832768254,-0.147668077665302,-0.0736067427374495,-0.00694244682567632,0.0415281650865527,0.113147625800103,-0.10799940262575,-0.0347257903826066,1.0740623946362,-0.0160874442771922,-0.0621296903122893,0.890591795145893,0.595778500989482,0.454721053969265,0.362872698462223,-0.0347257903826066,0.0814926971345946,0.0847214006536681,0.171950820647871,-0.0575979284930279,0.341465095931798,0.47077889791363,-0.0604302805325551,0.00788012384386777,0.199248914721859,0.411537209725233,0.286952700829917,0.683143639115122,0.178768916367667,0.0280827758818892,-0.19198238379269,0.252580277622834,0.633029482458817,0.272340346282734,-0.0141741625332695,0.119807268634262,0.38637610541679,0.363086214870266,0.480390988628355,0.408721682841706,0.890591795145893,0.501443846954481,0.122744864672888,-0.0571493079511969,0.48105307562869,1.33604553721138,0.487119846075353,0.519191642971887
"Adrenal_17",0.00334459149423759,-0.00433572716953961,0.0141313593859537,-0.0210889634894271,0.11521246376427,-0.175441858874244,-0.0449338511805377,-0.0735289818484869,-0.0629980247516456,0.0473428294305194,0.00247260076390157,-0.151894928115093,0.140468381653554,-0.0357592705091085,0.20171894033566,-0.0735289818484869,-0.00145425379004814,-0.00763900920896802,0.257638375321315,-0.0098864654614406,-0.0229074260709802,-0.0917188510495465,-0.151389430629428,0.336888426065707,0.0244776833140635,-0.0267885539666987,-0.0416631889729176,-0.244854337541211,-0.00207728224653482,-0.00783400820109082,0.0506766835614384,-0.0622716300615154,-0.0181535426037465,-0.00601135034728585,-0.0148194077688366,0.00570014460560949,-0.0480144734279765,-0.0186574494218074,0.0581401907171658,-0.0574253743111185,-0.151894928115093,-0.0633213235718671,-0.0252918404309688,0.137288483309289,-0.0996086126274016,-0.325901209314646,-0.0153792754263042,0.128167791631929
"Adrenal_18",0.0157354421668528,0.0681116707493451,0.0790394231289594,-0.228151172802089,0.00775090067498539,0.0049437187929176,-0.0337813030689159,-0.128283191686484,-0.241561031389632,-0.0331778318795329,0.101414679028565,-0.0191044994631184,-0.136399830571947,-0.0898514410548037,0.0756632374534419,-0.128283191686484,0.103107253528903,0.0993452492656925,-0.114333915299712,0.234761896796076,-0.218040109313721,0.31333952603245,-0.304888011690925,-0.148270797581471,0.212084178413934,-0.0808355062385964,-0.12972415342429,1.47364537048617,0.101547803147074,-0.00729850322212518,-0.0335037899283068,-0.0350437920173451,-0.0224799000001983,0.0854880428610523,-0.0170027342519572,0.820227930263954,-0.0342603305299257,-0.0528087194988004,-0.118172109903603,-0.242579994968193,-0.0191044994631184,-0.101275901294449,0.0346085196993956,0.156801004584956,0.252851224330293,-0.222946964515374,-0.0657694200487591,-0.0918503246008325
"Adrenal_19",0.133890876453357,-0.0748491113293753,-0.195095117727453,-0.162486958889475,0.270047941178649,-0.130464318924804,-0.207426541484637,-0.11584321002004,0.107952291739046,0.0728170198466948,0.602977793712346,0.11746416641333,0.131237036123048,0.339280963357866,0.860911364034637,-0.11584321002004,0.575331777237954,0.65212987854568,0.201982936801245,0.261422367150947,-0.133016834282967,-0.0244897815928659,-0.223038820083574,0.142986485501014,0.159523974793492,-0.237923533178202,0.291256117466174,-0.181299083539312,0.137494371377128,0.1050488931115,0.071820303271496,0.0744140025325399,-0.145816683455728,-0.0126398848369102,-0.0598973741181484,-0.0629322620502,-0.102700911968809,0.0671744016050321,-0.0745865325454972,-0.248523361398464,0.11746416641333,0.00280404566304585,-0.0464652993180273,0.627457990687316,-0.0879165760298318,-0.49733236851367,-0.027772429915,0.153332378795886
"Adrenal_2",0.0521617814719189,-0.11059816666759,-0.173844906898248,-0.140239353713106,0.211970911476398,-0.0813789525378776,-0.103821741451688,-0.145598653611146,0.569550263720957,0.0185708155247643,0.330033789558061,0.0928161319859113,0.198710433030981,0.845397748805002,0.84460045543011,-0.145598653611146,0.353482395737606,0.434493290970446,0.23085925653035,0.19625107342392,-0.144799667021952,0.577593327946137,-0.190529462508781,0.199291310085171,0.155211013873254,-0.142538462303445,0.210579152871174,-0.349365291502035,0.135941779401752,0.0733935682963238,0.0151288474998191,0.0877041042598224,-0.127455452012938,-0.00456464807530413,-0.0263905420140811,0.289391973607386,-0.0746198397593988,0.104304625218992,0.0153468415967043,-0.257099059869185,0.0928161319859113,0.0371267656402887,-0.0440559187075793,0.357878165203996,-0.0112554401707694,-0.324034705357962,-0.0763264218197549,0.12403383256516
"Adrenal_20",-0.0149553640300388,-0.111783440991785,-0.0720274560650081,-0.106214458002266,0.0345941197763416,-0.0928840050424589,0.0109674124164441,0.00870539088469029,0.321294534290058,-0.00640734284359614,0.0557974134019453,0.275258018149889,-0.000289414043929866,-0.0810358453030865,-0.0813644940979513,0.00870539088469025,0.108635129425819,0.115711019057531,-0.040624282214407,-0.120665505798025,-0.0995076085222101,0.528953921622708,-0.0854441883393378,-0.105519283935785,-0.0421795472915746,-0.036027695538029,-0.0532496013606174,-0.223709862825945,0.0161288271113379,-0.00878476787990653,0.0719591780754684,0.026648260623198,0.0404386688487288,0.0181992153465039,0.00349886603493198,-0.112460546234121,-0.0752810283578347,0.150590883594614,0.0652770798888157,0.0695568624311472,0.275258018149889,0.0310846054917814,0.0339587815054221,0.0158403043105328,0.181041627266189,1.08042436599109,0.0207132267178305,0.00759511379630759
"Adrenal_3",0.0545742262095158,-0.216040536776588,-0.162116052356295,-0.0879051341635902,0.185924324535027,-0.190671143888448,-0.144287023261988,-0.145844486199201,0.747184256943638,0.0865214537113789,0.265098747728303,0.117248449465018,0.524772132446326,0.370132638435001,0.456073119370115,-0.145844486199201,0.284238240513393,0.409274773155751,0.137689748459353,0.0805281482040381,-0.0708958876131007,0.302637256667433,0.233138869789961,0.160890997207461,0.152583934350781,0.162517010021348,0.207750812032441,0.882257555896877,0.187202386689,0.0993080587981653,0.0783553707290496,0.105710891309874,-0.0816806049051849,0.124111609422557,-0.043696724882187,0.317699489686788,-0.102518459795089,0.118692396942582,0.107331343184847,-0.242098102305844,0.117248449465018,0.101398444589102,-0.0293045401781754,0.235340558357806,-0.0448878822293206,-0.648678340180893,-0.118779841894048,-0.0017110259982062
"Adrenal_4",-0.0185676924301742,-0.052260738269696,-0.0702862462941756,0.0121041480199377,0.0213967455385929,-0.157781005354831,-0.127759260567417,-0.0305205853888328,-0.033722057819107,0.0230602164456907,0.166754452885703,-0.0951710607314054,0.080250476114106,-0.0269754831786593,0.17901023272336,-0.0305205853888328,0.170535878994936,0.170842841275613,0.086048367534256,-0.00757550902138128,-0.0326547987677026,0.00397859390874558,-0.157106599618875,-0.0847810477134155,-0.0606882987404199,0.281864902638115,-0.0407367044642479,-0.173347136672529,0.00160088930080733,0.0176211067490359,0.00644095297752648,0.0370265910020997,-0.0554463931713747,0.0831565883852295,-0.0156819649553629,-0.0052810892147304,-0.142980725202318,-0.0743207930333968,0.0997527579287776,-0.03733737651354,-0.0951710607314054,-0.140857383173884,0.100748191235645,0.0761317684765842,-0.0753152583071379,-0.408476707213707,-0.0409737992883994,-0.0266333271993003
"Adrenal_5",-0.136997511893688,-0.137748350665812,-0.0781569570363321,-0.0350361882549163,0.0748287126398042,-0.0153577429354626,-0.0885701218507973,-0.0593229430498695,0.576016606597778,-0.063452819361443,-0.136356312102705,-0.100471825235262,0.695086519409574,0.209290706461165,0.025928832910475,-0.0593229430498695,-0.0969525532613587,-0.154738135919763,0.0829175936329851,-0.123606490375575,0.108875981204639,0.503818687524207,-0.156633090202116,0.030040524992834,-0.0122817197640001,0.163832400355424,0.325387608903473,1.61910228875165,0.146670469319778,0.0197170295118761,-0.175389248086725,0.174175454563438,0.227711334966016,0.0343070884842694,-0.0202160228411221,0.0360703426671791,0.03318744419048,0.239140965811861,0.235951755512151,0.473029651125779,-0.100471825235262,0.281067650489412,0.150244508632012,0.276441907003075,0.533520217984077,1.31709871399821,0.22789093781349,0.202547097341456
"Adrenal_6",0.120713265549604,-0.129840054867987,-0.0179092394133271,-0.088934469839965,0.0795706013872635,0.0431269514045508,0.115005689582229,-0.017950535211133,-0.0311923039846849,-0.0515447968327074,-0.337139384670603,0.588348594822372,-0.0524327830745188,0.254484582774135,0.361360623959478,-0.017950535211133,-0.167394683278995,-0.148757700517966,-0.0564141801949591,-0.205750474769339,0.0258769132800702,-0.121831501957428,-0.0298384872842028,-0.0333835122166816,-0.0560816072514275,-0.0787455086055141,0.0201847687698031,-0.0898371990602255,-0.0486121456313876,-0.0676087122148886,-0.255994069875697,-0.0189423061411512,0.413819274521193,0.155567257907468,0.0426494054916007,-0.0565780916797611,0.45359567805433,0.197836296723246,0.255762791842288,0.168942893246112,0.588348594822372,0.380532713998792,0.00579801735866151,-0.183690307753601,0.202948275581088,1.90739783964762,0.26269407589993,0.0771803545201149
"Adrenal_7",0.10090173883593,-0.0947164795108165,-0.094767780627327,-0.0121102514090282,0.419207440621858,-0.136664301112344,0.0859327812680497,0.0518340098475971,0.0690154869227709,0.146717063607431,0.29418079610028,0.232262357119095,0.529687786877794,0.22369581840505,0.648089898170827,0.0518340098475971,0.333074701357384,0.393812492057526,0.00380932143639463,0.238801236803408,-0.0750949846321364,0.235755922680153,-0.0124405532307942,-0.174508527028145,-0.0554945921252169,-0.118598491842624,-0.00704006968140846,0.454738508031597,0.025939301857846,-0.0176107401768326,-0.0551766998062528,-0.0046742536332024,0.00596948912589197,0.103838811746268,0.0159857052139007,-0.0740381440620643,0.0485122486423325,-0.0173810937923355,-0.0115980433059786,-0.112883708983871,0.232262357119095,-0.108795431166241,-0.0129969223479628,0.127234097391914,-0.0373336461036158,-0.24408921573916,-0.00126189777097912,0.0764201094674826
"Adrenal_8",-0.0913133880352319,-0.163505088035112,-0.069819777948222,-0.0487306714136744,-0.0579837579494497,-0.187012427842243,-0.0604825670814708,-0.0149409660327043,0.3156807491861,-0.11057001316217,-0.0617498038865133,-0.170046438986974,-0.117258393662392,0.0549192108729389,-0.0429709464756611,-0.0149409660327043,-0.133651571205709,-0.105555017939361,-0.00915040688776904,-0.0968519412442961,-0.181298030204952,0.530347090410072,-0.146463248576376,0.0160303589472494,-0.14056890966728,-0.0614944368626565,-0.166543348528935,-0.247363569188089,-0.00127323551538242,-0.0260912287814835,-0.0410607771738759,0.0705862255231557,-0.0348342141248344,-0.0351919883704101,-0.00534104706800776,0.23396770667888,-0.0998176445614379,0.0936090621945816,0.025283333710022,-0.0264366004253978,-0.170046438986974,-0.0351589185392257,0.0563430069360871,-0.0297878542330388,0.0154137368897396,0.209722772731821,-0.0843091331166167,-0.0288645598082108
"Adrenal_9",-0.0987232876597321,-0.0582269361345941,-0.0589648826039748,-0.000269018019031344,-0.0152289515078607,-0.048231663981128,-0.10991546279632,-0.0398662132017165,-0.0521886185196171,-0.0754507855420369,-0.107693247281546,-0.285797853912077,-0.19924322352336,0.0140983097652231,-0.0234339777083846,-0.0398662132017165,-0.0841756938472962,-0.0811540945749344,0.0689932987913461,-0.141126019749636,0.0577416539641701,-0.157307636714762,-0.104657482585915,-0.00991529538192777,-0.0497797085615468,-0.0481711073755033,0.0944324979723016,-0.250888197413617,-0.0398521077315876,-0.0522046816080665,-0.229924905171512,-0.0746416355686308,-0.160444248165087,-0.0641101461582165,-0.00691275195493825,0.0179790982316559,-0.134145206240312,-0.101393411312415,-0.0373481746577904,-0.0593250299495155,-0.285797853912077,-0.0793601241011649,-0.0426645414878913,0.133982525891421,-0.0718005725794192,-0.43076155396955,-0.132771923509658,0.0717761531352592
"Bile_0",-0.325994145424438,-0.100175433013384,-0.214804612136493,-0.0438595637926261,-0.249873027614193,-0.0830123785865075,0.225719068088098,0.466298375142169,-0.286974906782583,-0.276723947831011,-0.674014508330544,-0.669352574079573,-0.75705533313678,-0.130214162317531,-0.486890708348934,0.466298375142169,-0.610516513086919,-0.656094388537839,-0.172380499220346,-0.433521834645229,0.180165002271317,-0.416941028025448,0.0766586785662807,-0.149773079333511,0.00823365215939524,-0.320404517226221,0.0687811826982061,-0.30857156330554,-0.242971592707547,-0.20404362086857,-0.471247659420129,-0.264085293232744,-0.1267103879201,-0.192332371103141,0.0480843082906434,-0.141966929777283,-0.00454331083137906,-0.0970296868024539,-0.21368317534651,-0.198686758362027,-0.669352574079573,-0.05103993353208,-0.203756240630459,-0.305542680902556,0.00756220537291335,0.104976969661216,0.153830930805227,-0.116705734639973
"Bile_1",0.174572616858217,0.99852830127174,-0.151378365014331,-0.389505073339176,-0.10732983864719,0.853861663394033,-0.512323810716778,-0.256122195024778,0.0564973321068875,-0.304346783212054,-0.702365798068204,-0.825583759596367,-0.780949747663572,-0.225603154627807,-0.424393124333824,-0.256122195024778,-0.691244857978256,-0.681319453858471,0.0551948702329967,-0.469103052540088,0.14601886739234,-0.523125986569736,-0.493171459299603,0.403872687786058,0.463773679009489,0.288312798219237,-0.261879401719789,0.482768043557999,-0.0226767391695562,0.0791526605300217,-0.395311288411257,-0.206129777427602,0.256869566798398,-0.506384244045662,0.0690891803717667,0.662772197047938,-0.425154373963599,-0.0988650670045949,0.00785454359622517,0.155645534312296,-0.825583759596367,0.355968736005913,-0.0806672527640953,-0.153198563947985,-0.0847780668430359,-0.288955593362699,-0.181066301948533,-0.0182069139374073
"Bile_10",-0.291360887711298,0.0581252698844427,0.475940425195223,-0.161824923025363,-0.317643927039542,-0.17788487574553,0.0464478404957347,-0.0482633500858203,-0.148023091941491,-0.300561016100569,-0.595731727348356,-0.57218383826382,-0.702691430098074,-0.118223235902309,-0.445532506214449,-0.0482633500858203,-0.569678266390046,-0.608038275324791,0.0145118501135789,-0.444622026031227,0.924978914887581,-0.338760577279914,0.113622306426022,0.30370718063229,-0.00438531712442975,-0.215357109875649,0.290509627397422,-0.35046838716071,-0.118746070434579,-0.0456826828113289,-0.333622800894904,0.044864985509958,-0.277781565237862,-0.286780471980051,-0.0173401237198691,-0.10015341802327,-0.126409138366073,-0.00282835309346093,0.014052758246511,-0.264317889209177,-0.57218383826382,-0.172164673815306,-0.122461230794705,-0.263105146623689,-0.0307257127356888,-0.282465886478374,-0.0816471236143818,-0.0892731244013844
"Bile_11",-0.312393446166338,-0.0319590900863662,-0.102902691926705,-0.0715008164913337,-0.136441787684615,0.0435612413354719,-0.131540346328145,0.238082678646763,-0.0285158360418831,-0.139967132755676,-0.594045940335309,-0.512827878931859,-0.732190375390897,-0.11658580555277,-0.396220045093046,0.238082678646763,-0.571831011282137,-0.586518892829464,-0.0653434402149322,-0.361585731665667,0.236008149410033,-0.305904653438464,0.412187420106824,0.237024302019793,0.179663237184232,-0.0661255409029399,0.254889082130463,-0.287810485569808,-0.073923765040728,-0.062368641653582,-0.340937100824827,-0.0602786578133835,-0.0878925794972115,-0.228777414903331,-0.0996451951448505,-0.0306208640388713,-0.142088084998906,0.107301108560632,0.00937575782936387,0.26258311560267,-0.512827878931859,0.191479930134355,-0.0745708845479009,-0.243702076789448,0.0701213442336495,2.01934579900742,0.0740621907867749,-0.0309249677530328
"Bile_12",-0.309404189853172,-0.0125456116028011,-0.317721190859912,-0.144506701628549,-0.230302456699554,0.0320427588265892,-0.156136940069368,0.130528580989614,-0.241743628554445,-0.337387718333624,-0.671725028009561,-0.63096464071669,-0.709812845074618,-0.0738821698034682,-0.385944230268242,0.130528580989614,-0.609137621727686,-0.652179164159191,-0.0619389441800118,-0.471256928751438,0.0544145873767871,-0.370726515390411,-0.0502470323194248,-0.0885022213363174,0.0924605405782354,-0.275610288231515,0.104152823049224,-0.203883975608245,-0.172639314920541,-0.129347993511115,-0.487093531137602,-0.198241127598992,-0.243175703311402,-0.235917799241001,-0.461929070550736,-0.0981653745516543,-0.0218710843409883,0.22478449859069,-0.245520856169112,-0.164456502170824,-0.63096464071669,-0.128536277193295,-0.190618435239314,-0.374200868861627,0.00101177571875386,-0.191097769084184,-0.0359847707083142,-0.11304210874258
"Bile_13",-0.299983560573405,-0.146540850714049,-0.0825909372162026,-0.126841858119008,-0.276615594783888,0.0403626693131517,-0.241925768335899,-0.101186671312715,-0.232724046590147,-0.284887157968105,-0.627008870347511,-0.730990021451341,-0.705587527591651,-0.0995173369622717,-0.472784799834425,-0.101186671312715,-0.548573107111103,-0.594993537333885,0.0400271879360372,-0.364994583581529,2.28702881433887,-0.449935515481209,0.699599636805159,0.452590751093651,0.00857868700105714,0.0141532636302226,0.34663692501056,-0.268491747479122,-0.0600789845462674,-0.00133096586928,-0.449011927454174,-0.148997461843537,-0.19694895783047,-0.284684601233014,-0.0512397618389769,-0.00530952539197639,-0.214157573743209,-0.0450075030639669,-0.00767051202331331,-0.241616096343491,-0.730990021451341,0.0307228723087643,-0.096589161363363,-0.173922895934199,-0.116315009133938,-0.292939691379292,-0.0983936126537005,-0.162071887954957
"Bile_14",-0.245571021101145,0.024022840385165,-0.0636385840108908,-0.155901204094835,-0.283338930784325,-0.174765865465409,-0.136700931597911,0.089491872497807,-0.351826054863631,-0.277116738489678,-0.682970090252922,-0.724647007598574,-0.663005776136941,-0.084530276492943,-0.395599245512908,0.089491872497807,-0.64008447941712,-0.641536610646746,-0.0997943237996585,-0.483368703588103,-0.000181479202418769,-0.420636555019941,-0.0708857359335425,0.0964288698778992,-0.0262962179267125,-0.241888964718721,0.0810934754991298,-0.20151465139944,-0.0903762375455238,-0.137362265683208,-0.382397900251196,-0.147352947145012,-0.123624557715865,-0.231217133448257,-0.0808916706642363,0.0274052455645975,-0.0262681850053533,-0.0704553264285892,-0.192668820655579,-0.219881743925873,-0.724647007598574,0.0546627788683261,0.0542099983460316,-0.0997423074107474,0.110556144191987,-0.116544647351679,0.244476793568357,0.08566245773499
"Bile_15",0.872754931115626,1.62788996352039,-0.0767103835567956,-0.214652281089926,0.123103995281977,0.215161568000415,-0.291659824116618,0.00138305287114935,-0.162593267264749,0.0952554770854543,-0.327055275787435,-0.522553477962761,-0.515138858648401,-0.183618104864823,0.0909059563943663,0.00138305287114935,-0.276942223355751,-0.303535126668384,0.132899637154597,-0.171308044191646,0.00182016272192888,-0.150008305337641,-0.0889127811965507,0.0420622221121111,0.0131856160741622,0.00218011398061378,-0.211132337511758,0.552870554762983,-0.143264096424129,-0.0702547136021989,-0.393625979590413,-0.133268244954607,0.772607980783976,-0.173266333357171,-0.0430932463702908,0.460188323739194,-0.113604435992377,-0.150101720641205,-0.0350500087458507,0.255503247986599,-0.522553477962761,-0.101649711628996,-0.0844097853379163,-0.18229066144531,-0.0768522813992989,0.048517166655982,-0.0177146390967129,-0.0683977804972633
"Bile_16",-0.314314235429871,-0.0407503255081919,-0.0770802729132307,-0.251309117245258,-0.309314484363995,0.338689013958875,-0.242932390578822,-0.176603511599861,-0.255369954380755,-0.375448062567289,-0.649305916820821,-0.810575218536804,-0.773941644295078,-0.211423023822095,-0.374868763385219,-0.176603511599861,-0.613879325584518,-0.672226645210378,-0.0321948372256609,-0.451594923493751,0.296745547104936,-0.500678820255613,-0.212536044738407,0.786087384578961,0.345083971674939,-0.221345444885211,0.574661982097897,-0.469377050680854,0.00964983020434103,-0.0631750796250103,-0.264108513710997,-0.167044630028258,-0.159269765628607,-0.411054770489721,-0.0191476619393773,-0.144684024385993,-0.109893381301327,0.10955401276099,-0.253203234506647,-0.110882951993363,-0.810575218536804,0.186582271694079,-0.195501425967756,-0.18907558460495,-0.169097229269905,-0.192399457816322,-0.20434771644903,0.122034779857939
"Bile_17",-0.337110452841586,-0.209609460391412,-0.113949286922052,-0.244070725356694,-0.374301706221181,-0.299186549933197,0.258281230867709,1.21124559217024,-0.155141010193877,-0.326109597695961,-0.655560154001771,-0.817397736094216,-0.774900706485149,-0.226925385949258,-0.458002468671647,1.21124559217024,-0.597125427120912,-0.663721499119379,-0.0541041284049085,-0.358351880670201,0.434373725741206,-0.20802469253169,-0.18046147886293,0.489824076595368,0.505300776870108,0.0498865934312204,0.225994074518802,-0.330668849320386,-0.0554637291433916,-0.0293175517592295,-0.0667750719648565,-0.176575146279425,-0.118326841321853,-0.175618098171807,-0.0288439931304817,-0.418997672468804,-0.301316579542378,0.0555257390222442,-0.229448895637537,0.117949895057612,-0.817397736094216,-0.0681418345400785,-0.153059416918756,0.0436079497824269,0.169865371186239,1.95408255815036,-0.105416263296891,-0.0326168444316452
"Bile_18",-0.295193284922025,-0.183568529938637,-0.099905182496247,-0.193518816661658,-0.345447952392621,-0.0103037415950148,-0.135797841329612,-0.0711011574659772,-0.169528876129152,-0.305738363960764,-0.585944061640522,-0.659331136631344,-0.745663096998042,-0.178684486406316,-0.396253679068873,-0.0711011574659772,-0.588413771518567,-0.545920887706427,0.265266207806479,-0.504251213369373,0.134061105341007,-0.280128377663838,-0.180280139894648,0.450666006611282,0.0377717102878867,-0.147274502126479,0.0577470445115706,-0.327683730020465,-0.0771980315055291,-0.149041940350931,-0.190218382225735,-0.187433150117739,-0.0828927726149964,-0.28281491186516,0.0147346240075154,0.00272541094688816,-0.0480173239044487,-0.0217722396167659,-0.101607074151608,-0.27111660168713,-0.659331136631344,0.00244181727473748,-0.169887292811881,-0.154943071369781,-0.158552877604888,-0.214039171541449,-0.0503501796046821,-0.0537061234300222
"Bile_2",-0.299490378720301,-0.0926290183580407,-0.0712006186473431,-0.128656705345744,-0.256078774451226,-0.114766575794325,0.0292968818930886,0.188220998346366,-0.108794775904718,-0.308508702577213,-0.620507266242706,-0.621664192912468,-0.718811625265243,-0.0899406777742764,-0.436559191361415,0.188220998346366,-0.542342170886238,-0.605863925572965,-0.107432200740904,-0.415773876893775,0.0415298437163746,-0.338373317759222,0.0373041265536432,0.12393462689827,0.132631588776234,-0.283653015760969,0.161771511052423,-0.3262104318398,-0.16836772412035,-0.151074151160184,-0.311702891097834,-0.159597899124561,-0.159861459904632,-0.222329032708632,-0.0781839089318514,0.135438374981437,-0.0143010868002894,0.0537117078474238,-0.159247113557133,-0.103786569016983,-0.621664192912468,0.0184033120800567,-0.100934811010184,-0.263758620027812,0.102281962853158,1.12866730602048,0.021230420214822,-0.0494842851042555
"Bile_3",-0.346062118028311,-0.0734591918653068,-0.11432825830606,-0.200454263541185,-0.350207631316457,-0.0227110130590223,-0.144679342124245,-0.106113560135818,-0.173964920017081,-0.398561137475737,-0.685070703230934,-0.809751768792731,-0.796036996910967,-0.205974154673584,-0.4684337175187,-0.106113560135818,-0.622943081684979,-0.682016413781258,-0.0424266263105616,-0.47787536866985,0.435587012982343,-0.415638005541365,-0.191791892518865,0.552565282247328,0.396908937153993,-0.205181375665462,0.425825670683703,-0.333999596777199,-0.0337172998670608,-0.0386686191937408,-0.301608679909392,-0.196066254541743,-0.18983252629474,-0.400483862592401,0.124890362830431,-0.23191609790932,-0.179599418784726,0.0504592833267677,-0.241677188789319,-0.058139157365316,-0.809751768792731,0.141412858086297,-0.171570526811652,-0.125825790186477,-0.020815341058636,-0.194920741080508,-0.110150149169002,0.0364625009363556
"Bile_4",-0.270158248726276,-0.0958290754437952,-0.0969284199543052,-0.18618621994629,-0.246462183855806,-0.0785076734670511,-0.00960771751538361,-0.0173320302859006,-0.228212594619474,-0.24695367025427,-0.61303969569348,-0.636213977897067,-0.715157909625028,-0.136169249257281,-0.446537409388469,-0.0173320302859006,-0.562806356838036,-0.593080425577929,-0.000166524421696339,-0.41111811820383,0.598121053499244,-0.344600842410234,0.77260178944986,0.263171969878664,0.110199003717761,-0.141174651240166,0.297315059867808,-0.303632658355744,-0.0987965867801197,0.0284042356927682,-0.289857740640865,-0.0809913502380922,-0.219764799641366,-0.246396639927893,0.0787517357712707,0.0243855191826645,-0.0721248026102877,0.0286818018223145,0.0420594086610036,-0.167536363531917,-0.636213977897067,-0.0752132137186611,-0.102052142773757,-0.177686737112758,-0.00593669465975462,-0.143148201427709,-0.0184658544752625,-0.0663717794088017
"Bile_5",-0.270365153221938,-0.088469105892291,-0.0936648168413488,-0.0898283310107942,-0.274071497717457,-0.0491568554080406,-0.016605336386897,-0.0568537236865633,-0.138240110692363,-0.281432221678319,-0.61193624501051,-0.64296651790561,-0.699688143704579,-0.103044670459244,-0.378698742773458,-0.0568537236865633,-0.562712820312833,-0.575825234729229,0.202936403531986,-0.437509136043789,0.520358599064865,-0.309912691120447,-0.103137750469226,0.253365378761005,0.125736995975046,-0.0828897276936529,0.202636104481525,-0.363561442202026,-0.125251438970691,-0.0764532878291765,-0.370536846729227,-0.139766865885466,-0.228901002282569,-0.288470586748186,0.018160973209504,0.0663161856897084,-0.143098020184773,-0.0255044142300671,-0.0750250880726644,-0.165090003226194,-0.64296651790561,-0.0205753088253122,-0.107878303276513,-0.114510892137497,-0.0638303185767117,-0.256639937851889,-0.109291090419381,-0.0972590334741088
"Bile_6",-0.264521470368693,-0.0422291522307774,-0.1082815151787,-0.139119149629462,-0.270677602260854,-0.125749220326404,-0.11855843154971,-0.0983191786090902,-0.299602302986639,-0.335129187201747,-0.662851760849144,-0.690899657871066,-0.713695458716618,-0.171299688740359,-0.399234941785504,-0.0983191786090902,-0.609854419619053,-0.653182213501049,0.0842571568700541,-0.366993540686541,0.703852327426973,-0.343389789901599,-0.167759169380594,0.267204619554216,0.0227181415923018,-0.271913365513334,0.0765523421291823,-0.41132301471378,-0.0621091722577468,-0.0478632199140261,-0.338425992469743,-0.00456680502505686,-0.188303388998035,-0.313695058138072,-0.0313504287041334,-0.1441319446178,-0.13133193423675,-0.0307173116334846,-0.161800857703284,-0.214777499535938,-0.690899657871066,-0.10248643508862,-0.135001874594822,-0.174150880283896,-0.0217206106444463,-0.223619069868279,-0.0306973439138508,-0.049538763735903
"Bile_7",-0.212624243168476,-0.0686749201665242,-0.0931620063860195,-0.207176675901158,-0.222490012726728,-0.12781379733993,0.00243711470225065,0.0589394118711874,-0.130750172543953,-0.228257424501385,-0.557348935315889,-0.51082689780342,-0.628546213148413,-0.137720201909055,-0.380608160626273,0.0589394118711874,-0.506783306683185,-0.539421891927911,0.104768637719782,-0.334460475704412,0.331984777260615,-0.242741692066666,0.434031109802465,0.336054918131045,0.0886217689968563,-0.188928113453075,-0.0130238133455739,-0.34293274291886,-0.10440013510107,-0.00907237140742667,-0.269277357106853,-0.133417134049974,-0.223260131728242,-0.276890004531215,-0.0147396834613883,-0.257652293988707,-0.105072373038033,-0.0698121981176959,-0.0970902186612981,-0.214764296331476,-0.51082689780342,0.0198601869508988,-0.098023603994866,-0.179051624370547,-0.0360310568977035,-0.244185519615434,-0.0742980577505652,-0.0742130122304374
"Bile_8",-0.31242557545521,-0.0979510831786647,-0.124057639983907,-0.1524796163162,-0.33573600202919,0.0573101469440225,-0.238174110986463,-0.114377603146242,-0.0350205761725847,-0.354639337023896,-0.66780058971139,-0.664166959036492,-0.774462075972997,-0.22312564503298,-0.404725327066248,-0.114377603146242,-0.604430241571055,-0.614634141877749,0.366276657896766,-0.492079012591966,0.179816642424835,-0.347655208525836,-0.126603137473335,0.340215709722886,0.227016339255993,-0.0114895830732382,0.230717790896843,-0.439143198781403,-0.0858568747540911,-0.114073459903487,-0.359852572154064,-0.127876453793573,-0.198967565286004,-0.333070142495297,-0.0279001538121598,0.200303865467635,-0.204337839371701,0.0156448025560994,-0.130512857129603,-0.221333757837212,-0.664166959036492,-0.00298474687445284,-0.1440214370788,-0.171423710951513,-0.085900860968778,-0.246856584306018,-0.149734369196566,-0.00739419901218575
"Bile_9",0.0730690195923758,0.770162864240435,-0.137379592947139,-0.240661589911533,-0.136272117902533,0.118464013335151,-0.234027320051171,-0.000565513156609634,-0.167315662275415,-0.15992009382548,-0.566600525522786,-0.684909035968931,-0.652611431919799,-0.0811935492222488,-0.342891148137095,-0.000565513156609647,-0.552024592773635,-0.557919991150101,-0.0601847661872599,-0.476271492669462,0.0975761641985112,-0.449044609510602,-0.130061225622738,0.0919530583724933,0.145117307529002,0.00418629716281498,-0.0556799819275563,0.011607760440026,-0.109135204967054,-0.0466032773176578,-0.330064924248207,-0.174253519225455,0.0512157337479289,-0.223734407336317,0.696246011331391,0.0503958669302059,-0.156971687981328,-0.0761238385952803,0.0539794799850571,0.0103842032699278,-0.684909035968932,0.141711974600309,-0.156939253382193,-0.234520168869648,-0.0631555538373708,-0.0357798848626838,-0.065643161462969,-0.0421684570724355
"Bladder_0",-0.242732556301758,-0.125255959579052,-0.0156968446703674,-0.0503057612368858,-0.165885514994126,-0.125565478269758,0.22303015678061,0.406189313716782,-0.247791596357406,-0.197972299413744,-0.517642467953599,-0.479337318660048,-0.591571267736979,0.0193283196860154,-0.292818734313654,0.406189313716782,-0.463720728285375,-0.507936350141252,-0.127243658005559,-0.289386059348678,0.0745462165522863,-0.271207904107736,0.0954355185872052,-0.187563084483243,-0.0585660980968962,-0.215391079611313,0.0308683967608228,-0.253014781793251,-0.181677360422669,-0.176539072397586,-0.316618417971123,-0.173833539200284,-0.164425937644563,-0.187022024851653,0.00474353570441856,-0.177210188024626,0.0231380367938066,-0.063715433714333,-0.165967793263369,-0.167284409951741,-0.479337318660048,-0.0940054837236076,-0.147176449825221,-0.250670421932857,0.0551504571736925,-0.0874247449288136,0.0305116775764751,-0.111592998333486
"Bladder_1",-0.18277247565262,-0.0566305242993957,0.0247109926249957,-0.0230694549572614,-0.106585503710019,-0.104235105092168,0.199720919544282,0.105649035188369,-0.241236399055578,-0.144490820043454,-0.447845255716479,-0.435000740452329,-0.520565223588235,0.0745780110391585,-0.262841005238396,0.105649035188369,-0.397626053939551,-0.44422337359749,-0.0907158889843238,-0.24662159225893,0.0689082562211856,-0.22707300467233,0.213106477557631,-0.078884913680945,-0.101598675384482,-0.169837205621816,0.127503620473937,-0.147762496997992,-0.144441786047099,-0.138918521018395,-0.228319852898763,-0.134625086890442,-0.114790427986728,-0.167026485708785,0.0456037606564507,-0.132500162772928,0.036262674195492,-0.0549687259926695,-0.114062892122238,-0.115984012329652,-0.435000740452329,-0.111191305944262,-0.113553049323256,-0.192392147898445,0.0110475937319036,-0.0870502227415273,-0.0211930294432396,-0.105601029238685
"Bladder_2",-0.194925727684322,-0.0364943627945109,0.0236369075496611,-0.0427398062816349,-0.136182398796308,-0.0579045580649313,0.222346793499877,0.0801645312256172,-0.2676846177786,-0.160187977798371,-0.443758997703045,-0.455461079959705,-0.531943116502834,0.0547717142241662,-0.277872666766449,0.0801645312256172,-0.395668282024174,-0.444096706723954,-0.0734525462177616,-0.253030554612847,0.0892244751165735,-0.228223812645891,0.305942393494496,-0.02620246576754,-0.0668359208076782,-0.157457565876453,0.194166773589774,-0.156677965930001,-0.126860033494681,-0.103254918155293,-0.275243780544962,-0.140284108519018,-0.12524315992577,-0.18207931575377,0.0282165309667869,-0.109793151298842,0.0107716445049419,-0.0794247936295687,-0.102453009226702,-0.11239776364903,-0.455461079959706,-0.132640485810364,-0.10526188723626,-0.186056380015302,-0.00783714318291655,-0.0931925364831889,-0.0218282157327598,-0.0833170803665802
"Bladder_3",-0.197377207823111,-0.0983397688186819,0.0238087539732833,-0.0140226253920294,-0.146311454308927,-0.117591044532935,0.170875254093657,0.0928285916601545,-0.298613138002577,-0.164886418860842,-0.473926100300748,-0.447613321254699,-0.549312108001051,0.0684668972210176,-0.291994578306022,0.0928285916601545,-0.420305241820363,-0.457315501760225,-0.00810630325835906,-0.265685620512779,0.157293994583447,-0.200642094350373,0.10272456636808,-0.0835875666171293,-0.0912921943713693,-0.125435186980694,0.112539712674123,-0.256019031573595,-0.150268299909184,-0.120189749163388,-0.198902686247216,-0.133416518359111,-0.140991476939706,-0.138186952231244,0.0521288834188261,-0.139843174644026,0.00389740721923893,-0.0607837217497315,-0.110387757665432,-0.130552411246304,-0.447613321254699,-0.131192682602805,-0.0969447357920348,-0.244041979616289,0.0323527681134628,-0.0954628791841111,-0.0260495826399036,-0.109008759964029
"Blood_0",0.994609722323633,-0.229232838178157,-0.0448558757583948,-0.0632850567617278,0.451183431427222,0.0325449939672756,-0.183390083200311,0.0704942734866226,0.0475510997431242,0.0551355206328537,-0.247381593675967,3.40209740156158,1.00683280431352,0.0067489270122744,0.356041652642351,0.0704942734866226,0.341610483394771,0.379593372818824,-0.0491075401995512,-0.184732226441712,1.22180304530137,-0.333434262127888,-0.0870407657492808,-0.289805903942235,-0.0899391507871003,-0.176201390088542,-0.139729255392064,1.69673676834415,-0.0136150782546271,0.159338758246652,-0.317312229636115,0.27677762128728,1.03262166808809,0.145089047521113,0.146140539718406,-0.0539911063313686,0.513379536701043,1.1654606083403,0.712016246421347,1.11029279866981,3.40209740156158,0.794846824177315,0.0474478798675599,-0.304751568704661,0.663618569534748,1.29564866590588,0.744564889593594,0.332985271916219
"Blood_1",0.252180330891211,-0.119055438377205,0.0112829541616321,-0.0883396403144074,-0.0899053606457105,-0.00306490323111481,0.0359616989444791,0.109443841229356,-0.194029892627922,-0.102991686871005,-0.3841573483105,0.716168480600472,-0.0506182574889487,0.0846213584951059,0.620896526523339,0.109443841229356,-0.174230747840081,-0.145647339198305,-0.0867279811465979,-0.272922668624219,0.099734644059982,-0.267524770978358,-0.00309627478237792,-0.186896669558651,-0.120988089317718,-0.104697556380283,-0.0695679791104956,-0.171186990708015,-0.081875641224439,-0.11170852670989,-0.246660174206878,0.0117045342053972,1.00194517322186,0.358868506972638,0.0396601541947556,-0.145507935128828,0.803893513962924,0.018654135474916,0.18611054759177,0.254632353863855,0.716168480600472,1.17833630889455,-0.0530803042064987,-0.253161222448627,0.208029404817073,-0.0422469453111942,0.515219112941073,0.161812056285159
"Blood_10",0.188197596281764,-0.0906957450812964,0.000403676355815804,-0.0379447379805795,-0.0699125266192255,-0.202477305476534,0.0841492272809966,0.0582089381714008,-0.0596093585265047,-0.129045556682896,-0.268290035876753,-0.0297847203435114,-0.189350040727452,0.0145799864184609,-0.134433809987295,0.0582089381714008,-0.234324809110474,-0.230480665628248,-0.0555389841423684,-0.0263579844442529,-0.0375201199412432,-0.187407002044904,0.0230877863810145,-0.208644987746486,-0.147953131976986,-0.211488874901422,-0.0810389876768614,-0.198591997762677,-0.109520764213335,-0.082788409825416,-0.179755632153484,-0.0438845587559885,-0.068847158190754,-0.0998348444388001,0.0212082873751215,-0.121835842201175,0.00356410500966337,-0.0165011334798929,-0.0871639553382353,-0.0338065005795936,-0.0297847203435114,-0.122771591376053,-0.0822063363155466,-0.153969181608717,-0.00438578557311891,-0.0515090525486699,0.0245534919245271,-0.0663587563015127
"Blood_11",0.314910528508457,-0.070944402226521,-0.0597250103211611,0.166425400623806,0.316150253826722,0.118191562435832,-0.159708266564751,-0.0513978417207354,-0.0221492878713733,0.146190142124629,0.248832670546664,0.804615892316269,1.40561366727568,-0.0771009026817179,0.298554255149478,-0.0513978417207354,0.422310670242017,0.345041840305404,0.0135175032788366,0.0799876508844241,0.321335730482208,-0.174445032711114,-0.17085276204137,-0.135514725367198,-0.127176797863903,0.0528811256701809,0.287818262127075,2.67399977079594,0.15229539390967,0.0206033614943322,-0.0874989237455222,0.173422693197951,0.731954483092178,0.256244647032082,-0.0570179149306001,-0.153736220897521,0.346338059877022,0.230251826492089,0.328952463829523,0.722638265893197,0.804615892316269,0.455668942128791,0.131895923582524,-0.0658563259464909,0.271800297432568,0.844784778017081,0.604895523678308,0.343412344931487
"Blood_12",0.374916644734582,-0.139723864734089,-0.000647598439991133,-0.106149177235577,-0.0111224714637474,0.195347742305062,-0.00967436392189428,0.0906290987850452,-0.209429392795828,-0.0964132053971159,-0.386378617887457,1.13973183467216,-0.0387496863458371,0.0830441463457527,0.586967279919836,0.0906290987850451,-0.0996010740163964,-0.0744441547003295,-0.113381204050051,-0.339405520126722,0.232463261143436,-0.31426729027828,-0.0160560495683046,-0.17368047360639,-0.136651516552021,-0.122622130005299,-0.0880803780755801,0.0191838038271222,-0.0655585457162185,-0.102416524699355,-0.294336132532946,0.034950498085297,1.08629130149657,0.282351935652991,0.0318690261217039,-0.141200607464078,0.715074430369517,0.154059153388946,0.247368775493983,0.350454861193999,1.13973183467216,1.32931903703923,-0.0153979516962375,-0.280520477260417,0.246690155236602,0.13220906032766,0.580276125827799,0.175449915018149
"Blood_13",0.135279362843997,-0.111572658299172,-0.0635445700908065,-0.0180908024651467,-0.021775059684354,-0.238620115582175,-0.101963649004589,-0.0257155065362241,0.207355888045062,-0.0383924280167655,0.125326836839177,0.342457767737159,0.193188168808328,-0.0529764509405824,-0.0604053592484012,-0.0257155065362241,0.167773039657084,0.170771352231747,0.0666068330732743,0.0137159427388904,-0.172626155587725,-0.223022103383143,-0.0875112939444102,-0.12931478227554,-0.200511096734384,-0.302514148732716,-0.155743728054534,-0.0261621117327771,-0.0578118940201804,-0.0566282691821718,0.220069755393353,0.0108069103761786,-0.005577701945012,-0.0254633922197685,-0.0319197865828089,0.0111352520270603,-0.0940915783471917,0.00887159348315781,-0.0573985731734497,0.114872694878046,0.342457767737159,-0.168237739244584,0.00168743767308111,-0.103883486747487,-0.0921149350073266,-0.0542810723556967,0.00135682960486535,-0.0481649743407575
"Blood_14",0.149645255292957,-0.145219671256358,-0.054717796468672,0.0915331057245553,0.00673024178769956,-0.219572089338057,-0.0770809813882982,-0.00328121569449151,0.23434599861025,-0.0609853678757116,-0.00349509463992282,0.154072395770767,0.188002366799968,-0.0921833601358568,-0.0974403274089961,-0.00328121569449151,0.0730401145929875,0.0603918478765023,0.0128060091924285,-0.0630368774301715,-0.113822291678563,-0.2173421119846,-0.0705931753149659,-0.0723396713632929,-0.203503131328464,-0.273412484471393,-0.143629470626963,-0.105461730688061,-0.0577439322283272,-0.0648583683129169,0.323089415365737,0.0062642276471372,-0.0296570422562717,-0.042802748567976,-0.0370586829682607,-0.0310988420096228,-0.110200779554328,0.0234273588057879,-0.0512575671448033,0.205125757772303,0.154072395770767,-0.14655306344834,-0.0112969181463907,-0.135510908350927,-0.0196457123380925,0.46124076401348,0.0126023356340158,-0.0402824740057081
"Blood_15",0.449533744127137,-0.174767440593274,-0.0126907940808189,0.0365990686774331,0.155571040749347,0.900504161780239,-0.00431528980233272,0.0830211537731078,-0.163511498050727,-0.0254197228338127,-0.352487068497454,0.617978380364466,1.00984865016487,0.447652561917592,0.0197714368102491,0.0830211537731079,-0.139263807985973,-0.157858683755893,-0.0974746052195324,-0.250593949775303,0.617611637709445,-0.311485030181743,0.0453158099803642,-0.204944882867179,-0.118287677060739,-0.0350232242908804,-0.0683831166519721,0.904608151476084,-0.0778313177154412,-0.0569631207686903,-0.09247423881314,0.0155785911485578,0.470683430746771,-0.00374663130167058,-0.00630731433111287,-0.0244389253903829,0.194608638446148,0.153819913105147,0.0817529340047823,0.305671189348291,0.617978380364466,0.313403389624586,-0.0401425978364618,-0.277492787653813,0.02918820738274,0.036324592890539,0.291576075068995,0.0890560003541116
"Blood_16",0.396744406288901,0.000294702137681568,-0.00496192730579542,-0.164237683155865,-0.0231012970525312,0.542912425460224,0.0553572000664687,0.111573129636683,-0.341247247579662,0.00366103090043572,-0.210414622974011,1.00956297523657,0.349018824922406,0.449295186885432,0.449416973944013,0.111573129636683,0.0726186638139902,0.0921981769638004,-0.120943279618728,-0.233690365942039,0.0501771717459843,-0.225019151575469,0.0120479733278705,-0.211152130955992,-0.113528208225136,-0.17592171929897,-0.134453088609207,-0.19341147627623,-0.0525662937124834,-0.0876760170624429,-0.23351294836711,-0.00990442121540793,0.615806285064721,0.30933283758886,0.0390010619321545,-0.16201700182433,0.535428229530815,0.0659651459970701,0.10947996722463,0.113800600810573,1.00956297523657,0.662102923382126,0.018267587808757,0.0424549535928505,0.158345685167675,-0.150745787881062,0.326032388316346,0.0709990822710997
"Blood_17",0.438574808224174,0.202967639230457,0.0196720351915657,-0.111650997171054,0.151443085838462,0.0135654629539086,0.042055161672488,0.0889367513600866,-0.249593685230344,0.0574946523381287,0.191597057545383,-0.0281018600783006,-0.252410019733817,-0.00555517204109229,0.321226585765085,0.0889367513600866,0.145021536650119,0.168632954904687,-0.0899793915916443,-0.125293572554207,-0.0066432431894707,0.069705737100923,-0.0261513538303255,-0.188866867273578,-0.126670051970603,-0.000442716106665034,-0.00937328992789753,1.21028287055594,-0.0534182716775377,-0.08257985300722,-0.163033219362292,0.0083689567890515,0.410686494525988,0.17935492196071,0.0369625357230045,-0.24296412868595,0.279853944253164,-0.0480445050505138,0.0568248793309859,0.0318651472044461,-0.0281018600783006,0.388115180149456,-0.0174892094267054,-0.126256687465186,-0.0227614033460771,-0.000521848576766606,0.161569412879474,0.000878767588476902
"Blood_2",0.771780964585049,-0.118719595625514,-0.0919995550015482,0.212059171287236,0.421980378746055,0.46908283285989,-0.13663461041949,-0.00605884909611813,-0.0091265594793432,0.185428009531547,0.159135908192036,1.7220202776828,1.55524016599067,0.0407678106526502,0.20036615820284,-0.00605884909611813,0.527599776776627,0.483385908561527,0.0301987145178721,0.106672755250775,0.660736286334009,-0.15437233078967,-0.149282485775214,-0.185845842649605,-0.0988219857022808,0.013605837169975,-0.0275822259561718,2.83180431569964,0.114232170975992,0.0605037076635266,-0.109795151601415,0.14192837527225,0.813332481032139,0.135486653984162,0.00176629112392848,-0.129663721474423,0.281731368362189,0.210424259358421,0.268828741975649,0.584330758316661,1.7220202776828,0.54796280819349,0.0962365026220754,-0.175193870637186,0.210151653401965,0.759411950470943,0.643218836951216,0.359293459798494
"Blood_3",0.109095954446321,0.372667105392801,-0.070325981702811,0.0408901992796055,0.0564101583147109,-0.149380961087663,-0.0908801755086417,0.00262910030110628,0.0464991548266829,0.0797398359848731,0.262637276636623,0.121679872529076,0.369027258339121,-0.0593671088694777,-0.116149809386603,0.00262910030110627,0.314789496744803,0.296748614565507,-0.0349214524854529,0.138406316369733,-0.17282915719761,-0.111934949247771,-0.0943453362207499,-0.160283679168803,-0.165449704924026,-0.220319289913527,-0.00411161753941277,-0.238079096101794,-0.00372503947961366,-0.0456889804945836,0.516675281711483,0.0287197811471771,0.333342849264739,0.0835350165627497,0.0299282766090307,-0.278672464759442,-0.085886282613204,0.204185422102435,0.00379987574628849,0.346692518219546,0.121679872529076,-0.0264240170802092,0.0385073111747206,0.106275308239775,-0.012830906461352,0.90594566685121,0.276586556728633,0.0708478427108477
"Blood_4",0.185886988957211,-0.117829564454061,-0.0651715973385397,-0.0627143193165554,-0.0185975507791176,-0.246719291283173,-0.0845781733245722,-0.0134457732074157,-0.0185642389485387,-0.0238509507760447,0.215937288680289,0.306873050576339,0.0764577624551187,-0.0209610684267406,0.0602281645842532,-0.0134457732074157,0.203346969632328,0.2323176972027,-0.0161248274771464,0.0880749420569928,-0.157446761025874,-0.211490397982895,-0.0879526417854275,-0.136384526852145,-0.186509026034123,-0.29119885772102,-0.136895882417958,-0.0581209797249522,-0.0549045872002575,-0.0844178188332016,0.239348969920193,-8.34400590246927e-05,0.0427133279792785,0.01826854688438,-0.0266333479724748,-0.030940924122759,-0.0715752325041409,0.00885961093352417,-0.0807867691189966,0.127484535045518,0.306873050576339,-0.173805022442165,-0.000546508016686876,-0.0756047341136455,-0.0625262627080028,-0.127555295589419,0.045374304847913,-0.0249713676019553
"Blood_5",0.166052135353493,-0.137666489115295,-0.0412476910256197,-0.0773457091260953,-0.0719079782148664,-0.236182281437982,-0.0486168369860227,0.0147780742411891,-0.0155576710809805,-0.0532579211804901,0.158682928747183,0.126233072667428,-0.0726030998288515,-0.0153261102587789,0.0368904156256306,0.0147780742411891,0.0687500661144017,0.103731192979373,-0.0584779988028881,0.0848082004302655,-0.123747606560971,-0.246103472406397,-0.0603852403854224,-0.131637968159419,-0.205680958651704,-0.27821022867023,-0.114100639502579,-0.173568552922053,-0.0636261576492894,-0.0849775168943216,0.117205809305728,-0.0171360816969467,-0.021442285639676,-0.00168044703158017,-0.00541207541653456,-0.0430819781981872,-0.0497698251656979,-0.0450575097553867,-0.0943516829014306,0.0251826889866773,0.126233072667428,-0.179080956580838,-0.0542633241749145,-0.11150235773869,-0.0573517168064878,-0.0933827764844801,0.0317707479457814,-0.0580113218085267
"Blood_6",0.438228110521213,-0.148446380571223,0.00468009064564319,-0.097073329226509,0.0606560340927829,0.256454846885865,-0.0370791917965753,0.104520626481137,-0.145470145390492,-0.0713416420258318,-0.385030841401654,1.5797120890172,0.103059556623809,0.0597442757133506,0.550428712845293,0.104520626481137,-0.0316538491675908,0.0136074685356952,-0.063340798225013,-0.299095130670505,0.267793275379685,-0.27277542749685,-0.0217260582773992,-0.190635902035269,-0.112081898499554,-0.125503362606947,-0.0531649651475714,0.0196977343071474,-0.0661280753982437,-0.0670531019137978,-0.263147543299765,0.0483031191935887,1.19085745496522,0.312078144931409,0.0379734879629908,-0.14498217923292,0.742339889088948,0.192506741002701,0.264148480018287,0.415295001475529,1.5797120890172,1.45168072923843,0.0001857131460442,-0.26789487819317,0.343882591013471,0.201054517237506,0.650321833071723,0.200195165519662
"Blood_7",0.142968733755719,-0.149921425075578,-0.0401759261609398,-0.045170689447063,-0.0315900462650383,-0.23144897016805,-0.0112597358999069,0.0314857231662049,0.31300768686217,-0.0823949245387789,-0.111230330484518,-0.0421826763292371,0.23204101770596,-0.0538919093559565,-0.0766411327966598,0.0314857231662049,-0.0881505327269721,-0.0979540587268061,0.0461799154954857,0.00168688542764286,-0.147087183262812,-0.23844020680573,-0.0502942864776587,-0.144113332658855,-0.183942486455387,-0.235007985265204,-0.121906988889728,-0.164570995776717,-0.0833369293620867,-0.078489129556228,0.0836295692183707,0.0169104927474277,0.0169579836362468,-0.0245748990124271,-0.0136783290136955,-0.0520256518956425,-0.0502743126363679,0.00852293848305983,-0.0517333758207376,0.0929799093061377,-0.0421826763292371,-0.156063355417945,-0.0351174269404514,-0.149559028936817,-0.0404363108812147,-0.0786465474190614,0.0122515353928787,-0.0451828272655825
"Blood_8",0.670102291934877,-0.101987238457258,-0.158734373853785,0.35168220135385,0.287156349307282,0.13491048359936,-0.111628904526914,-0.0246315434033053,0.144183317739526,0.201919660432227,0.517556822981785,1.48747027286662,0.945401900668174,-0.137065853960524,0.0710460796024042,-0.0246315434033053,0.70682347107418,0.7157923673868,0.0387362128758991,0.187176983115899,0.19198258757404,-0.112332453733027,-0.133861558891417,-0.243929245201821,-0.156982625371143,-0.00568863958521063,-0.117606375860657,1.99358325073422,0.0556110666864952,0.0541303190837871,0.233092438707395,0.0934878433913868,0.43229588314564,0.200126161011762,0.137922883674386,-0.0896351885345876,0.0419563878279034,0.242767111654001,0.158683357485779,0.387788377594791,1.48747027286662,0.146465717637836,0.0662024879845172,-0.0877627891842302,0.106207834556156,0.79017994456347,0.321022960311701,0.149244962902778
"Blood_9",0.161661848341771,-0.0218366641673577,0.136200206720202,-0.0190584157729016,0.0486939895278746,-0.247689023677489,-0.055547097569271,-0.0462253223583489,-0.135429987689456,-0.0358627584109113,0.183566654254801,0.130067299663962,-0.00264089671856352,-0.0416755524497079,-0.0740433346930978,-0.0462253223583489,0.116925573059189,0.138649825753118,-0.0444728188554114,0.195369656777182,-0.130262892731311,-0.244862233642384,-0.0655640311204896,-0.203882003604815,-0.194414363691745,-0.275177867073726,-0.131954998534753,-0.116212312659156,-0.0555226418461706,-0.0739746528574734,0.173824297827582,0.0125218471320731,-0.00126676270131393,0.0422848329475758,-0.0219416099880486,-0.113750257748627,-0.0491434915405122,0.01767915951702,-0.071174972016083,0.147955796127162,0.130067299663962,-0.158731427544699,-0.019002678199328,-0.062598276957778,-0.0734236992261692,-0.0464188897565169,0.0342885806160178,-0.0754883737576652
"Bloodvessel_0",0.00957937643365083,0.297623485766868,-0.0246562755332291,0.0692949251200812,0.18622651876103,-0.156205132912266,0.144234875251173,0.0716031145095111,-0.221747965810585,0.203167982198229,-0.0435395147348998,-0.218134363488005,-0.157553260147105,0.0163625440487573,0.197207322678128,0.0716031145095111,-0.0995836162578337,-0.142363762629327,-0.124646548154484,-0.0416053884086085,0.0118985724463069,-0.0909234785532244,0.028704169146533,-0.133827227328201,-0.12248318472534,0.114202982528211,-0.0744570211615981,-0.102099775610765,-0.0517997636159939,0.055051353225192,-0.0011624265816998,-0.0224232553196882,-0.0990284948129288,-0.0881233877890497,0.0251572577616908,-0.0682993726367082,0.0697738467815368,-0.0611301151296998,-0.00987542332736908,-0.0271672475713839,-0.218134363488005,-0.101608538018192,0.00480961109477469,-0.134579423959363,-0.0497434633703413,-0.088617993863816,-0.0369736857561277,-0.0158487464070521
"Bloodvessel_1",0.157503267314395,0.593191652001108,-0.0851273139630682,0.13544103696073,0.368079703668573,-0.179569142343702,0.0648409775371807,0.0171824059795643,-0.136367828892748,0.480325195076307,0.300195473947873,-0.0250804792826004,0.145137708451104,-0.0455278981948452,0.499710054397318,0.0171824059795643,0.167416252510121,0.135083855282055,-0.134598886985629,0.204776994292536,-0.0499042343559952,0.0854152262777763,-0.0482834021233316,-0.0953853248314478,-0.117802275736147,0.343344487259491,-0.129024500447294,-0.0668409312619628,0.00628739832804581,0.106534514201412,0.0746387809709438,0.0444430577646912,-0.0492271909044349,0.0196364858094058,0.00394301153147692,-0.0604362540323302,0.0913227283774774,-0.0679237445726953,0.0901122973778545,0.0110869006482048,-0.0250804792826005,-0.117523406462465,0.062394724768279,-0.0384984932948954,-0.0914515951387797,-0.136174586052899,-0.019328375837479,0.0557252691244053
"Bloodvessel_10",0.123288717068841,-0.152841787094523,-0.0309181449116743,0.211280289774991,-0.0157243013042277,-0.182133536338271,0.0699017864224847,0.0240660598217297,0.139408810092892,0.121605687113945,0.554489238743827,0.40840131165257,0.0101405899734724,-0.0598560359687594,-0.0677902971213941,0.0240660598217297,0.508983172653569,0.501486978033639,0.00525604240422727,0.144129978180217,-0.144732164980425,0.370108631808453,-0.0206349869998149,-0.240249052996342,-0.129461561317004,-0.121549241008811,-0.101111302474278,-0.370032525440991,0.0297307703718773,-0.00935656309752115,0.360900400048216,-0.0353986093902208,0.038849234713109,0.127917467364766,-0.0132107798874297,-0.19661853161682,-0.0170204925823289,0.0067250289711808,0.00237755744410911,-0.0367714998064364,0.40840131165257,-0.141882951424338,-0.000852693732989814,0.0272841874942551,-0.0755362212864337,0.528209763231883,0.0349644067313914,-0.0502055042884821
"Bloodvessel_11",0.0156748344040901,-0.0895729979404533,-0.0599586871081799,0.220895116418796,-0.0374491646389493,-0.220779343969425,0.0819764665550744,0.0163769805885116,-0.0356218321524576,0.024423292747194,0.189635442358757,-0.0332779915790192,-0.0313663122162728,-0.0598858825149624,-0.122284651443831,0.0163769805885116,0.192624861224892,0.112474028143169,-0.0938837403735021,0.193194618544201,-0.122325453932706,0.454212745031628,-0.077038566641944,-0.171725412893316,-0.10121792268738,-0.107425104825879,-0.0734780282509413,-0.384371811309574,-0.00597587064088325,-0.0545635865454429,0.558050993560486,-0.04147822782541,0.0112712852047896,0.0436762889686066,-0.0199556804734873,-0.130442098496625,0.0243793045769455,-0.0385447798442542,-0.0597875097766451,-0.0306621476303434,-0.0332779915790192,-0.110190287565727,-0.0239107248309766,0.117071031488008,-0.00774932555709495,0.445775777426804,0.0404470101332883,-0.0592651279788264
"Bloodvessel_12",-0.124085904032166,-0.143363506969388,-0.150985886277795,-0.0951489441983828,-0.120677776465446,-0.322980632877123,0.1461276233426,0.013957717044871,-0.162622208812305,-0.116425925162893,-0.27060704228375,-0.326617261686911,-0.282079963114095,0.30799012028772,-0.151475675529855,0.013957717044871,-0.298448118067444,-0.296783706161951,-0.138005382677984,-0.171779336822675,-0.0536309053166575,0.0792072048201426,-0.00311699121622668,-0.152055755340317,-0.105050057526214,0.0370225991426617,0.0392093709981502,-0.352455723076245,-0.0601190013136497,-0.0856399693570293,0.130659079042649,-0.0598094801370269,-0.0853784017940326,-0.06000812863992,-0.000565026221541338,-0.0439294386458526,0.0306848203047123,0.0569968610814741,-0.0243960359750104,0.0337023244206354,-0.326617261686911,-0.112185974546613,-0.0266955644773914,-0.145670461599579,0.224823068232619,0.389218733308087,0.00267563130492893,-0.0930062846031103
"Bloodvessel_13",0.00208151542545024,-0.0749591530467741,-0.00127755503495597,-0.0430759156485052,-0.0619609758251812,-0.157659762228888,0.144829596159821,0.071289001155922,-0.148975669159683,-0.0378004691480042,-0.282907197809855,0.123438804547364,-0.325463036871329,0.431971248832356,0.225363523123453,0.071289001155922,-0.234053919178806,-0.233846590590108,-0.122583647491629,-0.175430311951753,0.017514723987766,-0.197707644595777,-0.000310921277403105,-0.216106157249152,-0.0938851086023317,0.0155875541108704,-0.0554240180194026,-0.230840434160125,-0.071802284892713,-0.0499199899139162,-0.176641137822673,0.0271081113397746,0.215302811800606,0.105422735286225,0.0375972420463627,-0.0992187750969048,0.353332351501881,0.0936645086767328,0.240252699517602,0.0579369360266341,0.123438804547364,0.220516105576385,-0.0318918617425511,-0.190453088601459,0.0762611527559477,0.339126939631215,0.145556003757762,0.0313203888030945
"Bloodvessel_14",-0.117290950905747,-0.0010230948695921,0.00299572410608068,0.163887488479914,0.345497126580412,-0.195962447204516,0.157454785437589,0.0531106940484972,-0.123799949655385,0.196632001082705,-0.196227454892936,-0.11379568360056,-0.116750382071029,-0.0219834777578137,-0.0513450270040807,0.0531106940484972,-0.174893748662554,-0.162538525121319,0.00659946886439447,-0.0239312181521638,-0.0503891400808079,0.0955753797701301,-0.0239370774606537,-0.179563854683338,0.225934641829731,-0.0414620362452361,-0.120256511083774,-0.279988441607973,-0.0823596622457572,-0.00311112264976692,-0.0269314454171315,-0.0129458275370511,0.0639662652017523,-0.00586670568644653,0.0287659029992341,-0.221792245789484,0.028903714473373,0.00984705136698591,0.0462946890638841,0.110319170595842,-0.11379568360056,-0.156279711721095,-0.0267112045180546,-0.0852332490610883,0.455228849429519,0.770164616907916,0.0483544022228825,0.0646669855901406
"Bloodvessel_2",-0.0100567658750515,-0.167334230124533,-0.0488658689866644,0.0369027084962475,-0.0260043144714039,-0.216416484438736,0.0154586252963639,0.000740479308844537,0.000138007040524836,-0.0129140355653004,0.205182087388458,-0.0706483122731802,0.0729372844512081,-0.0436171471298415,0.0172331172556519,0.000740479308844526,0.0313644021128872,0.0755638153755146,-0.0465975546662438,0.0506086282483968,-0.135781380210308,0.133887990505858,-0.0597355615955268,-0.139696761142184,-0.164216731490717,-0.10682127904074,-0.138021771401879,-0.278780741174489,-0.0213428739442512,-0.0615711066201409,0.325257893889411,0.0272174947322126,-0.0415739936384439,0.0679407651637634,-0.0111623362369256,0.241726185351694,-0.0147443812410412,-0.034345383240394,-0.0338511073494048,-0.0232333163381733,-0.0706483122731802,-0.180880860567666,-0.0221083205324538,0.0155105958701989,-0.0612365814274954,-0.103016298185462,-0.0388230960698842,-0.0350824793407622
"Bloodvessel_3",0.010081627690722,-0.189051725643776,-0.181106775948923,0.480876521449162,-0.0948378056166917,0.19456602122643,0.00190688427993435,-0.0144155778569362,0.118800245952773,0.0264376437920125,0.458281276201156,0.314680839078607,-0.210337859855808,-0.275496394094772,-0.0519182290904286,-0.0144155778569362,0.464679226045485,0.455960639466974,-0.0239279530512469,0.376230776200864,-0.211266669528785,0.41945745720148,-0.120155199264847,-0.276094226936244,-0.185759942073954,0.26095487185942,-0.0609149675822885,-0.466894465600227,0.0724660748943044,-0.033034348002414,1.46035408672869,0.0436846466012015,0.101262552861852,0.196437541937834,-0.0660346089563152,-0.28967686090223,-0.0959628924013818,0.0579189239762407,-0.049789221666431,0.075238635900815,0.314680839078607,-0.175247247929992,0.0218883184833119,0.119023652644492,-0.0162126201469321,0.703075009666354,0.0216962301722883,-0.0148872305239886
"Bloodvessel_4",0.10740451346549,0.615771506916745,-0.0821511997798401,0.158238251271583,0.351654080718507,-0.1840916476482,0.0710399277114391,0.0205845703957853,-0.0550409258092614,0.429822400372247,0.267518400863714,-0.224953004679926,0.242680193600243,-0.0515737109969055,0.581564363226979,0.0205845703957853,0.119559999154806,0.0414557383937016,-0.119405704976071,0.156168939521136,0.147135958258215,0.0804422785326817,-0.0889220490667265,-0.101442910626285,-0.10308200299159,0.261111350518774,-0.109386594182025,-0.24399136668259,0.0190418738402551,0.0649889155112373,0.15025709626468,0.0649973703483941,0.0394623010640767,0.138394317590687,0.00646246104830553,-0.051563708312971,0.297460103046367,-0.0678559399506947,0.0894647059829958,0.0645282296419187,-0.224953004679926,-0.109309162737632,0.06683567174422,-0.00507798224428017,-0.126432725797213,-0.111264976070697,0.0942472300722952,0.0599177537034794
"Bloodvessel_5",-0.0485505598145574,-0.0625633650409389,-0.0719606611878224,0.0812115662551421,-0.0341050313278203,-0.162225874019051,0.0709908862364856,0.0687800992337387,-0.152424781684083,-0.0045487867863081,0.0578354435534999,-0.0338709075373146,0.119181264869449,-0.0528621155273056,-0.111276144247666,0.0687800992337387,0.0418045811320448,0.07561388388138,-0.118737234429387,0.0208820826336221,-0.113103649554094,0.154805840497754,-0.0417710386266434,-0.191392795576527,-0.132016490245033,-0.10778762213768,-0.0739148487139986,-0.327779704532021,-0.0275378273854152,-0.0708219182692127,0.466768438940458,0.0359289894342427,0.061154890436649,0.0834723946609954,-7.92100954241711e-06,-0.113758835293916,0.00712938310321353,0.00989699966962859,0.000438321908552848,0.0826982737273696,-0.0338709075373146,-0.149586468377897,-0.0350830396495584,0.148098345744901,0.0168349438035528,0.262803066206719,0.06941573125275,0.000470549284088972
"Bloodvessel_6",0.00343167227930293,-0.155681988063992,-0.108321698312832,0.271341523108406,-0.101753865918687,0.0252387491435762,0.0220180422713446,0.0029817249657593,0.0766120356390887,-0.00854975128104661,0.313576000204652,0.207745343713774,-0.303524291659474,-0.137228921637316,-0.0893897650557498,0.00298172496575929,0.337684819519116,0.334470699548339,-0.0376253213079915,0.232371504811469,-0.189904262968851,0.443966489953784,-0.0479936683385854,-0.190697367168466,-0.168502845363235,0.0126050871695532,-0.125515093076551,-0.424856809507812,0.0471100273833274,-0.0488233691194322,1.41275280393065,0.0296630830480244,0.0696573900622153,0.135048932206898,-0.0316776735651074,-0.254061163684156,-0.0144501304025968,0.124004110213053,0.0119931451331661,0.106645915201123,0.207745343713774,-0.173802460935611,-0.00737144450038511,0.122733842628244,0.0807342622816706,0.727657056128376,0.0598403386509603,0.0106071898532408
"Bloodvessel_7",-0.0799805171141107,-0.0832639175644504,-0.0131019877394118,0.108095656936871,0.082029039655704,-0.185176014511825,0.0844142078494084,-0.0109240475259231,-0.303411098036162,0.0594825182216851,-0.11875932720058,-0.184991024587467,0.54250165680546,-0.0675345817676834,0.0407348290057237,-0.0109240475259232,-0.13110299891937,-0.148018164839126,-0.0929492964041431,0.020032167401869,-0.144840721734717,-0.0365751799647772,-0.0745059637898406,-0.186361908669636,-0.104966378192676,-0.0619747338504354,-0.120339111128895,-0.326455618438873,-0.0667225323904743,0.0635405844455421,0.173996374039498,-0.0387967662978254,-0.0505833927428441,-0.0449898389173786,-0.00208196717685476,-0.14506398055717,0.0571972820531953,-0.072175089752059,0.0342519720343268,0.0074119497864357,-0.184991024587467,-0.151989617584244,0.0136600296405521,-0.00423865625392855,-0.0744018853782753,-0.17059639691371,-0.0133616890343388,-0.0211336136367839
"Bloodvessel_8",0.0334725491817455,-0.162345892605092,-0.105379787726162,0.119153719034075,0.0103366872780578,-0.0509646924018189,-0.0407467511780606,0.00760919736681358,0.288293805783019,0.0650585770720238,0.439257042251465,0.128646066181494,0.257543965685273,-0.129485820126083,0.0156714874934898,0.00760919736681357,0.2611737412193,0.311379422980341,0.0441038748047871,0.19185162959543,-0.19307581971751,0.126170685788088,-0.0845364769887612,-0.177236760849218,-0.175507245421443,-0.0571994717885176,-0.165378160535133,-0.178600972457918,0.0115514125502382,-0.0435599256114304,0.346606333887381,0.0643953920569921,-0.0285335628787935,0.146748108973688,-0.0318469931229513,0.104502631441411,-0.0608189755015413,-0.0217630284593446,-0.0138582914777493,0.0335910858673596,0.128646066181494,-0.207656635936834,0.0234596908769393,0.0184468608141057,-0.118307643905925,-0.0887295813157782,-0.0617054515903997,-0.0552652308951475
"Bloodvessel_9",0.100933900390572,-0.111186493804896,-0.062074118138206,0.0959460535358011,0.122305368071668,-0.0976947979221381,0.00943406089958157,0.0289502875043919,0.355917826022253,0.130269520164244,0.0719511539351484,0.620928187889443,0.770041840776981,0.00792783162401334,0.258031606074145,0.0289502875043919,0.0856315196921633,0.112527013896615,0.00728012079353032,-0.00377103950233232,-0.0318852979855226,-0.00690001733913883,-0.0216962137358721,-0.218611023707704,0.00249408122969509,0.292783021997384,-0.0622422326728964,0.292071737672955,0.0493125880475038,0.00494671340393499,-0.0614066947865636,0.181056550399571,0.492233134870054,0.219520917964278,-0.00476093131811913,-0.0455033216302624,0.369300630557935,0.0893674034848225,0.339113662599443,0.312367569980751,0.620928187889443,0.147765789287637,0.0313805428815194,-0.0738662942862114,0.225445545575006,0.0954149590695361,0.383833612280566,0.495846528107618
"Breast_0",-0.064387044240647,-0.18999950244094,-0.066134442681225,-0.113910762488356,-0.14036763896775,-0.250045054428994,-0.0799829788611545,0.0354072031545715,0.0571389444943973,-0.143575059332105,-0.0338430266707193,-0.00242190280884525,-0.167840015193496,0.0111490202588362,-0.01233590297242,0.0354072031545715,-0.0918025148582173,-0.0846872484148762,-0.0292407325220404,-0.0565965650013465,-0.223366135356006,0.347472731968979,-0.150696464502051,-0.0414168598239505,-0.109180866533484,-0.124037287081142,-0.159878623922415,-0.259657013136186,-0.0111170019131518,-0.0169865216638998,0.0626177531764812,0.0523424544155095,0.0326494411682437,-0.0390795004691365,-0.00798729722400617,0.36174414990262,-0.118105792429419,0.114226142689867,-0.0143869268248717,0.0171258845962621,-0.00242190280884527,-0.0700266572639831,0.0342282980212272,-0.139126781714727,-0.0522239735328317,-0.21139751973942,-0.0490451703824022,-7.75612442332234e-05
"Breast_1",-0.114254698067851,-0.0564544824633706,0.159804985903411,-0.0558734162701021,-0.0970461257057829,-0.241514703088525,-0.0821396707401358,0.0366038649129602,-0.190586750864808,-0.147231177769819,-0.102185147126006,0.0425573267769247,-0.0876655679571942,-0.0799477356069901,-0.122388059018684,0.0366038649129602,-0.14650042404462,-0.130542083942897,-0.0525450866467362,0.0179821212922047,-0.250430745464139,0.143711059109625,-0.180095164231668,0.123157045368149,-0.0990547376961437,-0.168854659390298,-0.195602319436248,-0.325214382255932,0.00540005393278862,-0.0469372240216959,0.208439966101764,0.000345904693133411,-0.0704393772065853,-0.0456409985096022,-0.0163506159649585,0.209294853632412,-0.135986873489911,0.156631227865049,-0.0509567194114038,-0.0217700232408369,0.0425573267769247,-0.05041075302089,0.0409040278866539,0.0964918988227455,-0.045001573661193,-0.130638967717856,-0.0438409206578169,-0.000931559691870507
"Breast_10",0.00530907538655429,-0.113575261675454,-0.0631618006733682,-0.0734785235245455,0.0364585709532581,-0.083713388995996,-0.0870014774570962,0.0444501831175028,0.538243270133779,-0.0301737957594558,-0.102968558711792,0.0204234878540983,0.467793684907195,0.194349406884092,-0.150843054176472,0.0444501831175027,-0.106895594057192,-0.1103965542869,0.132633929078868,-0.0647973109336455,0.0410629349818874,0.522419922726792,0.00634042939458533,-0.00988559047131179,0.161353965329274,0.399926249633469,0.403197297466868,-0.132848789979992,0.0751784960388958,0.0810827553307907,-0.0981880126927853,0.213234017320577,0.537889965253643,-0.0713060702439438,-0.0257869884017038,0.0744417719852956,-0.0843495768728493,0.209862597644999,0.352033751579156,0.503280715197888,0.0204234878540983,0.940268599347139,0.0977985742739298,-0.0381944408667836,0.387338041555511,0.642240707422843,0.339765082664018,0.226849688247194
"Breast_11",0.122991076868416,0.271436323239451,0.965255590030292,-0.0551470315055316,-0.045290910899972,-0.19050206295368,-0.0747965311095892,-0.111509481345649,0.024513934877787,0.0528216724413019,0.0855442044739735,-0.0733962687925196,0.214378837138992,-0.0904141777684997,0.0925818480598624,-0.111509481345649,0.0201141514337265,0.0431495040062298,0.0629676113013404,0.229767848894898,0.523574997552463,0.0902688591057284,0.0466863510231705,0.123614344457086,-0.0419138510471537,0.10563851702155,0.081602178598547,0.568041007226113,0.0799170798983434,0.0203956002544426,0.104698913494385,0.170072491502284,-0.0860904659479775,0.00343017408162905,-0.0377376840403841,0.0868775565162557,-0.0894153934464514,-0.0345897972143239,0.152949074546069,-0.142259458002623,-0.0733962687925196,-0.104693479646616,-0.0360660588267843,0.104546073128551,-0.104219815532137,-0.250127018940318,-0.0700993245970571,-0.00259712798716185
"Breast_12",-0.00106527160443628,-0.0817829056158359,0.0328125163850982,-0.0131295733272171,0.0330617248070245,-0.154932182731989,-0.120934237472712,4.98576413809112,-0.202002477028465,0.157009195322193,-0.0467552210524967,-0.0424026395593549,-0.146275090451808,0.0688567709089071,0.232073787064502,4.98576413809112,0.0165969739740262,-0.0407381354554318,-0.0519301474859116,-0.101053932164985,-0.25499046926874,-0.180639669174628,0.0212635554009159,-0.181462833652103,-0.11212334044667,-0.0590336043479418,0.0518504637262885,0.770516257857988,-0.0642134952538176,-0.106994428458567,-0.0903704367408282,-0.0174453527842326,0.054997561364459,0.122678055820293,0.0357710303238918,-0.137983337281555,0.198288098086825,0.21324301973128,0.0721260456319034,-0.116010309558602,-0.0424026395593549,-0.208274857522603,-0.0785115298116963,-0.111204695222972,-0.00114561065613774,-0.0847988466303451,0.0673226323671385,0.027009372234628
"Breast_13",-0.200605406942214,-0.139164123822658,-0.0347195824057388,-0.0745277550340226,-0.176087365247945,-0.166337797265646,0.129878383799156,0.0137340736196705,-0.220397561753058,-0.22848755203116,-0.440790882431385,-0.394245029474729,-0.494350766638111,0.0772415385691936,-0.264167737743251,0.0137340736196705,-0.409691373955926,-0.434501501373122,-0.119056759638846,-0.225232428564806,-0.0819447399445591,0.123095556415548,-0.0272081346108052,-0.0133618809700943,-0.104420587084931,-0.19126145315699,-0.0708567264480957,-0.301602145159,-0.115248721307048,-0.121221739758232,-0.0271771482092544,-0.0676858735032533,-0.13810026675281,-0.168091841416178,0.0113372204829521,-0.00787781557504027,0.0138668894868681,-0.0173895618049271,-0.14659507545404,-0.157185365469143,-0.394245029474729,-0.09443446519187,-0.0937724433213205,-0.13054231857742,0.018980146110947,0.147292675263256,-0.0634982607274729,-0.0774711663197886
"Breast_14",-0.103410536725636,-0.164381070463414,-0.0628021060023198,-0.016812932599399,-0.144689792220467,-0.242125525438909,-0.15024738446504,0.0360856089736646,0.34524946994369,-0.128334288383019,-0.0832668741623341,-0.159632404121569,-0.0130485512933257,-0.0479672736736377,-0.126039069483225,0.0360856089736646,-0.110933038937838,-0.110494457626407,0.0174850993690502,-0.147031136505922,-0.253626486012299,0.103686509692273,-0.154758710967036,0.0106742130360928,-0.144698146288537,-0.16415453707505,-0.173420410502388,-0.314982379671717,-0.00920385977756405,-0.0652924753443569,-0.00407153634960328,0.0456695254608699,-0.0720816028266982,-0.0694688310898601,-0.0119457301659338,0.269472215198865,-0.176723309790471,0.106847002581662,-0.0364064081063584,0.154319748155023,-0.159632404121569,-0.126479404561609,0.0614386721136059,-0.112910432252514,-0.0499945928892472,1.50211196007904,-0.0719266214293446,-0.0173828947279729
"Breast_15",-0.177576400856925,-0.15226046408306,-0.0421905868785756,-0.0434464086502122,-0.139243970180976,-0.241047438778158,0.0534929918306473,-0.028333665707452,-0.223034425050771,-0.183965788571882,-0.238270267744842,-0.179362264470195,-0.18923805006229,-0.0336550114360674,-0.14862865651171,-0.028333665707452,-0.286644723058236,-0.294896123127058,-0.0869391032032941,0.0479045553414556,-0.180636066017912,0.249947960191335,-0.117050977218529,-0.0744015847602321,-0.136070074369783,-0.214572706369036,-0.0922562247233865,-0.335890732886672,-0.0597061865898041,-0.0474165609105196,0.154243467834349,-0.0101215146849547,-0.0864918522722355,-0.110210609268215,-0.0184946912695176,-0.0764785294831213,-0.01604640342448,-0.0125095191629545,-0.113665011065734,-0.0916242276563193,-0.179362264470195,-0.132623920255956,-0.0177584698919039,-0.0747756685312831,-0.0579417636504425,0.121257140177791,-0.0320424258322661,-0.0614466188768272
"Breast_16",0.0607815935666242,-0.152177225189916,0.0132125364024202,0.0122477173675618,0.0670263157890173,-0.256090390003793,-0.00543683532788278,0.316775165431728,-0.26645272098935,0.0526686665861238,0.202125082536495,0.3236459046242,0.38512677984029,0.0216502604613073,0.0897180204081031,0.316775165431728,0.117281622481486,0.130174750953252,-0.08484721391405,0.172879897603013,-0.25028925918008,-0.00422964680407118,-0.0823311195661627,-0.169595870972629,-0.162191328684771,-0.202763212149874,-0.133431890656325,-0.10064231164539,-0.000455135593683406,-0.0249734206452565,-0.0238655133492913,-0.017784622467926,0.0542543612583465,0.110242846538519,-0.00625769222292016,-0.104320954615508,-0.07032120597789,0.104407251603053,0.00991629295727393,0.0847204909231294,0.3236459046242,-0.13864517326999,0.021127808839895,-0.0209151989172907,-0.0330800984629407,-0.129953728895095,0.0534039158705763,0.0387484810343841
"Breast_17",-0.0604037183627985,0.1961938744763,-0.003158218798328,0.0247287099493064,0.410045350071041,-0.131611300434636,0.0388223220204602,0.0331867265316559,-0.178923005494646,0.163125201901354,-0.0027252157620125,-0.124305165461911,0.115237070618533,-0.00430276742829402,-0.00422315350544947,0.0331867265316559,-0.0246330954041586,-0.0321062368664397,-0.0730811152963159,-0.0274377077135307,-0.125547757640804,-0.0846845405275286,-0.098542459072064,-0.0134889713911035,0.196725045265593,0.145919486946623,0.0518391626483918,-0.180242180248607,-0.0282849242612898,0.0785264116101727,-0.165239784370291,0.037409323637662,0.0602199501378262,0.000144929094000228,0.0513014377483206,-0.0861142088055389,-0.0431833588851556,0.0146791550992355,0.0936583747692627,0.119801585004015,-0.124305165461911,-0.0728902034138181,-0.0240440292276717,-0.119977162662337,0.256502518764314,0.738495573969323,0.0157979435993486,0.0110761968096531
"Breast_18",-0.0199078722537647,-0.244262051184088,-0.18719594269604,-0.0690793348022328,-0.157639170846415,-0.217007762055011,-0.203059469211368,-0.0557385000004052,0.372753549775596,-0.0982596450194284,0.216862951189804,0.228972169548066,-0.263058786060316,-0.166203211425277,-0.0476422977322895,-0.0557385000004052,0.259707926116244,0.242678166712008,0.0536416269731411,-0.0295911848160276,-0.268447006574183,0.101146730244705,-0.203472371815617,-0.0806791057811069,-0.149262309005476,-0.122331155095783,-0.181934929741565,0.221746374714924,0.0420178303632954,4.77762253918301e-05,0.37251754140615,0.0970138497471834,-0.0573530477883373,0.000747423166540887,-0.0294126523522721,0.29154582333493,-0.231850415894109,0.0266230906330728,-0.015824069717502,0.0295428909077139,0.228972169548066,-0.100636744704289,0.11472950445969,-0.187638292970447,-0.108034633176267,-0.200233683826507,-0.100330382162742,-0.0427571146293362
"Breast_19",0.103689668355784,-0.0597628486237383,-0.0185764724229766,-0.0187636062603884,0.111051566672711,-0.145552308719423,0.0508203204139324,0.0957036298812736,-0.101370208183467,0.0242615151595672,0.00367297305374189,0.0936259374636216,0.430567571523289,0.0461136999606203,-0.0982785268360216,0.0957036298812736,0.0108382050685262,0.0102472462892691,-0.0244075590941636,0.00891754369209597,-0.053728297048846,0.00111765104780883,0.00134658453745073,-0.177892021604619,-0.0581004391964144,-0.0324881945422425,-0.0382902048462093,-0.083461012382844,-0.00531824880429822,-0.0541647925961293,-0.0237585543752241,0.00836791953130217,0.326594922729739,0.0147055310774395,0.00490231829500462,-0.0683005154320839,-0.015479068099952,0.06468936740284,0.0210617920646906,0.353366637160717,0.0936259374636215,0.480583871844404,0.0068074327508133,-0.109205734638632,0.0357889994600241,0.0307513352114212,0.235786158918858,0.0877808078276216
"Breast_2",-0.0873715089576067,-0.199059514952126,-0.0763775993588287,-0.111684457689846,-0.156790391774262,-0.232361806186492,-0.112362505239942,0.0475827276393354,0.130053268841849,-0.14736249692538,-0.068823680945672,-0.014161878526949,-0.164188881903647,-0.00345165020008977,-0.0639052423704627,0.0475827276393354,-0.100974264662343,-0.0997330640831439,-0.00841902752749771,-0.0729609629473732,-0.245466464954194,0.305748358664355,-0.15551036860392,-0.0403216138238385,-0.125300628218442,-0.167092152184624,-0.167422544491349,-0.249901005920213,-0.0152084747798649,-0.0252345414196597,0.0653200779044923,0.0602186931868109,-0.0462187933606004,-0.0512817053592571,-0.00669459015551298,0.336985198226435,-0.134406700813966,0.0952503289662657,-0.02153779352563,0.0125156264582677,-0.014161878526949,-0.0988603808742124,0.057937738547462,-0.156024993533102,-0.0643915739331819,-0.18921941182323,-0.0512684741137635,-0.029762518871258
"Breast_20",-0.0363728043040816,-0.132618147798715,-0.033251662486488,-0.062207314955778,0.00591710562043417,-0.118793553314751,-0.262777754631064,5.35540069608681,0.180302595568805,0.131497948757418,-0.0515615733963752,-0.0443074244820546,-0.111221781334727,0.156717528910743,0.221620063967108,5.35540069608681,-0.00494775762975502,-0.0641231169173221,0.0695397044504293,-0.108793958770232,-0.116930228041896,0.125084206004876,-0.0576380233210678,0.0931919643360326,0.0377714545405711,0.206876106437757,0.228070983473189,0.950695555618672,0.0117147825820663,0.011036932397465,-0.0729671287076219,0.034768496138997,0.0595097512910463,0.0662391272593951,0.0154672277983685,0.0620198179734008,0.113744878612749,0.274934000459188,0.140888689349702,-0.114461524488684,-0.0443074244820546,-0.118846144549712,-0.0156208581213455,-0.0249758922825554,0.12898612620869,-0.139164800579651,0.0475923722919688,0.0702549584965762
"Breast_21",-0.0578623313600484,-0.163951093849244,-0.0957212163087932,-0.0610534951430619,-0.145874039138043,-0.25738401385032,-0.122228607217328,0.0367897149230832,0.026310703984485,-0.134907536267089,0.0810920410052036,0.0605801786413047,-0.213181553000837,-0.0523877209981,0.0517605134438177,0.0367897149230832,0.0277005044009815,0.0295215210499161,-0.0420976451658634,0.110889702749431,-0.174627807040545,0.227757847472431,-0.132380068777694,0.208830220890585,-0.0509706541852246,-0.120759941494343,-0.169080621578723,-0.192942071472571,0.0305212029135283,-0.028049301407115,0.490061982598491,0.0559765771409632,-0.0217549729155686,0.046322023928971,-0.0221617434714599,0.425852056482615,-0.154675088265799,0.075379845179421,-0.0411230167000726,0.000198156684267357,0.0605801786413047,-0.10507130572302,0.0747609847466671,-0.15932188040092,-0.0447931494192504,-0.256918943641558,-0.0240016227306111,0.000299763865278546
"Breast_22",-0.0952061428242067,-0.185024263233761,-0.104409730798151,-0.0625134063640889,-0.144492020732822,-0.283846622194257,-0.0776296446637407,0.0872110428061396,0.112102324473687,-0.153565384827437,-0.0808228351668125,-0.0389078463006593,-0.198435519212701,-0.0649922398200175,-0.0917161635213895,0.0872110428061395,-0.105732337097529,-0.119460509838818,-0.00237271836150009,-0.0463969807425353,-0.150837429573855,0.212916044967837,-0.121173887284255,-0.0310932671343873,-0.0884434033286036,-0.0525644718261677,-0.15518122276494,-0.241437649648549,-0.0516670872364094,-0.0371578558477824,0.0589089584838858,-0.015410422564983,-0.0198954267708699,-0.0815446923859103,0.0266080704478838,0.28526456301635,-0.14718068961607,0.0831426638133,-0.0584099346634638,0.0154684015618837,-0.0389078463006593,-0.0110989205028107,0.0101968525023768,-0.209680807778845,-0.0369152683287225,-0.124029599342308,-0.0226111563167366,-0.0298132313262473
"Breast_23",-0.0360929149956132,-0.070377907707541,0.00753294857278654,-0.0246089706779889,-0.0882210142439044,-0.186921031012663,-0.0353330803432256,0.0021953900621313,-0.157591495138167,-0.117562895531587,-0.015838112188246,0.164894519855264,-0.205331036044639,0.0338919595758626,0.0267438319164849,0.0021953900621313,-0.0334219670082295,-0.0520686148051665,-0.036691170333064,0.0116595090078848,-0.20577836584855,0.415012989491917,-0.147147340511137,-0.0600792568136789,-0.0476792276117073,0.14057687563197,-0.0149542732767614,-0.227499952496861,0.0329500985240552,-0.0114440953717062,0.0231313857730905,0.0602187214647658,0.136339439142858,0.0238962067656059,-0.00672275483088555,0.10248327017311,-0.0734346933007119,0.0966680152462563,0.0736347798852616,0.0882029571976024,0.164894519855264,-0.0503568377148463,0.059787439018768,-0.124667436031908,0.0607986855885501,-0.176009629623432,-0.00985256862298039,0.0495715267454313
"Breast_24",0.157249804162551,-0.0980109497912644,-0.0458715100038606,-0.0259545771211876,-0.0395307474048051,-0.193971757384085,0.052651404086343,0.155137394037836,-0.0746774652017399,0.122149550013716,0.553368057831581,0.623386556876947,-0.0793062728514786,-0.009102827989902,-0.0371988876179643,0.155137394037836,0.544510063817237,0.559023347199805,-0.00677910744132727,0.1277518263312,-0.144490842547253,0.165200901421654,-0.0904569215081532,-0.176280039391694,-0.0773097498786292,-0.172599336685374,-0.0933862303550862,-0.225128386384001,0.0271549991457868,-0.0129926999871422,-0.00188532468933987,-0.0676241226866921,0.00306836853847936,0.123601949663934,0.00391413782575174,-0.174308246397257,-0.0310317066180314,0.0653583581004394,-0.00447838800531398,-0.0254689517452026,0.623386556876947,-0.0941211119295885,0.0320252633068948,-0.0230424899515846,0.0323714616512732,0.510466476820271,0.0179199121506275,-0.029745893703688
"Breast_25",0.00866443037736083,0.888378401470393,0.272852624275234,-0.120511292658906,0.42815222597217,-0.218224778945803,0.0942620547064875,-0.00339916905270872,-0.254166263869294,0.510386642752301,0.195818729913556,-0.353880882841,0.559820533560141,0.0034333403379768,0.2119241601362,-0.00339916905270873,0.101592812726351,0.103729739042977,-0.0489702683008708,-0.0669137247431502,-0.175836072465458,-0.0551109219403432,-0.1070301405746,-0.0708112827594611,-0.189092238988529,0.159908864828406,-0.116041323438595,0.0116994505554265,-0.0226002560705209,0.0495961138403202,-0.300574692469419,0.135393539171923,0.0255133009830626,0.206062664143927,-0.186877799004265,-0.113069128990004,0.132200977745856,-0.0994640309063145,0.144739270107399,-0.116181354087718,-0.353880882841,-0.213106021678753,-0.0135870017370665,-0.0846146712998066,-0.016037976013341,-0.219117592150475,-0.00684472506055025,-0.0524848224357522
"Breast_3",0.0116236247849302,0.333340118888281,0.059102237356803,-0.142666945320537,0.262553187813083,-0.219524289030658,0.0574297698598634,0.0113258863736742,-0.328421973067518,0.361212123906812,0.210865362215107,-0.153397935256564,0.0163623148705336,-0.0272818254139857,0.137257436239323,0.0113258863736742,0.103960005146146,0.110970615201102,-0.135188182699944,0.143626074431776,-0.131381360307398,0.0407101150137714,-0.101700238332297,-0.111594098986565,-0.139194513670693,0.256359077001566,-0.0722262701217023,-0.0949249432645601,-0.0245197769547501,0.0818810357948677,-0.25889134327076,0.0427431650906567,-0.00762403906123009,0.0315156747129586,-0.0358894863098097,-0.168566983865863,0.0292648628049051,-0.104626196067807,0.0320822933935283,-0.12242477094852,-0.153397935256564,-0.194951541204664,0.0490670727708192,-0.0410289079754706,-0.0691861416874228,-0.244295594448582,-0.0363795599593548,-0.0798511950577007
"Breast_4",-0.106908342737734,-0.0755230326866209,-0.0638216436720097,-0.0497539067429006,-0.0946569775569267,-0.131425305021994,-0.0148555301726087,-0.0752503598816419,0.0809110073796635,-0.0332689228175909,-0.10527275641931,-0.221838741087277,0.0358168682911559,-0.0497784230986394,-0.00364651272747366,-0.0752503598816419,-0.0960848791996851,-0.0784358303803278,0.110884182364077,-0.156353322799088,0.342461942501849,-0.112230634908054,-0.179908917712573,0.0751451110410379,0.084215568323865,0.329189405944711,0.171637745183849,-0.314483237340364,-0.0143791299232143,0.00551310178810624,-0.0602708952252056,0.0494514055410063,-0.0721647108216668,-0.0592714135888969,-0.0112139562006497,0.107145823393546,-0.0845631376362269,0.0267172734019349,0.0717216123474343,-0.0715843178219712,-0.221838741087277,-0.0981857060263579,0.0120979136488773,-0.0453949972904925,-0.0590813893620117,-0.528607141961779,-0.0128921145774297,-0.0643998699920287
"Breast_5",0.114548498710227,-0.131334831865852,-0.00845567200935636,-0.108130411031,-0.100651879505487,0.066555546560091,0.0690725892008628,0.170757673923887,-0.033019699848553,-0.0488929024844529,-0.387320103150089,1.11051664248569,-0.267645041254427,0.217243095268639,0.160472582165391,0.170757673923887,-0.131997967112647,-0.107933826161542,-0.0830506104790639,-0.236781712830356,-0.0141599889979348,-0.162973393584878,-0.060248754588845,-0.0502003184390932,-0.0819036260550603,-0.113309775143381,-0.0488038474722126,-0.26689515698934,-0.0457838244954867,-0.0348525709091498,-0.227197632301798,-0.0121132105505815,0.393046886087734,0.0527078684894964,0.0463637439003346,-0.0418356240633162,0.29586354571285,0.239565776905056,0.245374946726329,0.194480314055884,1.11051664248569,0.5518356233155,0.0617467580431931,-0.235826463936577,0.246929884293458,0.694450663193751,0.205648200573123,0.0209360310664849
"Breast_6",0.0717165246822144,0.261547486754599,0.0107731502299001,-0.136609087972218,0.300914544448299,-0.213367076630425,0.123312038319764,-0.0543864717103508,0.0556864448883746,0.498704195438081,0.304698387496219,-0.320230343395489,0.62064713876352,0.0483606872823747,0.335272359632533,-0.0543864717103508,0.192434544857455,0.225266953492401,-0.038980258708739,-0.0520260206292175,-0.162922587594397,-0.00406956903072997,-0.0945881310098459,-0.115127433278949,-0.209244627763399,0.143214445020272,-0.122856463380193,-0.282484658570855,0.0268448678898489,-0.0130647548149148,-0.333830556684557,0.159140961119405,0.102312285514813,0.286961178617773,-0.0238785113650268,-0.098256804914088,0.36565905047491,-0.132765427465936,0.112324748292454,-0.143317107390209,-0.320230343395489,-0.197376689190441,-0.0267606388210504,-0.0447997153242991,-0.00583260729892489,-0.24448903212658,0.0191154716435738,-0.0404939960247561
"Breast_7",-0.06028739282282,-0.12042275764611,0.0193895376965768,-0.0780674732581229,-0.119944485953614,-0.257789193567662,-0.0762007906953777,-0.00374351007126178,-0.0272289196142812,-0.121658877686514,-0.0157391166276155,0.00996362050348474,-0.136365507235296,-0.0177675644016241,-0.0468270671095775,-0.00374351007126179,-0.0852772602665108,-0.0785333786589777,-0.0294242756371405,2.38362540891215e-05,-0.203480761747099,0.307362667896848,-0.136833653679342,-0.0731548231883086,-0.123721864152241,-0.0542589909201616,-0.128193081896709,-0.187324593801949,0.00808617353082948,-0.0297123739319197,0.124350117471464,0.0395747346612801,0.0613114255875099,-0.00256314151313657,0.00610676330931491,0.249247077261368,-0.114863673666479,0.0318018706820996,-0.0121744184739225,0.0402905911692943,0.00996362050348472,-0.0671974367643453,0.0207306694540817,-0.105956515126733,-0.0544624048574458,-0.0748956364831191,-0.054249841987111,-0.0330407724725679
"Breast_8",0.0479613009848472,0.0434398514405922,0.0566157884370089,-0.0809176293241477,0.0685566962111832,-0.181007186883111,-0.0657037265938529,-0.0182980609330823,-0.174555294178413,0.167150372829819,0.147730035375698,-0.0294542624993823,0.720497566152649,-0.135467815006973,0.223937316302347,-0.0182980609330823,0.17069135496632,0.144286608260069,0.084112415947998,0.108085465293156,-0.169660599752034,-0.179669144817144,-0.235374406133801,0.0267297740664578,-0.0556150966252052,0.0404443470865939,-0.0961595819954947,-0.303305113701931,0.041454801830844,-0.00487819912475556,0.0235576914770203,-0.00568031606857608,0.00877349499421306,0.0398380166282045,-0.0876386485413627,-0.162908103539262,-0.0371611267603703,-0.0650045169729208,0.0597367681427303,-0.056700509642195,-0.0294542624993823,-0.145616414861727,0.00908404168875046,0.0897580341662527,-0.14908040330665,-0.449156275401676,-0.00691806883243087,0.0734360955193812
"Breast_9",-0.0945575437328974,-0.08125268341748,-0.0712281633904532,0.00152550536424073,-0.103948815462157,-0.176627136572435,0.0654252029194621,0.076673925466587,-0.019204376334192,-0.0833008792146345,-0.133514138677884,0.164905696631182,-0.0043612193540283,-0.00886751276307506,-0.137824984707999,0.076673925466587,-0.123213194336381,-0.130098107895363,0.00715203281581208,0.0433893249040577,-0.155082320422881,0.275950776845955,-0.0304406546404437,-0.135364436872267,-0.0154416771763121,-0.11990263630009,0.0290082171657634,-0.300830222726351,0.0153622775491396,0.0163040703023678,0.151169011203451,0.025026814044814,0.047163698609587,-0.0639134709261429,-0.00626764000138026,-0.10281823461429,-0.0293959758719809,0.0669499911098288,-0.0225652038890675,0.194794074718441,0.164905696631182,-0.108777258911001,0.0390427309564707,-0.0826546442309266,0.0539629687607372,0.233323614722174,0.0885247904765767,-0.0251404649118268
"Bulbarconjunctiva_0",0.055508008002232,0.378382485658413,-0.00271583345905232,-0.129480087444292,0.129706885233479,-0.170782638812932,0.110485638699464,0.0854870718731296,-0.263103210871179,0.239232786929386,-0.124573756021157,-0.212567054165235,0.183161060856647,0.00545993933337369,-0.0433597217452848,0.0854870718731296,-0.157072957652789,-0.187695454332318,-0.12292405288352,0.161880568046514,-0.00827243900429883,-0.105863924753127,0.593718658700724,-0.11688799012512,-0.0893233305856814,0.147253390305383,-0.0850794870355442,-0.303426467275769,-0.0325806120030368,0.0289054852675709,-0.018795485722339,0.0348814188203752,-0.12680429379276,-0.0727795711888373,0.0107954443542062,-0.121508574844037,0.00758485550276203,-0.0883968074654411,0.000173516614855234,-0.0773971604002139,-0.212567054165235,-0.0919751272795775,-0.069528308295762,-0.0707116797767604,-0.0411056865577384,-0.125093907363392,-0.0465628451942249,-0.0846961091241626
"Bulbarconjunctiva_1",0.0400589486333097,0.207137457354211,-0.00253708588745069,-0.146187795563045,0.132532692770884,-0.177389440649671,0.114676421098498,0.0559727364187301,-0.227112043950249,0.232923184408916,-0.127706358525595,-0.233219631190978,0.288320780528557,0.0335917618715075,-0.0540036953937686,0.0559727364187301,-0.170678091624816,-0.199898250908101,-0.117110322363459,0.202836119978263,-0.100851388644378,-0.00845406477299466,0.423197417806181,-0.105279916797365,-0.0893956506442324,0.100571065388197,-0.100107256876516,-0.29771995102156,-0.0279029238693445,0.0641958513776415,-0.0638216818710873,0.0847559544876213,-0.125651722669196,-0.0728855478978449,0.00726380692405222,-0.114676753953041,0.00696364611107537,-0.102409757875078,0.0643820500278921,-0.102695849727661,-0.233219631190978,-0.069725653228702,-0.0294414625034453,-0.0386796378786093,0.00708786620208626,-0.14085485574265,-0.0700720049755112,-0.104792270502862
"Bulbarconjunctiva_10",0.28688926656321,-0.160038374636648,-0.0222371794579738,-0.132945011230214,0.292672224277842,0.362704073216683,0.00883145152314757,-0.0395158801265117,0.0400013504433088,0.104287911826225,0.422830147846833,0.262657752027054,0.15122168049347,-0.152698367446415,-0.0402487479843734,-0.0395158801265117,0.295217205058116,0.354919562141455,-0.031262218064537,0.132588060183226,-0.132172203877504,-0.0442610671061977,-0.00496097489390642,0.0471249638469036,-0.127368801988386,0.06388567218325,-0.123066816661925,0.770657393412175,0.0276900377624518,-0.035277830696272,0.44341456187737,0.0399408372481841,-0.0208511456061833,0.280239349372723,-0.0941977722942975,-0.182964296495638,0.248221652535493,-0.150160195539155,0.154711762749321,0.0325055842683309,0.262657752027054,-0.170384818940917,0.00849648484907711,0.0417716652093992,-0.0929732908448859,-0.132841153827148,-0.0447296411257471,-0.0780230038025791
"Bulbarconjunctiva_11",0.114458883964734,-0.0946476056577652,0.0476323790592682,-0.156048995616601,0.283775663830756,-0.0951173423675888,-0.0082852124834676,-0.0310456794867555,-0.188574574499791,0.185019325241924,0.468598870053269,0.126957402070447,0.834421213415144,-0.112989409073994,0.118606140634988,-0.0310456794867555,0.351827562225441,0.361027765446929,-0.0271038766319021,0.694227042738177,-0.139377497945717,0.336378218593995,-0.0793774885258223,-0.261344553870553,-0.0679803697454078,-0.0310856831076642,-0.163641317413757,0.432395345640146,0.117365215237258,0.00511191126772333,0.121153353924845,0.0150560943431408,0.025282860753511,0.194139305838378,-0.0793556192092622,-0.134878316438139,0.0938567432075059,0.00766943895115942,-0.0476079922620727,-0.0076725896966443,0.126957402070447,-0.140062679274376,0.0152276136608972,0.165954121253172,0.238473948373328,-0.204381518522497,-0.00610844367900664,-0.0352500767050647
"Bulbarconjunctiva_12",-0.111766780377599,-0.198464209046625,-0.130495626368863,-0.20678909937277,-0.166803955460907,-0.0644665949950122,0.203339271019751,0.712121708335222,-0.316651392149376,-0.245761623892277,-0.594005329028311,-0.567999052461012,-0.631326912927952,-0.0887018216012209,-0.361634031772484,0.712121708335222,-0.527936493017273,-0.566180669084149,-0.124046518667717,-0.377414957866831,0.0233065587755723,-0.386745899564839,0.12084375930321,-0.141627355146043,-0.0799840498191015,-0.26668903324192,0.110516395048728,-0.239489409684416,-0.19997282420942,-0.188867523368645,-0.41186756947896,-0.178378125276251,-0.243310076746416,-0.271535931441062,-0.0858764021293615,-0.142160389860176,-0.0134978632266126,-0.0274096328949844,-0.238860416831251,-0.151779687045964,-0.567999052461012,-0.128928082137477,-0.137081665111006,-0.316757424759512,0.0902029630554323,-0.0455763505934956,0.099655281939919,-0.113625932284517
"Bulbarconjunctiva_13",-0.0933336835666445,-0.18932718109458,-0.0144730941996729,-0.0675610066615255,-0.077028518062337,-0.218119498011959,0.15830554742883,0.0394425362052263,-0.366269989363394,-0.107728420166805,-0.256255701280772,-0.301405087977416,0.0779901050221152,-0.00552937732800943,-0.176163212451508,0.0394425362052263,-0.271393644893564,-0.286632851558645,-0.113636064264102,0.0730864472293757,0.0156732513513154,0.162158115720161,0.0198061196496647,-0.134370874877152,-0.070643877069226,0.000428881137545814,-0.00627996933428714,-0.174776600892415,-0.0316125217881736,-0.0631960057382504,0.39787408333009,0.0341175324431182,0.0864827298306522,-0.0562205027614903,0.016688968247782,-0.102264918361489,0.0430786100556069,-0.00668925973477541,0.0184643503351275,0.0269420451123456,-0.301405087977416,-0.0617746466436888,-0.0398595875871915,-0.0446063596741332,0.0986677897931852,-0.0461596146572001,0.0909480239533287,-0.0361109761162339
"Bulbarconjunctiva_14",-0.0966621920426024,-0.13595390716339,-0.0150050877871221,0.0250615042702987,-0.0572994259471047,-0.209210368333369,0.162540474414738,0.0420529640242233,-0.15398737234133,-0.105067960249593,-0.228253647691368,-0.262549012001434,-0.0943197935569114,-0.0168230210907437,-0.2332055995031,0.0420529640242233,-0.250413219980546,-0.307363548408315,-0.0677632777313999,0.279462678510383,-0.028969269911747,-0.0886188089610732,-0.0418608629405173,-0.211559108856702,-0.131012942962605,-0.124904064816535,-0.117755955533187,0.109109877437441,-0.0542488391153851,-0.00928511471523138,0.0972576896722529,0.0487350812651075,-0.157605604590291,-0.0353753406494736,-0.0114633632802269,-0.238991925858115,-0.00781133657900344,-0.1194774007005,0.0274516356192225,-0.130057724145359,-0.262549012001434,-0.150465324978625,-0.0591076718469111,-0.0831096160048654,-0.0347358910239557,-0.113554448110698,-0.102234507889771,-0.17489991285371
"Bulbarconjunctiva_2",-0.0593521542594572,-0.114570421434736,-0.034105327924201,-0.0939813711199627,0.0257391362185276,-0.15633924259807,0.071845692672758,0.00530914486238737,-0.291851555918029,0.0147605862985984,-0.203700691664475,-0.28132113042648,0.533514369084773,-0.0710192515788917,-0.183697818376578,0.00530914486238735,-0.215413787119848,-0.224965602153723,-0.05412084525625,-0.0241712788320993,-0.0948958681359379,-0.128704716885324,-0.0664938143074905,-0.0791548916425594,-0.092214913848119,-0.0257696924160519,-0.112838361242266,-0.341255573521477,-0.0550641823306987,0.00103660788979843,0.0939014884236168,-0.0116899332897218,-0.106890849258298,-0.0949683417089693,-0.0188139189537256,-0.215044944071365,-0.00952237403173133,-0.117453107541578,0.000655794586557692,-0.0608890373126589,-0.28132113042648,-0.119528268438673,-0.0528826644126688,-0.0822598398333014,-0.0507744323588329,-0.280557306263811,-0.0429965664958236,-0.0879736710682665
"Bulbarconjunctiva_3",-0.0305966425218381,-0.160898824712773,-0.0237596697855531,-0.0665106961258374,-0.102814285777083,-0.170175731956443,0.0973107958328182,0.0639997049197533,-0.194907500516571,-0.112462281363207,-0.157325217356031,-0.129442196201639,-0.24669440572222,0.0139853000008943,-0.199891138664356,0.0639997049197533,-0.227713167627707,-0.218278885954015,-0.0762755047915391,0.0302190744169166,-0.0913695236401516,0.0780293096169138,-0.0098614822241026,-0.10225382759274,-0.132001177823661,-0.132285998665195,-0.111364065070324,-0.268593126907463,-0.0603821121143206,-0.0709995952104686,0.159670843256934,0.0061713252853396,-0.0901394905450935,-0.0687144361126092,0.00902085173812937,0.0401430262377492,-0.0193444263411111,-0.0611246609422584,-0.0455249117312982,-0.0760560296905066,-0.129442196201639,-0.11735356300086,-0.0913163699273089,-0.0876653815608193,-0.038476391980585,-0.0960780873766221,-0.0512105915853093,-0.0941850927194036
"Bulbarconjunctiva_4",-0.0266840864082433,-0.149665125795591,-0.0292759320041205,-0.0763718098327229,-0.100781144074859,-0.179315267680083,0.0877554733177953,0.0376693478175148,-0.223828005751308,-0.130635430690126,-0.175109001144299,-0.173566172505706,-0.281556382941923,0.0147201490956334,-0.217872274164949,0.0376693478175148,-0.20837804018373,-0.211756305742624,-0.0799438072741252,0.123140525028159,-0.0882761620427914,0.144598055719695,-0.0118600591156462,-0.137823352954341,-0.119811209147887,-0.0745960118719446,-0.100594335437662,-0.179477296862062,-0.0326090223519392,-0.0745031596610924,0.398165159632606,0.00507829168939883,-0.0878959995121807,-0.0508952267095209,-0.0164235904071272,-0.0439823077308657,-0.0181834848155552,-0.0556541069098383,-0.0391127944756231,-0.0645392489012017,-0.173566172505706,-0.121814171852129,-0.0822336701172423,-0.0817640136136278,-0.065925800506745,-0.094392291880274,-0.0527873701265124,-0.098282469277515
"Bulbarconjunctiva_5",0.0644328416057601,-0.116193134471739,-0.00870377499366582,-0.0706219441943354,-0.0693447729776176,-0.154424939156967,0.147871948064074,0.0871369747935824,0.164972458222614,-0.0435376327830695,-0.028089768033994,0.0869329972433827,-0.220126726540984,0.0471666788473975,-0.198730132192593,0.0871369747935824,-0.0163654317225561,-0.0217897191946355,-0.026051082324413,-0.0821874661556308,-0.0539519042918422,0.258428836998442,0.0311681029438619,-0.172722139561617,-0.109207078718984,-0.0984950608052156,-0.0714927416738916,-0.279589469236553,-0.0492185247844602,-0.0241494217915578,-0.0558085374052781,-0.0850608571018607,-0.0713612099960265,-0.0761068004311374,0.0336583310762845,-0.22257770945165,0.0192112273174678,-0.0320755229350782,-0.018724133855434,-0.0596328642840101,0.0869329972433827,-0.116108707000703,-0.0891160450332045,-0.134317778211707,0.0159552078910971,0.325957938744443,-0.00333590614614542,-0.113705900650421
"Bulbarconjunctiva_6",0.219701435451556,-0.100855553756586,-0.0371919048843986,-0.0519323147578714,0.294436011409906,0.668699640085371,0.0740317251888084,0.0374501127087817,-0.18292666854555,0.0644808815915958,0.159948550637098,0.11953852121957,0.367027029456094,0.00277551611616944,-0.0487125882181493,0.0374501127087817,0.0449721309259865,0.0829602319064431,-0.0772688273381431,0.119063888823732,-0.111923398452315,-0.139380318184013,0.0984829142751931,0.0334757971067473,-0.12788533093903,-0.035574389319968,-0.138011087509563,0.263869301701993,-0.0190026507987274,-0.0198207376853927,-0.0898112391407913,-0.00886095353986123,-0.05285107380811,0.0977129398537063,0.0055543970036199,-0.215655124978446,0.181939460246511,-0.112965610016644,0.0253660864346216,0.00332365429249311,0.11953852121957,-0.145135762981161,-0.0236647329119921,-0.0180566356212376,-0.0667574782544075,-0.0819646622979474,-0.0433491306030242,-0.107724837897274
"Bulbarconjunctiva_7",0.664854198031965,-0.17723086489856,-0.0639948426725194,-0.112309189751938,0.703402458683088,1.2047478509634,-0.0325753814130476,0.0514315494548934,0.56458292651998,0.171720987428303,0.627276025576208,0.215397643864673,0.479259638895277,0.0650774000537187,-0.0556242599658013,0.0514315494548934,0.386420623699427,0.40125767456291,0.0736746654828817,0.310748900957843,-0.145499352219216,-0.123727176376566,-0.0787491302335105,0.0903554559230934,-0.0746207766001666,0.0792295620532591,-0.149986768193847,2.12660861682067,0.051328110058022,-0.0435148326848075,-0.179418646941112,0.0635526780149565,0.123499881835126,0.812058228364416,-0.031640642244969,-0.198652817533426,0.990775474646724,-0.0998906466220372,0.42267748077324,0.153839689280456,0.215397643864673,-0.186191373534196,0.00876504831095518,0.175020115963648,-0.0396628474750313,-0.101065645540011,-0.05369924587837,-0.14215143185504
"Bulbarconjunctiva_8",-0.0108723714739324,-0.0215953896632716,-0.0488539112965036,-0.0774241262051506,-0.00359412317849464,-0.163696658468867,0.0518872855950963,0.0171281645757447,-0.228889441452318,0.0923765714098933,-0.110722191383126,-0.175190320515451,0.128526569517936,-0.102876512660844,-0.177585575134102,0.0171281645757447,-0.131744836019246,-0.128725652632589,-0.0492298697676326,-0.0926626855835296,-0.0411260396542371,-0.171790115169499,-0.0800911587218799,-0.0603502231135289,-0.150067854317947,-0.0143976844067841,-0.103019309570007,-0.379889951025521,-0.0467211973177203,0.00820070976175015,0.0985165706340474,0.082270419047301,-0.120598880556971,-0.0720684791477044,-0.0312505724606968,-0.135990176937457,-0.0297640536737683,-0.114804690443615,0.0501927887242992,-0.0284679022359075,-0.175190320515451,-0.117851929085327,-0.00855043061817368,-0.11709656456458,-0.0915231716052808,-0.339722178007349,0.115437791229758,-0.150295978768123
"Bulbarconjunctiva_9",0.493037409311139,-0.0297780722912992,0.00445540031888679,-0.124293961254042,0.200583638218088,3.3968818103222,0.0413355899519854,5.23507332908914,0.839674181370773,0.247385541695154,0.063435305914731,-0.324024367219862,0.182822239553779,0.0662773207497483,-0.194600259992163,5.23507332908914,0.0228509734817782,-0.0728736775099823,0.154034108476032,0.0484446961984076,-0.0896139178184016,-0.21477523010127,-0.0665889752995981,-0.135859318561895,-0.221994512754438,-0.0963518394289282,-0.131476080726914,2.35700643681584,0.00901330919560941,-0.180813661768393,-0.358810148603695,0.0662804677573967,0.107085091806228,0.080784889430391,0.0298327351440718,-0.164189927258687,0.325645214087191,-0.143179951693468,0.0340870858785637,0.113560745318708,-0.324024367219862,-0.207703618925326,0.0802282784686562,0.00484859269925531,0.0372439541460613,-0.0822985950515859,-0.16808810684106,-0.250467865586382
"Cecum_0",-0.0922983763843372,-0.128639088167637,-0.0512771776418544,-0.0640038088263172,-0.0777632325419125,-0.186363826240913,-0.106487324247392,-0.0139418013137915,0.083476561732161,-0.124707922532419,-0.0456250747424884,0.0690032542624779,0.0198392408252424,-0.0590808761049998,-0.141882639817358,-0.0139418013137915,-0.0763707033187046,-0.0674990099741246,-0.0176843429091757,0.0110955373762193,-0.241060828666955,0.328617868113523,-0.161196741182469,0.0509498960558847,-0.0579625613840556,-0.178762721710292,-0.178084342953778,-0.199235045267169,-0.00896232550917969,0.0137092968556695,0.22177956961705,0.019000002458132,-0.0877438453208427,-0.0334213545449077,-0.0252804825896095,0.351359706692765,-0.120033015281769,0.0759355410990627,-0.077563306708902,-0.0112531901394787,0.0690032542624779,-0.0806822011271757,0.0218508992034156,-0.0398116408084798,-0.0346734080859374,-0.154269568528868,-0.0478461086441582,-0.0455588363400583
"Cecum_1",-0.066288250303264,-0.153376690532273,-0.0633367289016646,-0.0956472399454503,-0.128079012756296,-0.190727844398047,-0.0936119896586297,-0.0290050615297188,0.121446929196525,-0.123978576061288,0.0125775930341325,0.147546013603899,-0.20614137295847,-0.0355889122787012,-0.059529207828034,-0.0290050615297188,-0.028462383501885,-0.0105576919620951,0.00355490973705784,-0.0227447049468694,-0.200720329964957,0.465639301207923,-0.14222912682976,0.0740864807768416,-0.0884979128295766,-0.170036656879055,-0.148676010557532,-0.0760155320131903,-0.0154848342081167,-0.00359078550012435,0.153863976146386,0.0339926357193679,-0.0293837778596704,-0.0130885696651176,-0.00658197952938414,0.413930610924082,-0.114344242333477,0.0399095040865495,-0.046016975618087,-0.0242046881704713,0.147546013603899,-0.0860187912427235,0.0537846811751522,-0.0899185088894124,-0.0175357597130407,-0.189396964614655,-0.0579391512320756,-0.0387827698841265
"Cecum_10",0.00846171744368449,-0.109480823005321,-0.0314017403594958,-0.0305640857631712,0.0240506099367264,1.35938917812375,-0.0670940377083099,0.0129313484692912,0.0551244172940382,0.0262771593915508,-0.176861385682404,0.766874434781703,0.0142800591421644,0.080564661677969,0.0600560040609644,0.0129313484692912,-0.0267782677542576,-0.0306558374950662,-0.0468421939222951,-0.201107183719324,0.395906778034126,-0.0243995726505368,-0.0820908742044341,-0.155339737764883,0.235672475923196,0.0263952088870734,0.321875450805209,0.105515144393966,0.0392735079836779,0.125151652954633,-0.229833866930101,0.127246273555333,0.637903358823713,0.0954037512478353,1.56360617512314,0.103421477559972,0.196412837022643,0.0841904184332763,0.214812320069441,0.287132208465933,0.766874434781703,0.727034507144028,0.0530549027086074,-0.0484156073572372,0.627530951172859,0.404716483568661,0.488916876456102,0.210375305377259
"Cecum_11",-0.121672289657011,0.0180413127596698,-0.0219276881979776,0.0398908923518316,0.283480058543892,-0.0277731437511522,0.0404110458653556,0.0157918555930386,-0.0428159254128805,0.0492944157245647,-0.169770086819033,-0.205344170248347,-0.156630003930112,-0.287552868166121,-0.175937539987766,0.0157918555930386,-0.139407197545111,-0.182472229351575,-0.0741984861724621,-0.133803395554121,-0.0987840539994582,0.502049588954319,-0.0650862373370818,0.0406098636956538,0.286303930829935,0.138187470428209,0.474657218072305,-0.511646162944701,-0.0453875511199342,0.09580579419967,-0.151378727128882,0.00048789162368861,-0.00427153609514129,-0.067864166710036,0.00816570531256887,-0.0321273457763424,-0.0793205093660356,0.0461780488525437,0.0564636780790464,0.0840665736860922,-0.205344170248348,-0.0807912107155508,-0.0478572680658486,-0.0480248903748647,0.369843289250864,1.09926430624773,-0.0198241739594377,0.00492492988099516
"Cecum_12",0.0590671849328931,0.00102393811878519,-0.0613717707371311,0.234895589731097,0.0755705763100961,0.0205172641704776,-0.0853799507327578,0.00471746980432153,0.0552214313857713,0.210006498366142,0.319386697395118,0.0252518354370985,0.107097082710763,-0.0977279461518642,0.164443093937678,0.00471746980432152,0.364019541108589,0.359115235377825,0.0870240646537345,-0.0166521295732451,-0.140556860283425,0.0228223028413844,-0.157115861782677,-0.185338442947559,-0.114598600438281,0.367165284816229,0.0779182606147274,-0.320651633996881,0.011695021240217,0.0166805836974596,0.0366357735048843,0.0337693087319897,-0.0354188047744694,0.122384319980848,-0.00381378774596897,-0.0544767112845327,-0.0973335844490091,-0.0152060524870072,0.136422504799428,-0.0290962308068691,0.0252518354370985,-0.101712357660645,0.0562181061663543,0.0859861572855632,-0.102337328378364,-0.445238393545297,0.0058396910446593,-0.013365298416501
"Cecum_13",0.0894529049740802,-0.115563107658996,-0.0485008170651283,0.243877309947491,-0.0202094614101753,0.0865889882392709,-0.0790138416386527,-0.0426771301281061,0.218974486774874,0.0794533411055216,0.550634869378441,0.559128437724836,0.0256896615967159,-0.204127129238629,0.0477326294960343,-0.0426771301281061,0.522843028068602,0.562226409725544,0.0580490237047561,0.3295283633348,-0.200010181217908,0.215790695377285,-0.132085712841656,-0.220695861923895,-0.151320970084456,-0.0747703878282866,-0.0478192124472721,0.224251095930706,0.0452148814973326,0.00253538376537636,0.661301294285764,0.101906954671267,0.0767075692859625,0.21532986104703,-0.00590585373484953,-0.071547799299466,-0.147639159762732,-0.0319600932169717,-0.039506367854588,0.114606437751999,0.559128437724836,-0.160182636357343,0.08534044237198,0.0510022913456018,-0.0591208688782771,0.0553666478188568,-0.00219576318652484,-0.0371187178161882
"Cecum_14",0.277849823531695,1.01030923802532,0.0828301065594809,0.245558263204336,0.395138257734405,-0.0830401635365768,-0.0214132583771205,-0.0378448813745422,-0.265195152663502,0.548948670516887,0.622978060006215,0.444363824262412,0.379783354209253,-0.012708184289473,0.136015198814744,-0.0378448813745422,0.602289498178355,0.6163989453512,-0.0301375601879345,0.418070041410894,-0.13185113375159,0.0673747672175942,-0.130039956193184,-0.214513605078815,-0.0963949738275123,0.110099929728083,-0.134811646781948,0.178295153581945,0.141419091909229,0.0606338840636659,0.175305876873964,0.0982645451953999,-0.019069744823384,0.171403352376768,0.168371705563902,-0.13106365514416,-0.0614035197884036,-0.0995914014110798,0.00862753646820963,-0.0369137951783698,0.444363824262412,-0.0554838630860626,0.0361082430037839,0.169868702125036,-0.0413476166829023,-0.181140676939076,-0.0472776475696084,-0.0228612345227811
"Cecum_15",0.386519612752695,1.2152808278715,1.68594299214221,0.287908572896436,0.60215986178558,-0.150426778442385,-0.133369440732766,-0.146028102151846,-0.192865966676172,0.611536458562932,0.526295102209511,0.409160358127197,1.14283955526218,-0.0466599581302633,0.168960475639825,-0.146028102151846,0.576872027019518,0.555335234851744,0.100456538220718,0.281814190320231,-0.124769210338525,-0.0647277183906388,0.338013857935612,-0.175944552139963,-0.0355592171752732,-0.0564428846596349,-0.110535260968649,0.191303227788213,0.168960340237568,0.116815623291901,0.171407467391952,0.0963721302925726,-0.000902641966535397,0.165668043410537,-0.0228893456972032,-0.118822226133347,-0.122476931207774,0.0330456907222009,0.103783374746688,-0.0959990666705254,0.409160358127197,0.010187003771878,0.0120581680468691,0.193532776572506,-0.151378907700796,-0.171813022845461,0.0104869412327661,0.018683631300856
"Cecum_16",0.142092478940988,0.852615323005666,1.00897924466775,0.206429021692292,0.333957214077238,-0.062887613223579,-0.113520386467207,-0.173560128399742,-0.0515951141196328,0.518781845213001,0.391305389971013,0.293064727733681,0.857815287810185,0.0227982038406074,0.0270229080016135,-0.173560128399742,0.439145899916098,0.387748791538656,0.27389934404617,0.304189567404476,0.248136096366147,0.136737476594553,0.832101976156997,-0.0479029906104229,0.00213080923612958,0.107857451426398,-0.179594326141058,0.0433762153505661,0.171827862543469,0.208708339442194,0.0707224444762337,0.0595311662852973,-0.0748684751963489,0.0698750547243832,0.0393710524544131,-0.147309086714715,-0.144107326087466,0.431430496147433,0.167760331842881,6.67112857769046e-05,0.293064727733681,-0.0663649848398121,0.0687900513402552,0.149732810377794,0.0906492115317218,-0.250202297586808,-0.056200184648955,-0.067915791052964
"Cecum_17",0.186867860282147,0.419446920202509,0.770392737172131,0.288715330043029,0.277560994613649,-0.046500017341675,-0.00944112070399402,-0.118505931825585,-0.202733976597283,0.436138006865597,0.490045857941719,0.0904831394934187,0.861930941611804,-0.144519163088964,0.3482354094531,-0.118505931825585,0.453323513335122,0.441542525044111,0.0881475412573065,0.399475200265556,-0.229263622650413,-0.0598012549700753,-0.192198916292717,-0.144119718963824,-0.0494502526443214,-0.077470352790407,-0.220382034117534,-0.273546349138217,0.0753884310133785,0.0357787942917779,0.266265691238407,0.0629353687992246,0.0593631278606753,0.143956515107536,-0.065683512961247,-0.143256498350221,-0.0695003338014926,-0.058860745171945,0.00717777939185811,0.00113562862587938,0.0904831394934187,-0.0894075696866788,0.0247517246264734,0.255438877521718,-0.169440278657415,-0.410970174839934,0.042519549967273,0.114400524537479
"Cecum_18",0.103642489794377,-0.11571626129323,-0.0372916801385508,-0.0877631590182229,-0.00338263636448382,0.165169038643014,0.01807922528952,0.0183770299987428,-0.0206104128773161,-0.0359893421341963,0.0608585915924875,-0.00019403325624951,-0.163832252215606,0.205333576996149,-0.089741517701352,0.0183770299987428,-0.00182902471962151,0.0317949010385993,-0.0241095170500687,-0.0239442511966529,-0.107676265751219,0.248186057705756,-0.0160288333743715,-0.0325454668751766,-0.0153585561079382,-0.130993021074224,-0.0398150492621371,0.029034508333198,-0.0406968792966563,-0.0160472887361397,0.0205407070271477,0.0139299023612059,-0.0956011636593092,0.0835967078066888,0.0152857516418947,0.0627666378822904,0.0122095126372433,0.0204672973898957,-0.0673632667159511,-0.0796409007336153,-0.000194033256249567,-0.087348485443406,-0.0225691141416395,0.0229220396288896,0.0254816781348533,-0.0815192209098017,-0.0182958582059162,-0.0418998206483206
"Cecum_19",0.0437176829983671,-0.0567531448157112,-0.0314489826377721,0.0967826663178359,-0.00367025588915379,-0.142300804855661,-0.0636487079425986,-0.0631953526842546,0.109539139372164,-0.0183717886219394,0.310292781134139,0.447508335481857,-0.10776491627874,-0.0647481037915384,-0.00464833889298199,-0.0631953526842546,0.222578260843216,0.244857665011193,0.0278363612469902,0.176076782850498,-0.185999611216315,0.404430879392189,-0.135015153404236,-0.0928639761865439,-0.0763862583073891,-0.051670247830009,-0.127802298068337,0.0228838573624138,0.0382443865200918,0.0268372763753083,0.301472767499953,0.0626141583907985,0.0741845466375581,0.131034931753346,-0.0460386147101153,0.186082799447547,-0.0864272914098995,0.0582596819454267,0.0421731306750894,0.0884315103609911,0.447508335481857,-0.136078647961575,0.14341209829084,-0.0158668409965731,-0.0346567843523058,0.00977656301024109,-0.0266967871448335,-0.0220416759023503
"Cecum_2",-0.0763591039696821,-0.17969179393351,-0.0752833823584665,-0.0809495844441083,-0.0886257221934175,-0.21201737435714,-0.109057526508801,-0.00461244417189834,0.109273416219841,-0.105409985402493,-0.0191596971218045,0.108309775132427,0.0309158196140897,-0.0361336883353071,-0.146830242834324,-0.00461244417189835,-0.0323650440861756,-0.0208412231450938,-0.00542140468497106,0.00842522939120155,-0.235090355300027,0.304984817039321,-0.147421759865211,-0.0126453363451551,-0.0629001669761716,-0.158622826482103,-0.17135870419822,-0.131131689551961,-0.0193180395955105,0.0182295791572393,0.162434849307383,0.0268173870112386,-0.071026579997642,-0.00572939275428215,-0.0087661527481754,0.378015787168734,-0.116238223772168,0.0678048845550724,-0.0645946922704493,-0.000295559044717512,0.108309775132427,-0.105211365736789,0.0367321609939653,-0.039194202334492,-0.0627540209022265,-0.183017829976812,-0.0466114268687774,-0.0570275688007454
"Cecum_20",0.330573975050618,-0.162800226113834,-0.181853071889219,0.371365368705213,-0.0619277478916327,0.114474770629892,-0.00763559157179784,-0.00481713744194561,0.31099406403598,0.280701684236514,1.27108216932417,1.26302203605916,0.237779333974221,-0.166351254922245,-0.0227340535330051,-0.00481713744194561,1.34624873452986,1.40657450568236,0.10628635941455,0.44258417480882,-0.207232186518291,0.388182481568658,-0.13149750675788,-0.348499145146258,-0.180307964139854,-0.128217236880706,-0.0872757173839902,-0.430946180886902,0.114188520556502,0.0938016376166454,0.420333924010849,-0.0253675115890314,0.0603021749003347,0.492432711062317,-0.0497257307479106,-0.267685683571375,-0.0443204735243201,-0.0421144515644621,-0.0170046195425555,-0.0382393592374112,1.26302203605916,-0.103654608105885,0.0834811838140455,0.156397660969416,-0.0940949249101354,0.263783629312316,-0.0342476137054349,-0.0871225540056947
"Cecum_21",0.395304686064944,-0.0887488572840994,-0.0668074650506617,0.264438888635655,-0.00214373584528724,-0.0781336836812889,0.0638109499058254,0.0328951494968272,-0.00302628518743636,0.306203359671158,1.31320950001522,0.948973506900873,0.162463179050561,-0.0370330336114444,-0.041007485990727,0.0328951494968272,1.37637398754156,1.39526546152835,0.0260599580345883,0.334383551188811,-0.158560958756506,0.263763452950811,-0.0770393829983141,-0.335703644512021,-0.128508855988684,-0.217248251106027,-0.0341360505106792,-0.211633870821664,0.0661867663809821,0.0911734216357638,0.200078619461557,-0.0665510700763114,0.0751611305001997,0.369008757374311,-0.0120564094124175,-0.221692022491568,0.0153441916365953,0.00108861373850012,0.0301378067893843,-0.0174810502178679,0.948973506900873,-0.124580433970106,0.0872033374583044,0.217632043350035,-0.0788644901620306,0.298657389067834,0.0406966857686154,-0.0466410223082783
"Cecum_3",-0.157820846289992,-0.140531319390372,-0.0504260913579873,-0.0886045972262185,-0.145484142854986,-0.120762254490635,-0.0449660651820842,0.0140807998662925,0.214904106932032,-0.190513868373874,-0.261502464624665,-0.247859091705126,-0.307616440236023,-0.0244479023189542,-0.231219320868565,0.0140807998662925,-0.274659256996429,-0.27839525299462,-0.0128538321613359,-0.146740792987762,-0.177950402106205,0.513112804539372,-0.12033901244189,0.0809338939727684,-0.0289134069998582,-0.135726951805674,-0.136030196317908,-0.2192130857535,-0.0645632217239228,-0.0181071297656233,0.0159908922310185,0.00239216464905019,-0.130331133656673,-0.125449535295444,-0.00240662620019084,0.412607137284842,-0.0739004527701062,0.0888739327627243,-0.0863151427989839,-0.0926578719053898,-0.247859091705126,-0.0369321507189394,-0.01493475510378,-0.100065175314724,-0.000999044558533477,-0.13805430801161,-0.0716495482060077,-0.0764266058853152
"Cecum_4",-0.0995785357434723,-0.0174017040261658,-0.100304784278045,-0.0347068973119792,-0.0939067220865338,-0.160892306549549,-0.098555469933094,-0.00932968113797478,0.073874109459205,-0.0911487595224116,-0.0218711771500083,0.0938939838860646,0.0531478483559524,-0.0945118346225815,-0.170624986062113,-0.00932968113797478,0.00381695903619438,0.00418304217582136,-0.0582615741855107,0.00320903147751405,-0.211560207321719,0.317222751903882,-0.130663480642674,-0.063741278644809,-0.083334177638953,-0.1742843373725,0.152464246965063,-0.360438522036025,0.0207191292424529,-0.0101912101193644,0.530115131109239,0.0197309578253299,0.146351050829199,0.0193385611009811,-0.0117382688950469,0.0347191435539932,-0.137041519320083,0.23096262020427,0.0192322871579309,0.23257406448602,0.0938939838860645,0.0121973936918054,0.0511311988308035,0.0073212774063457,0.159671587084901,1.78852917200654,0.145774962948808,0.0640190307961833
"Cecum_5",-0.0661601352805043,-0.0918525201811996,-0.0506583521919287,-0.0681510358550381,0.0158591640991948,-0.193806426774227,-0.116247204869007,-0.0270075810910037,0.151924343773487,-0.0827576155135365,0.156618955086122,0.140329917748325,0.219852557472773,-0.0524278403193369,-0.120678036327952,-0.0270075810910037,0.0137096768034243,0.00988496076063145,0.0342770697571879,0.327844527629283,-0.14257915756516,0.296379333017031,-0.187462514709656,0.0412817925247992,-0.0576220717262308,-0.206056529652683,-0.178930672502661,-0.224982578572993,0.0353731297248959,0.0494761638457391,0.424730265470994,-0.014413885180374,-0.076854607237938,0.0400265446169372,-0.0399869727927328,0.0604573610180935,-0.135432429071574,0.143201653882871,-0.0566071362542588,0.0716263498155847,0.140329917748325,-0.111358887504273,0.0590863869065716,-0.0126227962605356,-0.0296872100474149,-0.0821154539723727,-0.0589958774657386,-0.024471973063665
"Cecum_6",0.0423399881590868,-0.0701875321247371,-0.0535157172840208,0.0145903399217941,-0.0786294469541838,-0.0705132777437144,0.0608154989822582,0.0340159609518287,0.0230505316716779,-0.00390744598528944,0.245752732907238,0.262954346310839,-0.305411876982158,0.00773265349184621,-0.165240253120372,0.0340159609518287,0.231577871184375,0.223772961787058,-0.025076848756299,-0.0652503127445444,-0.12472677484702,0.288996790513414,-0.0751116895560762,-0.116993033581555,-0.0402189777332401,-0.15295763065056,-0.0201409389644651,-0.348450099745396,-0.00442867285470835,-0.0211693154762666,0.0598656621418885,-0.0944216841550593,-0.0297456332244838,0.00190942632665944,0.00659807913434607,-0.152114806660602,-0.0321265798238285,0.0700986664836548,-0.0379778836611922,-0.0662139792675279,0.262954346310839,-0.0344101475802956,-0.0234616697218039,-0.1014958128343,-0.00293971941668957,0.829687522807284,-0.0100537454601837,-0.0593654624447665
"Cecum_7",0.298222117984342,-0.141090357204938,-0.103133597549817,-0.120863589781265,0.130108600348346,1.41395365651344,-0.075510296936609,-0.125049928955683,0.302168264265832,0.0733539051988941,0.547087150582551,0.169653302122061,-0.0959279882182059,0.112661288647399,0.0747326267488163,-0.125049928955683,0.512793319528711,0.576416163501643,0.0366885843946339,0.25024236568626,-0.144205726055101,0.381639432373685,-0.204512143447032,0.223476310756638,0.116580420196327,-0.0760841361872515,-0.047156953397384,1.37721406086307,0.078068187842182,0.0479803631612346,0.107197917420125,0.0795856178202046,-0.0104800525539841,0.214663500170748,-0.0645960758897811,-0.282106541278276,0.0586807041841267,0.00794787159963307,-0.0731531057849738,-0.0672411978113533,0.169653302122061,-0.0046519523133943,0.0497923033281536,0.439374601414684,0.0701137400763782,-0.133381631275651,-0.0114014990610137,-0.0167022046351863
"Cecum_8",0.0913014752250286,-0.00436592119981119,-0.037748911418506,0.140336430941568,0.0600538070236534,-0.0599740629836964,0.00713113276001655,0.0210592210557886,0.237191379428202,0.156608280497777,0.266976855259196,0.861395577254705,0.407169557005371,0.0413615505104664,0.0765438792568759,0.0210592210557886,0.397815898081398,0.3961786773891,0.0519165164067554,0.117061808247336,-0.0884491008473214,0.336648395801636,-0.101155863388778,-0.252610885482289,-0.0333935619691017,-0.0226221192559561,-0.055046990895945,-0.269731888521035,0.117630354263315,0.056020395393629,0.0594281599160645,0.119127513963082,0.241737841553672,0.205431053650285,0.160043503223384,-0.114093279897269,0.0151150724186364,0.00492001731792629,0.131062082755781,0.38205182616333,0.861395577254705,-0.0310203255855239,0.0990638035919562,0.0691029890301119,0.0501706769864745,-0.0499527136007425,0.215546447947426,0.0188949568819826
"Cecum_9",0.229628579283446,0.123099348458339,0.0458248841262069,0.0865111804774299,0.156911803672944,0.111808239106564,0.00662112166243767,0.0164897546845233,-0.0523415531780561,0.165703515799326,0.295030249012149,0.632719966328293,0.498507079581699,0.0420321663173578,0.0421028521488513,0.0164897546845233,0.487563186431911,0.459368553039047,0.070017344862817,0.055819894132318,-0.0596611636300681,0.201439602647915,-0.0982782335595005,-0.216849879589511,0.0571092989362608,0.125474522490261,0.0451158623215588,0.570555419090893,0.118302461259298,0.0179471179239811,0.102359213738319,0.146678834307197,0.492603772899037,0.118146517513873,-0.0665318124917961,0.173618964561353,0.016210011542856,0.0346420449809933,0.25552225226802,0.441003256413878,0.632719966328293,0.910121104611688,0.131202771826002,0.0225596130040879,0.164065767138795,0.00887631802278262,0.518530560607121,0.165884166233154
"Cerebellum_0",-0.282363607407754,-0.193892335312466,-0.0191338125538834,-0.261275956029756,-0.357082752725695,0.133616058143663,-0.159234145201606,-0.0899163205356532,0.11752205059108,-0.350217651239045,-0.548219592271859,-0.558148543776556,-0.449532831381551,-0.040891312087566,-0.39545181297882,-0.0899163205356532,-0.498432109838057,-0.541017865418323,-0.0483379956385277,-0.268218781120873,-0.29088014788302,-0.213472420739845,-0.300400950477076,0.0590953220279952,0.108662395264264,-0.42728175854831,-0.0549712744361666,-0.430408443921925,-0.0669078172336315,-0.130175519779236,-0.261008800600226,-0.222391974145409,-0.161423032787931,-0.244339810341008,0.0260618135115769,-0.240425295940382,-0.107789193666766,-0.0837182192828942,-0.28484028252287,-0.287220267693542,-0.558148543776556,0.0287747423479384,-0.145628050913083,-0.0922424683708087,-0.0270069289889716,-0.721299473849922,-0.177509868438576,-0.135812361769032
"Cerebellum_1",-0.317431438058409,-0.211963439955529,-0.064078177431104,-0.329090167571888,-0.420871772166169,0.232780645726932,-0.214182556261086,-0.151493871678445,0.219726790773659,-0.406767267528668,-0.58981166356985,-0.608993305797887,-0.536883540513322,-0.0217386509272005,-0.451559494876458,-0.151493871678445,-0.540261466309222,-0.58935169566199,-0.0352328680055359,-0.298859681239644,-0.353575040669969,-0.208006839726658,-0.396987585024998,0.116994289553381,0.13593578578499,-0.499061697742416,-0.0852251247256032,-0.476728835692247,-0.0565532882326935,-0.109514171327122,-0.289012469078041,-0.238780191256915,-0.183278428476525,-0.276267636155716,0.00889190406248215,-0.255387793795288,-0.13845754560386,-0.0797149999973506,-0.310552818170188,-0.321158400404878,-0.608993305797887,0.0923633687449106,-0.150174505824167,-0.0841787370283571,-0.0378028831746924,-0.880478905732801,-0.215472067774126,-0.134445255578715
"Cerebellum_10",-0.168770225922153,-0.115886870913696,0.00163641182638043,-0.0603466295993224,-0.114366633566682,-0.096450920762377,0.157910161218796,0.0925224447827785,-0.119930764066815,-0.168196706947499,-0.370186777155755,-0.368529117186134,-0.310378809144996,0.0446748065072572,-0.233187781436904,0.0925224447827785,-0.335527245934687,-0.378127622370674,-0.100468087128872,-0.0686544124315806,-0.0446184093614299,-0.150703846931772,0.0317260594412833,-0.207479392748425,-0.103417458957888,-0.222924732006525,-0.0480288539237015,-0.256403472015224,-0.136094276796646,-0.151526910086007,-0.20989223735691,-0.147892645713935,-0.128355940572094,-0.0764324020897402,0.0360400093706695,-0.180533805987024,0.0136441399974005,-0.0733748947188806,-0.162021836658998,-0.147656443268985,-0.368529117186134,-0.112396130816011,-0.104461293306078,-0.137055331142487,0.00380854864408292,-0.214331658679337,-0.0657593452985303,-0.107818543566552
"Cerebellum_11",-0.256148103952391,-0.0769800454428437,-0.106337724349188,-0.132582214073447,-0.218349932224161,0.0062902389191101,-0.0892495030559149,-0.107340797928439,0.0393832743046879,-0.324585842963496,-0.569955718237028,-0.565485077777675,-0.617817894941118,-0.132312487198065,-0.391842955721546,-0.107340797928439,-0.499355392016508,-0.57338660728174,0.00301916914744505,-0.338688339576843,-0.163082101294722,-0.256736540399803,-0.0162167701759188,0.128547458975241,0.398991621352295,-0.20296510620654,0.277011579739409,-0.419374419101839,-0.0646388594148286,-0.00144675053480686,-0.214296669454873,-0.173998244377238,-0.0924661317251931,-0.27030080358123,-0.0371741305087196,-0.174975900922448,-0.141045535358208,0.132851056010333,-0.15402815856095,0.204747182936326,-0.565485077777675,0.303798011599678,-0.0249359533969656,0.0744497420060892,0.213697135942587,1.28478337077276,-0.111432691637758,-0.0029826932953805
"Cerebellum_12",0.0809222165701145,-0.0969162233749787,-0.0231118516990659,-0.0785772882497175,0.00407162994891538,-0.0259567821419028,0.108212041253109,0.258116990322834,-0.263784602231225,-0.0908893160912246,-0.128289404021336,-0.343721638782828,-0.319900826054704,0.0870911377026424,-0.0895286245603257,0.258116990322834,-0.170312729658405,-0.210307168674057,-0.058024638820189,0.0511128075226924,-0.0860400759877562,-0.19391855547113,-0.0738740714049551,-0.196848444767893,-0.0662132773500547,-0.148597238882951,0.0234493890704972,0.40010949092345,-0.072468572279074,-0.102019071498073,-0.0617168641790399,-0.159447435194873,-0.108025572275037,-0.0776151436495763,0.0384862859998932,-0.166245577419638,0.0172468196615696,-0.0801232078709626,-0.186722656204749,-0.101165660207549,-0.343721638782828,-0.0996405321499068,-0.0977343574895485,-0.0588710840550783,0.080310961689849,-0.265741429589572,-0.0607773618265168,-0.0636437068700837
"Cerebellum_13",-0.245658389219062,-0.210550022627459,-0.107057054811835,-0.322192440399433,-0.345796375710722,-0.0990146973071761,-0.237556058717479,-0.256567943302654,-0.241261806773529,-0.393358207053559,-0.641236551250254,-0.842203817800738,-0.671405908244537,0.10563126989064,-0.421859561931914,-0.256567943302654,-0.640807040210084,-0.703017298452174,0.078485494637935,-0.358166964552714,-0.443487416824816,-0.233250310746807,-0.385801728503635,0.0165973349411945,0.360761606712882,-0.206718335192584,0.449646847820801,-0.0302349517779414,-0.049487555872345,-0.132352193892677,-0.437297680912441,-0.238697133575079,-0.16925155988529,-0.355222414063197,-0.0296852130874169,0.174745507212206,-0.199290056751455,-0.179661017907096,-0.312965948277413,-0.135995292281879,-0.842203817800738,0.0876738202626946,-0.132210526973328,-0.164861617109925,0.0291281561563637,-0.736550766916085,-0.0733312808869064,-0.0717738033060378
"Cerebellum_14",-0.138906940104219,-0.107931319727891,0.104382516467439,-0.150438531059191,-0.124790355118526,-0.120733945141641,0.000764235078147312,0.103757075096474,-0.102384051394418,-0.129176525236359,-0.149678715578323,-0.398054385391974,0.180848211059926,0.00681934513660309,-0.196815874982986,0.103757075096474,-0.180314286348475,-0.210554051708073,-0.0584907982453247,0.301238882165255,-0.146954233546879,0.064867427911887,-0.101627029399864,-0.264391909743566,-0.107098463688104,-0.299210091269724,-0.0406167524875498,-0.291805071485663,-0.0773556774546516,-0.12190214313144,-0.107674159675198,-0.165832609360675,-0.126829338527936,-0.00577149809135982,0.0170308492782386,-0.239252515713294,-0.015059110914242,-0.0242688738644134,-0.23794115795027,-0.113483701054945,-0.398054385391974,-0.112374293188787,-0.000620160642850926,0.0873346820739203,-0.0476577415903819,-0.366605229613987,-0.138794255090085,-0.156894601044133
"Cerebellum_15",-0.343853300289651,-0.236351553493471,-0.0784182720833669,-0.355326742708568,-0.542238927143166,0.182986935935724,-0.0746389712520871,-0.330182167966862,0.304361037520635,-0.441030522879406,-0.649644852362974,-0.745294752590536,-0.516276072522037,0.0632235603320204,-0.528276444130223,-0.330182167966862,-0.563885604844847,-0.616951593068119,0.0104568765373132,-0.24538143874899,-0.554218182870939,0.0739958164504983,-0.55303823262635,-0.146574138812221,0.311940461062423,-0.708328190636831,-0.013716418178028,-0.528099079434407,-0.0789038601237948,-0.0337517702712703,-0.317913635292028,-0.161466164281328,-0.293018772289967,-0.31764198986903,-0.0918378406408299,-0.0579908798833129,0.495159063410677,-0.061300306258706,-0.303656427528804,-0.383435614792811,-0.745294752590536,0.0785017190010203,0.200920250052913,-0.01070961286279,-0.0138163432210338,-1.05866329782417,-0.109216336123091,-0.00960256328597603
"Cerebellum_16",-0.252693191399672,-0.289117037553807,-0.103679320838498,-0.433038101954134,-0.3877882611941,-0.212348761521352,-0.379346753732585,-0.311851337466657,-0.444824626212093,-0.420793353451104,-0.628125511302151,-0.74609356040501,-0.509357253083699,-0.159948783051075,-0.452495371279585,-0.311851337466657,-0.534121011052054,-0.694181623205538,0.160751671375392,-0.323397520407518,0.00768270035802237,-0.330045148556602,0.934867096668138,0.253181495029304,0.314586573968725,-0.408142685353122,0.584547959862941,0.170328113838483,0.0457343311664095,-0.147041308717624,-0.180484975803958,-0.225288725389325,-0.22507265566389,-0.391912116043056,-0.0200747483853224,-0.243488714925742,-0.291874175828496,-0.0586259320477339,-0.35556104165029,-0.279692495712245,-0.74609356040501,-0.00149230425706911,0.00108023137583027,-0.127836266585257,0.14776191149744,-0.829297209934296,-0.182690328472306,-0.177669370206003
"Cerebellum_2",-0.303894357960853,-0.208388346273663,-0.0212268756897429,-0.299539442984513,-0.389704327514349,0.155309344955824,-0.211780519845216,-0.127997636623912,0.211749275947665,-0.369641129899096,-0.559660835164159,-0.577173013035303,-0.498732967664379,-0.063624615558491,-0.424677898158925,-0.127997636623912,-0.524430856207761,-0.558208125314038,-0.0271222802269266,-0.28363449089377,-0.316215787890863,-0.21163922868169,-0.344410088445282,0.0749390983510697,0.169078514944494,-0.462430710188057,-0.0494465612367416,-0.463593440014851,-0.0444092077711335,-0.121183831915911,-0.290969569337753,-0.235848909165189,-0.176664352807782,-0.261268773887606,0.0156225445414369,-0.22878954520852,-0.12744574818607,-0.077291437565943,-0.300317556182475,-0.298141844127189,-0.577173013035303,0.0301567402412439,-0.139905664899609,-0.102631401920135,-0.0248244854343028,-0.678616118399312,-0.203448039778645,-0.153405406359356
"Cerebellum_3",-0.328597251288654,-0.221543943022066,-0.103956299297038,-0.318487496868752,-0.439844967474931,0.358839893980896,-0.217389701770486,-0.151725364858753,0.254907987858962,-0.425199695655439,-0.599609109531023,-0.653916282710675,-0.536524068813142,-0.00106705178925373,-0.465529983695427,-0.151725364858753,-0.546909442998028,-0.605330299319867,-0.0612833610281081,-0.323550117360587,-0.380193462741458,-0.216493134422711,-0.441478928118168,0.104075672608611,0.100573038164574,-0.530866947050186,-0.0973334885228905,-0.490152897130683,-0.0569708726612827,-0.0921948687881249,-0.297922325446128,-0.250255716660204,-0.197304424290304,-0.276579723404418,-0.0066657070142681,-0.290858561605187,-0.158246597217686,-0.07036898007222,-0.326823156746193,-0.318875423613402,-0.653916282710675,0.123718628829548,-0.157937754345644,-0.0925077366144647,-0.0309453755130499,-0.950059353228603,-0.241648437104748,-0.147258135967274
"Cerebellum_4",-0.216675159130803,-0.19152634263276,-0.0965402861476769,-0.241555536669089,-0.338327229391218,-0.0629078590161343,-0.248492805074622,-0.280676739029479,-0.0242775302616096,-0.37546925965015,-0.613275242308043,-0.895738714679809,-0.67471755424387,-0.0507823443103879,-0.386957011877813,-0.280676739029479,-0.574234593549677,-0.676001605966616,0.302867007851254,-0.388505690047162,-0.438845555120971,-0.309698455985858,-0.316889667740937,0.0420311504022048,0.220346587143488,-0.262255685542814,0.682338966241965,0.140501787426377,-0.0217255970405205,-0.144094595057831,-0.405382378832513,-0.205148337204674,-0.220470459022666,-0.36506534218344,-0.0249255587300136,-0.0636245466582902,-0.216135799471207,-0.137184830302464,-0.285071313064365,-0.326606007014746,-0.895738714679809,0.0235519964876984,-0.0814648210742372,-0.161510997431846,0.0647094370925678,-0.722008752991768,-0.0443391488234623,-0.0719964174965732
"Cerebellum_5",-0.185717405175472,-0.136120208205027,-0.0012938276162018,-0.120605105915094,-0.173470263415835,-0.102479758356655,0.165887397386162,0.284085245472909,-0.235303861475342,-0.212200841086847,-0.456729213353434,-0.423214682972646,-0.484412257987335,0.0322044038724921,-0.278985774811875,0.284085245472909,-0.412481964826824,-0.454528738654106,-0.13412367638144,-0.17809230555482,0.0144651995130319,-0.242518943893135,0.0755967800068201,-0.202934913723913,-0.0243787065662215,-0.248758691519034,0.016313180568089,-0.187936853565138,-0.145254972161477,-0.166992701001858,-0.293153129456925,-0.16720380383678,-0.167195156672718,-0.1141102936277,0.0098231691426667,-0.173436808799137,0.0461435242545758,-0.0643908694842422,-0.171942207123082,-0.180756314131561,-0.423214682972646,-0.112233664933722,-0.131771229644144,-0.176440494788818,-0.00908059352570565,-0.196940864790017,-0.0328850278964676,-0.0964934041267794
"Cerebellum_6",-0.24716982321704,-0.115994856303291,-0.0587059897776606,-0.136311418508662,-0.263184916644054,-0.0843764519498773,-0.0972839595715309,-0.0796139948853497,-0.287300739199454,-0.294316072204238,-0.506485992068863,-0.537660047120668,-0.582551595329547,-0.0662991433236777,-0.385371516439685,-0.0796139948853497,-0.436278575308245,-0.506390720376772,-0.189571183065731,-0.251992010492893,0.129920278709415,-0.294955739839241,1.8327288017325,-0.000978800500236957,0.13352188026566,-0.309665838759138,0.12015897160193,-0.363325535951124,-0.0232972876503018,-0.0823141450988248,-0.238020061331149,-0.172882201900504,-0.237789954619659,-0.269872445005096,-0.00127972899333298,-0.089501443244669,-0.0800696780440306,-0.0749404757678352,-0.259419558541343,-0.109904891826928,-0.537660047120668,-0.0890469356417204,-0.0292644181654392,-0.132308053816062,-0.0330799135756431,-0.468565936412325,-0.180042455256824,-0.195186333660965
"Cerebellum_7",-0.295019022031883,-0.115786449523246,0.146343767659887,-0.411020332997977,-0.482470725661036,-0.242295236024371,-0.274092084655464,-0.107582596791372,0.239746898906401,-0.412809049690429,-0.585981385460706,-0.83621182516318,-0.525295705361338,0.0689429793472328,-0.483733038185234,-0.107582596791372,-0.523559175523756,-0.589611717136691,-0.0158858514356758,-0.177213271262676,-0.490916212931484,0.0156562218396838,-0.466200222380608,-0.063360840263632,0.2014616205636,-0.613316845178275,0.010027479347991,-0.513440531129189,-0.10375141331135,-0.0376475202317789,-0.352406684626138,-0.18454477338283,-0.228087666725852,-0.27244947429952,-0.0321760119136564,-0.0614196538508057,-0.158095771984407,0.046517806646745,-0.387545897897378,-0.35499578068092,-0.83621182516318,0.0604746306047432,-0.0760395663509287,-0.0260658361453627,-0.0427077096589457,-0.860133156538588,-0.275193950452739,-0.244241273272746
"Cerebellum_8",-0.315415728769192,-0.0752881659158358,0.342716457286032,-0.298929122439403,-0.468949545427448,-0.186032037737284,-0.197176371172876,-0.151193535466203,0.142808721151862,-0.399169167919396,-0.614540391955582,-0.768068882237946,-0.522728930810893,0.145008760239039,-0.480831560575191,-0.151193535466203,-0.547517468224932,-0.575376995631366,-0.0278357057121593,-0.238826168117533,-0.413092669211736,-0.0419701943248369,-0.329758077047403,-0.0468286340734824,0.193230534221038,-0.563796748555916,-0.0948675254299238,-0.498264227925242,-0.120922801448165,-0.0793306360835995,-0.33937058379657,-0.205159445533439,-0.191363386688023,-0.282660601141526,-0.0887056623938727,-0.0312788346259318,-0.128963165186502,0.0770016521314529,-0.407766243911391,-0.330405992047572,-0.768068882237946,0.0884947854612946,-0.0957090515621758,-0.0589871118406897,-0.0468989638870968,-0.946844493343677,-0.265930364828433,-0.259019051741586
"Cerebellum_9",-0.275470158703283,-0.0962172006014962,-0.00386638228409499,-0.30575158364365,-0.375255239832001,-0.0326991901462726,-0.105884453912132,-0.199792090984184,0.0476460257739426,-0.359205746600743,-0.598738342032746,-0.770473840517954,-0.651927096590988,-0.0910992967421928,-0.515811186752284,-0.199792090984184,-0.53990649622199,-0.632329382742083,-0.0456144202183423,-0.352288749589483,-0.407284699475931,-0.304173188847133,-0.327507685019597,-0.0269760725514848,0.0666971179326342,-0.518977702284799,0.132082931424649,-0.402222945717425,0.0239402289982343,0.0400870096380165,-0.354091471704352,-0.203813036830878,-0.260848490500811,-0.351671253828004,-0.0165647331007261,0.107223254645321,-0.134169205830273,-0.00712581370550819,-0.255417782675815,-0.274174480216481,-0.770473840517954,0.164773026915543,-0.0962967962039286,-0.196355198586535,-0.0672795064919574,-0.623420885252291,-0.211744442664713,0.186451967238142
"Cerebrum_0",-0.218150392480999,-0.108315586493011,-0.00584941718665621,-0.0710515031611205,-0.218197924784755,-0.0432263723074949,0.0208183778915754,-0.00159743115190581,-0.286377005148722,-0.244287105356771,-0.468407701659532,-0.472624235245423,-0.543958255030808,0.00191540283525839,-0.330679011472073,-0.00159743115190583,-0.40694698513727,-0.470224422692683,-0.173035247784624,-0.192451353752001,0.270557853370819,-0.204904184786945,1.75005845310662,-0.0692783717981581,0.0429268561121014,-0.303617340591409,0.0733078769595196,-0.315968335191727,-0.0792378190623214,-0.0964169803202239,-0.249856935626824,-0.177178852356058,-0.201710516923441,-0.207093277959529,0.0192355796619418,-0.143948096872928,-0.0429343715665363,-0.0562066931638079,-0.219843490997105,-0.104805085805171,-0.472624235245423,-0.100711150344903,-0.0379009449199013,-0.125417560929004,-0.0229332452403453,-0.392728118936755,-0.130163614258083,-0.164205233310282
"Cerebrum_1",-0.0259602559733518,-0.0432217201438825,0.247617319085109,-0.12054429969488,-0.196287926897902,0.0348002037082263,0.00891359269865624,-0.0750152669077038,0.106404103902239,-0.131818979737087,0.00618479272752281,-0.125847922807427,0.120702994083442,-0.0957141285223733,-0.0208555913952183,-0.0750152669077038,0.0523152588952015,-0.0500685350361362,-0.103699462918272,1.10740640686962,-0.290457027806025,0.94097087945539,-0.16744474067892,-0.379661710262624,-0.0769674818977391,-0.347358286836517,-0.16591256500993,-0.402426620814621,0.0298108962969518,-0.00523047057803385,0.127654828478266,-0.161183417081571,-0.0596468528401485,0.14741574201093,-0.0125022632957578,-0.207615332225036,0.00450025427223053,-0.0365778021520166,-0.250105265775039,-0.0868464219493909,-0.125847922807427,-0.230481861351609,-0.0463012211356905,0.442347117846602,-0.11920364518707,-0.513177649158542,-0.152634699588402,-0.110842144712719
"Cerebrum_10",-0.150026642374327,-0.112317658912582,-0.0338887253080483,-0.159213352120257,-0.223623698835237,-0.0238565868974026,-0.0201845719981852,0.0554820395420659,-0.137456309619154,-0.265742872402683,-0.517195880515957,-0.628956845332015,-0.556479638562337,0.0329103305292184,-0.291686166569122,0.0554820395420659,-0.465501055420285,-0.534958003205063,0.0362776128598297,-0.232074904875457,-0.0512884537934641,-0.163847000620116,-0.113395051729665,-0.0692339252437443,0.471686048469762,-0.310254417363259,0.131812672871056,-0.0721309872056763,-0.0326140303319947,-0.115916870656317,-0.310998685901242,-0.170912785397167,-0.125967795723775,-0.232577503303211,0.00295073048448663,0.0922480113140329,-0.0559447268689117,0.011740826088622,-0.218249494709426,-0.0450232295611538,-0.628956845332015,-0.0463392981875639,-0.119689267859758,-0.140368051953752,0.0438821601825273,-0.328670377140535,-0.00452059756064721,-0.0756870040460762
"Cerebrum_11",-0.373340651033014,-0.292656658317151,-0.139631851012292,-0.252864021694462,-0.449528298176175,0.228229116576394,-0.18797153094157,-0.0799915780946026,0.172044597169352,-0.405127186761617,-0.676906672294587,-0.900051749534914,-0.544713144160611,-0.0865382775014637,-0.519978836711749,-0.0799915780946026,-0.62883325103169,-0.69710766567748,-0.113811343047946,-0.287385263721009,-0.463688304722145,-0.0104171921106404,-0.510197415519735,-0.235992736861477,0.00998588779220952,-0.743787568471979,0.0837385278742793,-0.45957257102158,-0.096975029433988,-0.00586068488998748,-0.412550018473145,-0.239152742700939,-0.275689559472419,-0.400371171059375,-0.0396514091106339,-0.217612250677606,-0.117672997943209,-0.0163143974438172,-0.346568585173402,-0.23488211235179,-0.900051749534915,0.120135837182134,-0.206102686324992,-0.129936423127868,-0.0442014974170306,-0.704612085249234,-0.250832148303757,-0.189884336725101
"Cerebrum_12",0.0274712346742163,-0.0322627962204523,0.124645776897646,-0.07700507941889,-0.122638121308693,-0.0247506245104357,-0.0114147726784853,-0.0804616144709277,0.131935347213498,-0.0487240251011078,0.0978933256007915,-0.207004950498645,0.0440546247490641,-0.0424391703773774,-0.0488605971627578,-0.0804616144709277,0.168387084513476,0.0504421866657152,-0.0320285308524747,1.2668252493321,-0.417913914338765,0.877134785327186,0.309750266213516,-0.357977155325849,0.00208436160186906,-0.3951722562451,-0.0359519182923643,-0.396853569512419,0.0589481737006541,-0.0180640789961626,0.126117262537983,-0.195541193669415,-0.0651445569900821,0.234967921496767,0.00621553442287919,-0.193565148965529,0.0962579985375868,0.00848080430504297,-0.268132531864288,-0.0820662828893793,-0.207004950498645,-0.181869811199066,-0.0109036312643473,0.674355913854834,-0.0704185655988018,-0.536200370669297,-0.12008808308704,-0.0517189571164306
"Cerebrum_13",-0.360630154698358,-0.234545111553153,-0.0366544747236897,-0.240020251149802,-0.45614792318271,0.112532500286993,-0.194355977635252,-0.0516121833133074,0.136421403102371,-0.420397058664996,-0.626776005163876,-0.767931767012086,-0.512650315269609,-0.0796968907564782,-0.511874909711736,-0.0516121833133074,-0.58262816960007,-0.636495466850872,-0.0990718724561336,-0.242196447394139,-0.444384707292142,0.0202403692215231,-0.491443699894885,-0.144863076014441,-0.00360868554719836,-0.779683912373221,0.0153510113626859,-0.442816540464915,-0.10272309501017,-0.0117472214148222,-0.312731872827711,-0.230760733371391,-0.295543443226687,-0.345437971164451,-0.0289537798763598,-0.216698757810648,-0.204972401648124,-0.0226512127166217,-0.346188289515825,-0.292569915224333,-0.767931767012086,0.056088731915762,-0.21288971413689,-0.0481893461740375,-0.0804482065700058,-0.841701176307331,-0.291584004429866,-0.226282557037329
"Cerebrum_14",-0.226541050464919,-0.10897646777885,-0.0233478795714291,-0.179465874058577,-0.26773281005961,-0.0411803180815477,0.0453229297509223,-0.0773966296042498,-0.0192757830715865,-0.276377251471782,-0.518470196935847,-0.610618010317862,-0.577830557616561,-0.00533144614939856,-0.378672456466892,-0.0773966296042498,-0.462623602420354,-0.524190611145595,-0.0688415699437383,-0.250114414172107,-0.205216158866025,-0.189932578301571,-0.018828117480553,-0.109488622711063,0.0173221503367803,-0.443781513488766,0.12250858663949,-0.318376234165213,-0.0547608305737434,-0.0122042235855571,-0.307826620181091,-0.176092390097243,-0.219473865097887,-0.270059992110776,0.00304262018784422,0.101120740797302,-0.0585012296072158,-0.020898363935364,-0.203989586304674,-0.182991596888489,-0.610618010317862,0.0629823426217388,-0.107960517617037,-0.175714744711197,-0.0259426166677836,-0.401031579107318,-0.137636120877694,0.0883378610637898
"Cerebrum_15",-0.278359748632542,-0.129066205333598,-0.0348850983092677,-0.242141771054526,-0.400540806250503,0.0722870461451473,-0.0561466330008619,-0.102611555474676,0.0828815386841447,-0.34498340022339,-0.561920309395039,-0.794836929353037,-0.535540176700818,0.0685733183043453,-0.484708416972713,-0.102611555474676,-0.530800142718381,-0.586373029540118,-0.012952755485392,-0.0996956012546041,-0.383465300503706,0.0460935002351002,-0.24514937112926,-0.205933958679121,0.00973787608091729,-0.658043838792965,0.378941192191413,-0.428144190942428,-0.0805803016138767,-0.134569093231015,-0.318043008790534,-0.306401951961262,-0.266575026750008,-0.245833847174788,-0.0214284628305881,-0.184507944315076,-0.113340350983209,-0.0602941722762584,-0.374597506389183,-0.294177356898944,-0.794836929353037,0.181840807306605,-0.175859136061885,0.103676002062231,-0.0388434942717317,-0.988634547286209,-0.243762741783937,-0.138215598179837
"Cerebrum_16",-0.307046932456481,-0.20510984826147,-0.0793229288780262,-0.266139674881647,-0.400323767472817,0.102464121229065,-0.0735422550575254,-0.0304017604249921,0.0438923847040403,-0.340198327900883,-0.571579478306827,-0.716666300508261,-0.550185353545293,-0.0292687352131293,-0.480882348976932,-0.0304017604249921,-0.533271264527832,-0.586464904570771,-0.118374067360191,-0.044974279078068,-0.475304137529412,0.0417123156059034,0.00252474324307691,-0.189623372034774,0.0485557011345865,-0.728519861331728,0.32360813170367,-0.423532816121005,-0.117744784127153,-0.120842790601694,-0.328197316644995,-0.220959520204455,-0.240023911822142,-0.258973355618878,-0.0271696649669832,-0.168638964829198,-0.159244366236702,0.0102852635214154,-0.371470865717189,-0.263894064353071,-0.716666300508261,0.100595343737888,-0.195746798011949,0.178366249791129,-0.0660900896718958,-1.13759423479057,-0.189362416201948,-0.11564716958903
"Cerebrum_17",0.0749546690603659,-0.0434747718648643,0.035250286657231,-0.051286480291956,-0.165360615834471,-0.0166478143354802,0.0366389381008684,-0.0799279235801812,0.250588755621773,-0.0970694778611171,0.130817537916334,-0.00801231219476747,-0.0116859181865386,-0.0918857412402646,-0.109033584865024,-0.0799279235801812,0.209774751439104,0.112759979667397,0.00125219110594732,1.30233559254969,-0.264113779224425,0.800865460388422,0.0751027156278558,-0.369179173271802,-0.0431545468853871,-0.343089446938977,-0.134620000203885,-0.419227499364679,0.0398443417090339,-0.0118989319235485,0.238383555658709,-0.186044382524285,-0.103652721800468,0.14638153502429,-0.0377328722982965,-0.0974238013308728,0.0298122433597972,-0.0134321710772613,-0.278318605416762,-0.0997361281715546,-0.00801231219476748,-0.220891055492492,-0.00817036926362342,0.593488207464603,-0.102333892004015,-0.522182139114257,-0.163508157237881,-0.0499834500075509
"Cerebrum_18",-0.179549303318191,0.0869929028902383,0.72210435611395,-0.0491272373618941,-0.31450411381961,0.0158651412065726,-0.0971521065967942,-0.0607292597889648,0.156401908900423,-0.247743930592963,-0.313161808283446,-0.436663463324243,-0.345230299013916,-0.0908206783155223,-0.325674374679015,-0.0607292597889648,-0.242864251395209,-0.326290214194425,-0.0928047066274563,0.355864336533242,-0.344212670472721,0.276775654046179,-0.295037360421258,-0.261409971953312,-0.0734104502643013,-0.577331208773789,-0.146511717153486,-0.416453818113656,-0.0417464301320856,-0.0678133081098135,-0.0494101026263354,-0.238178207811043,-0.182629343481639,-0.0661694397727024,-0.0279054547831175,-0.176217641189635,-0.0381378804099402,-0.011687974371282,-0.347596879273779,-0.191088784651886,-0.436663463324243,-0.0400881988356259,-0.123111858557049,0.262767981352129,-0.0468212164854413,-0.800403405877604,-0.212641673173951,-0.0947406074029511
"Cerebrum_19",-0.311793579197214,-0.122234227947219,0.106527510017145,-0.185699350067037,-0.420798202726039,-0.0468124027411068,0.013830157817187,-0.0682188793632205,-0.00266594489554077,-0.343999252926273,-0.560502869046537,-0.69758490468549,-0.57211865642515,-0.0674011651760283,-0.453178591548684,-0.0682188793632205,-0.529379189292288,-0.570190607927078,-0.0181632994334399,-0.18572417582031,-0.406302459114531,-0.104580175834063,-0.251386300931892,-0.0797756836824177,0.0497915468046373,-0.692881870839566,0.268605648422558,-0.399911441878245,-0.102303470888192,-0.0903486757544782,-0.335907546107294,-0.244951921305237,-0.245594051592656,-0.271719560833957,-0.00726274049363296,-0.119603774347168,-0.118852071412437,0.120778175862759,-0.350359780271821,-0.266395849072713,-0.69758490468549,0.0135640489691299,-0.171475302978508,-0.0555033401534266,-0.0618761049989792,-0.918317329972262,-0.192124354865143,-0.0738803423276597
"Cerebrum_2",-0.184968008786017,-0.123542635835546,0.0293218618971057,-0.13552471089683,-0.220413668396136,-0.0232552997199476,0.156455278968905,0.00901617596420117,-0.115527545818908,-0.230744684672706,-0.375045064331989,-0.466261981081518,-0.397845669569498,0.0058874879538,-0.218902184573043,0.00901617596420116,-0.347427334364175,-0.410301644812619,-0.128123494226134,0.112104930237256,-0.175774119941522,0.143910589779103,-0.121678815240081,-0.277041237206088,-0.104874361648009,-0.387723218709153,-0.0301382232665471,-0.317987224861195,-0.106496203415967,-0.093895330745905,-0.175324406981795,-0.180136411820412,-0.139507978990385,-0.120408668327471,0.0161306929813015,-0.196147087131811,-0.0159525298160712,-0.0627635908825014,-0.227027651682616,-0.148548475561668,-0.466261981081518,-0.119824102845636,-0.134986872940086,-0.0390186709095944,-0.0334262644073772,-0.39060094511313,-0.125300186019749,-0.150843653634176
"Cerebrum_20",-0.299356267054688,-0.159032434543498,-0.0636717938650891,-0.219786314420816,-0.408201342906045,0.0157854050043316,0.0259088825197461,-0.115772025570421,0.0089502752758707,-0.354961251873878,-0.55892537284134,-0.655295499606215,-0.51146049486014,-0.0145935793426151,-0.476143300154389,-0.115772025570421,-0.520828153195759,-0.557002414798055,-0.0628443235830977,-0.0555595998759637,-0.388310510006817,0.0237450649727521,-0.195508204709413,-0.134289682671102,0.00785428450844545,-0.587329983455436,0.496568842641469,-0.421244341574274,-0.110660216317881,-0.11108057029575,-0.270341243007171,-0.260652830268332,-0.249423322075397,-0.282980723677132,-0.0294141901780808,0.04240473353437,-0.188805611559766,-0.0971818712275855,-0.368676972027092,-0.228640222337231,-0.655295499606215,-0.027045510441665,-0.203582147898904,0.0875433990919929,-0.07496707238565,-1.11698400931123,-0.193256361205553,-0.0872585061151022
"Cerebrum_21",0.0208952881626482,-0.163990156734509,-0.080495113523787,-0.00629054779508766,-0.13484257691154,0.29683384379893,0.0240971877065979,-0.123910866436636,0.207314150736053,-0.105986921444592,0.0305290612567517,-0.135730392795246,0.139267223725991,-0.118528933043365,0.0177418357684726,-0.123910866436636,0.110545593732435,-0.0279839423563604,-0.0800419479946526,1.08575693530954,-0.312703557454262,0.860048388018562,-0.181693212953383,-0.424597109226688,-0.0430222034148785,-0.386574306304021,-0.157236605619517,-0.43428653296769,0.0651476682490952,2.052732712704e-05,0.0747438888913925,-0.178297635606825,-0.0585471405040265,0.153304076700656,-0.0372537385012655,-0.236329039344624,0.0205318507541018,-0.0686130024339264,-0.269807744015271,-0.0989410900115424,-0.135730392795246,-0.241462769807938,-0.013493156236758,0.389065982716558,-0.111216843916013,-0.493403712810682,-0.148191486955351,-0.0885198524659035
"Cerebrum_22",-0.154592561124521,-0.146660387354932,-0.0492275331562652,-0.0767093437493371,-0.176403991293837,-0.0707510579584982,0.0321289767606064,0.0322430759132871,-0.195047738762088,-0.19239608795636,-0.3819818941033,-0.442770694660283,-0.429672787586046,-0.0371564308252624,-0.206152128860425,0.0322430759132871,-0.333971901400796,-0.366424758998376,-0.0340657050117143,-0.119457982288862,0.156962675649165,-0.125728468030483,0.351137858151766,0.0859525302942425,0.185381652102681,-0.178930627887559,0.0193905067369764,-0.201770609485304,-0.0732201925045321,-0.0876932290726584,-0.222626602803036,-0.1188071268714,-0.155950426284746,-0.172857330462842,-0.00607487250851907,-0.0836465718988629,-0.0426709438552154,-0.0563826021946023,-0.0988263492185735,-0.0972946482389365,-0.442770694660283,-0.0527055528662275,-0.0815826562449745,0.0365636980350784,-0.0106983619580838,-0.263438068144324,-0.0912297534883092,-0.0814553987717579
"Cerebrum_23",-0.156209148600695,-0.0729670293619476,-0.0370934553850112,-0.0953176658322926,-0.168124360122367,-0.0328433016232846,-0.0729790184392094,-0.0480152270400964,-0.173560971196323,-0.226105147065895,-0.401069327500058,-0.492527652033719,-0.49080331096281,-0.046197111910774,-0.33584481731486,-0.0480152270400964,-0.348300979766594,-0.41429083447948,-0.0986686660753497,-0.175841459077735,0.133005062533428,-0.172432321196903,1.2148908817946,0.000110934386077484,0.221936134011708,-0.260793303938955,0.118547464119718,-0.325908955044696,-0.0682257779420735,-0.0497292814509232,-0.225182416707915,-0.168712184404472,-0.150528006662372,-0.210389387529877,0.153746694999956,-0.00920816645987101,-0.0872210592931613,0.0214351578780782,-0.188863855031988,0.0633759732456959,-0.492527652033719,-0.0198973825000972,-0.0241995111678207,-0.0690379501712211,0.0811299006165093,0.206999282562615,-0.101517778247802,-0.100883550429082
"Cerebrum_24",-0.282540956031018,-0.133085930026799,0.00717986631365468,-0.0489235346850173,-0.340008721890542,0.171414558844402,-0.0336872337034751,-0.104623507883408,-0.0803533432609757,-0.32578893056966,-0.541980392934215,-0.637950844216703,-0.501220374465561,-0.0609780440937273,-0.39008312364979,-0.104623507883408,-0.495625636763026,-0.545335767715137,-0.133303771884881,-0.229833169127543,-0.318213082652979,-0.0458969829806994,-0.332663672841924,-0.137383017503976,-0.0160664191387284,-0.585961534251732,0.0305259834128621,-0.415804642929526,-0.097448547387119,-0.0951587140222128,-0.316648641953802,-0.248202909551268,-0.186582733372216,-0.25830156232292,-0.00121599114123336,-0.170190747494799,-0.0930643100688093,-0.0919084950274611,-0.309132647667396,-0.236047139905692,-0.637950844216703,0.0534390240272893,-0.177056914381966,-0.0403301919258624,-0.0441898098778875,-0.72340148678212,-0.157689810103087,-0.138804233473161
"Cerebrum_25",-0.350459740292221,-0.223957062154799,-0.174457582049931,-0.222594387853004,-0.435508570656568,0.303488745478579,-0.197875775023513,0.100210107836723,0.253751677596606,-0.399041854937268,-0.614861134120481,-0.750766754861101,-0.542063984424857,-0.073882421337182,-0.482791642564774,0.100210107836723,-0.584302738508544,-0.653901074028432,-0.110441905305507,-0.261074825675341,-0.237038370538073,-0.0598614205184982,-0.500923275333585,-0.237136561072419,0.0324408504054202,-0.754164070287841,-0.0956801532836931,-0.360800518474665,-0.121808287568086,0.0362385106704362,-0.402403367403832,-0.226124552179582,-0.246285401180826,-0.345790125168309,-0.0490895887004034,-0.224458854091445,-0.140381316669667,0.0120830610578623,-0.302278596420842,-0.266782797630939,-0.750766754861101,0.0190023456411684,-0.23569192170347,0.0221744965927225,-0.066521431512878,-0.446689755480097,-0.264094308860937,-0.195427325896911
"Cerebrum_26",0.0365989469891692,-0.193906715691688,-0.111185499917489,0.227800004568184,-0.105623464297117,0.0471339559021568,0.146122414700697,-0.0311399488147766,0.112406388097323,-0.103259293973189,0.0785206508765078,-0.0932948373649956,0.124635125631768,0.0241645745948855,0.0963434213671648,-0.0311399488147766,0.0944826321253351,-0.0198683436683712,0.00476183411766605,1.16391154204182,-0.233185644176655,1.05234009026118,-0.0372835020578834,-0.381174881202808,-0.0671445137914458,-0.375993107857063,-0.231734623088852,-0.198551185239464,0.0287706512241487,-0.0285458206126843,0.0264973942655207,-0.181566166565643,0.0242229224714391,0.153036937631237,-0.0161172838850867,-0.292418232029628,0.0690186636678231,-0.00521537774640303,-0.230589455902926,-0.0321314490661012,-0.0932948373649956,-0.220061411090657,-0.0638115879670302,0.479460625069612,-0.018948109703524,-0.454228252239946,-0.116355905425071,-0.0601217988746538
"Cerebrum_27",-0.304947751338612,-0.0788491549598491,0.146420747852468,-0.338313300045587,-0.473938755961881,0.0658134954910178,-0.159366186853374,-0.106147302573764,0.138810467950274,-0.373324227921848,-0.619041476738586,-0.722529288252566,-0.471305903305161,0.0727695228030846,-0.513893531738385,-0.106147302573764,-0.559560651767905,-0.656807243910707,0.0958182949491174,-0.120727474496934,-0.427451504608897,-0.022973653732466,-0.531997079074768,-0.241290285041503,-0.0274173720369803,-0.714276160377768,0.222084288290155,-0.485699894878538,-0.0454713581012192,-0.176387607382843,-0.250094435476985,-0.34313900585914,-0.250452327388653,-0.205464398707808,-0.0402760429909157,-0.2279909258036,-0.206921006029977,-0.0330972880322683,-0.416699053178105,-0.344532126713678,-0.722529288252566,0.110509455675272,-0.221059033246708,0.0476919848937213,-0.0260256836992368,-1.01624989424351,-0.263564895402127,-0.153347101861011
"Cerebrum_28",-0.350699714472516,-0.123168106719549,0.399726506926024,0.221637480605854,-0.446516853337527,0.58738947364292,0.214956221692302,-0.135125062425416,0.478732517334728,-0.371002057001197,-0.675389636899827,-0.612302042771868,-0.644003312402963,0.151013129624019,-0.582474120354666,-0.135125062425416,-0.607260122980965,-0.683493664636293,0.24612915939791,-0.380321043565644,-0.581531677071513,0.11154116568631,-0.347964692299223,-0.282486832471235,-0.0232849932237219,-0.84947551429266,0.336831291206155,-0.44743625916185,-0.0898726763285304,-0.177092804039513,-0.260774987063695,-0.295005834455187,-0.269931080922023,-0.388981757378756,-0.0169369777441904,-0.0976460133958344,-0.209265034228214,-0.0954113236163331,-0.367357493474346,-0.333678448193852,-0.612302042771868,0.0758869878983515,-0.228110527864709,-0.0591792681575222,-0.0728880695964348,-1.32191816294537,-0.224831572092488,-0.155599168343065
"Cerebrum_3",-0.377485233684241,-0.158075430363038,0.14502540213301,-0.434556947267018,-0.488705438555209,0.186585343513382,-0.172448266867853,-0.113296141118818,0.252732855163104,-0.453951536001427,-0.638690330072627,-0.80749583853427,-0.533377402961966,-0.119799799442587,-0.531220492820185,-0.113296141118818,-0.603372147639606,-0.665944495733061,-0.118244417937269,-0.253764507265584,-0.496732517442303,-0.0290223455950066,-0.536802613604116,-0.0914507168876087,-0.0646665172528059,-0.841749017286418,0.124170633281446,-0.440576372197793,-0.127395040539173,-0.0460438683157956,-0.375274993508621,-0.261979050323936,-0.311797166758683,-0.347524815807907,-0.0116852604170756,-0.237477946083334,-0.240544917427944,0.0696843919305626,-0.385867206636208,-0.297980632987139,-0.80749583853427,0.0394212373883738,-0.252082257046261,-0.0415842266550844,-0.0839221646790072,-0.933046378045615,-0.309229460179938,-0.247324790263714
"Cerebrum_4",-0.378472795715094,-0.223978136897734,0.0674799758211929,-0.31563312808205,-0.475417501020244,0.0990281689761072,0.0358900727195437,-0.0895553728891361,0.106103887245896,-0.442546045437611,-0.632193266432789,-0.74612754346017,-0.544935743033157,-0.101000960234501,-0.51602822607734,-0.0895553728891361,-0.587912676567458,-0.669646430433671,-0.117847697470152,-0.276352027493854,-0.473189321873247,-0.0608141595776652,-0.52283548935232,-0.12536449016802,-0.0447444240287026,-0.781426863240526,0.0541948243271704,-0.430837304615339,-0.116190397068796,-0.0353930719692832,-0.332943472538717,-0.249944105638015,-0.266840218875013,-0.367775771295709,-0.0326425034356009,-0.219568696184534,-0.215730544152199,0.0256061681747245,-0.354598004690401,-0.283888942351488,-0.74612754346017,-0.0556552655298679,-0.241892477180013,0.0233279666584159,-0.0857394391802221,-1.01063509622563,-0.277125180517439,-0.219835826743921
"Cerebrum_5",0.0803809202057679,0.0266007072531363,-0.00912313417783039,-0.0887377136544466,-0.0760657414847614,-0.119145060484906,-0.0679278013868861,0.0133653480082832,-0.248894049141151,-0.081487242343826,0.0836492462062838,-0.193651225020613,-0.421480234588306,0.0215599638206116,-0.090162323190483,0.0133653480082832,0.0830019379435658,0.00702481000447279,-0.13269392511052,0.115354581209376,-0.111314391670472,-0.206817857599297,0.760783260178508,-0.259670803686105,-0.124466214085216,-0.212452538144332,-0.113796660123004,-0.283888387910462,-0.0461898052961409,-0.0941033372488714,0.224261326181752,-0.12799477199899,-0.137467652666189,-0.0464830766370796,0.020881126903048,-0.121497451404203,-0.00294279265384285,-0.0600141623524034,-0.181364407664966,-0.000191514106397833,-0.193651225020613,-0.196656180649013,-0.0554277194510663,-0.146028215739942,-0.0658805468195026,-0.219468734638627,-0.0662682649331323,-0.109002974841513
"Cerebrum_6",-0.0120093781664198,0.00423471087797877,0.00393257697086175,-0.0658232845808577,0.0842870504532976,-0.0657204794357625,0.166521506658754,0.0774393200718551,-0.242292637275119,-0.0998051805843206,-0.361447114890144,-0.413819843701687,-0.373410822680466,0.034801508733346,-0.242974919316775,0.0774393200718551,-0.306756781991321,-0.371585750532827,-0.0532200463783148,-0.138143767731147,-0.0461934649149617,-0.101350739302585,0.103430906769098,-0.164829887073014,0.0951294711311429,-0.0748360499329085,0.108175465428667,-0.235604229214198,-0.101042660209142,-0.0983076552589604,-0.0614653120239764,-0.120937209054505,0.0836039351360769,-0.135665613535299,-0.00709326342076881,-0.167842199279259,0.00341755977361332,0.108145490771017,-0.0864585635630194,0.306652697306516,-0.413819843701687,0.149117824232934,-0.0531962093833692,-0.0917058575194979,0.173708016328983,0.325001270923039,0.0689552091029444,0.0230219933576183
"Cerebrum_7",0.206725953936194,0.00223923941962137,-0.00820382217649473,-0.110785598415576,0.0676300057436566,-0.0995341157361914,0.132597044269945,0.0636896457265318,-0.0954089321780927,-0.0518751970075574,-0.0972818275533958,-0.459204855631522,-0.397827100452613,0.061841930442557,-0.010741440561098,0.0636896457265318,-0.071455812633362,-0.147359424404694,-0.0110811841782227,-0.0570102358991712,-0.106227904812745,-0.118647490427882,-0.0635960622975064,-0.23520344375209,0.0563667875431782,-0.102630571372643,-0.0905886282974971,1.7680405372788,-0.0207609007182722,-0.0311227464810544,-0.121237942487462,-0.138785079449757,-0.082584573471261,-0.104505494298364,0.0251623052319161,0.0394594213237124,0.00550242367713126,-0.055909013636885,-0.187037153352234,0.175622994435405,-0.459204855631522,-0.107655578047915,-0.0894869354097565,-0.0244226981329153,0.0570041174604022,-0.18709462482618,-0.0573045518435952,-0.0298022617752608
"Cerebrum_8",0.113061406442558,0.0134799853635906,0.0203047406310933,-0.0999022702195464,-0.0487427406067266,-0.100461448758747,0.129099416883102,-0.0240795795351622,0.0107443348274846,-0.109408307033452,-0.0618962466733629,-0.592617313162092,-0.399673012406302,0.027843288395897,-0.228834973746141,-0.0240795795351623,0.0436633772631434,-0.0422405577327783,-0.0396752422707791,-0.0215092850504388,-0.15212417734957,-0.0893962508846622,-0.0203868533055571,-0.27652260019878,-0.120587629362541,-0.260447594876628,-0.140058693987739,-0.275818344817407,0.00116737700768483,0.00885964148669678,-0.155823149968448,-0.137501836898769,-0.148819385492004,-0.137474531782111,0.00957741767288471,-0.0125604758903048,-0.00825489801991947,-0.081859271571685,-0.191956283980714,-0.0235933116554641,-0.592617313162092,-0.0641404133669546,-0.0888451941348164,-0.039811277325621,-0.0426822894414224,-0.206695662750929,-0.0971732105399445,0.118979598054787
"Cerebrum_9",-0.351078456443331,-0.110071465114455,-0.0835257109390175,-0.447822578399707,-0.514771838194907,0.18756910073648,-0.166474799058688,-0.0673910299722689,0.0421922548868054,-0.446505760337017,-0.621716711748936,-0.781432915294222,-0.554015370570874,-0.100857581662595,-0.500543792465363,-0.0673910299722689,-0.593966429334669,-0.628827073389136,-0.118909846303965,-0.217609677067967,-0.46245046890497,0.0271772934144661,-0.434714894854017,-0.136105086467925,-0.0847618750136128,-0.877702282246971,0.0826567603581939,-0.463487827738751,-0.143536200277168,-0.0769737908756779,-0.333262828903857,-0.250958746482054,-0.293391374793404,-0.31206617642685,0.00353799797760993,-0.300782029609001,-0.196123957007962,-0.0171219989547962,-0.397430223213269,-0.334409220805514,-0.781432915294222,0.00640431451265722,-0.25086479343833,-0.14560317772561,-0.0588829923058779,-1.00046671054773,-0.30562952635273,-0.270342550176779
"Colon_0",-0.107208945063782,-0.176131110197575,-0.0775781936601799,-0.10587864222558,-0.121118661587186,-0.215659260471604,-0.119526071008587,0.000297487920114205,0.110932047088593,-0.137361585857254,-0.0794611570486765,0.0368721131213892,-0.0339350915739837,-0.0207685548122075,-0.158059523370309,0.0002974879201142,-0.0920235592027446,-0.0857225733367967,0.00511397946237479,-0.0252909052153555,-0.242117193981418,0.357533077320053,-0.15819655352256,0.0179367049099311,-0.0518957884193223,-0.150520203736663,-0.17093215471302,-0.20691478763416,-0.0199804344200966,0.0203153854212235,0.115674640356115,0.0271503980933325,-0.0923436492282367,-0.0389988027357781,-0.0206867838826718,0.478506492392653,-0.12658097550897,0.0732202021707854,-0.0681560809195,-0.0184745347324946,0.0368721131213892,-0.087463163078649,0.0290162222116464,-0.0982614810802821,-0.0578243734326015,-0.200862408363812,-0.0593907408549486,-0.0655791128549884
"Colon_1",-0.110169511904545,-0.140337703895718,-0.0516588215406902,-0.0857489071557369,-0.0946823122541345,-0.200964185452068,-0.111618035495503,-0.0198972875728006,0.075085729606068,-0.136742002449885,-0.0702770027737906,0.0193282554971106,0.0343831501375937,-0.0293031179924943,-0.16546163211239,-0.0198972875728006,-0.109252839269654,-0.0980297106042782,-0.0162082345626845,-0.00657872651885698,-0.247451233610447,0.402827441339945,-0.175842282441431,0.0823525162303751,-0.0483469704455941,-0.149421733090667,-0.187359195365246,-0.261976113140844,-0.00723343628631789,0.0212258331521262,0.187276547570142,0.024335120295,-0.112002483212907,-0.0536005172470105,-0.0225036445100732,0.400201612338992,-0.131724175739244,0.0846874409802424,-0.0752775844552814,-0.0253830523717997,0.0193282554971106,-0.0613352403226228,0.0152890404835487,-0.0466728966561493,-0.0219910255490141,-0.175686072071663,-0.0631679886034611,-0.0480931816975724
"Colon_10",0.148510048553769,-0.131465422191084,-0.00103879909652449,-0.0870321489786171,-0.0232263873862322,0.271038014399581,0.042080865278457,0.00639990246528155,-0.142971711606279,-0.0228836207953849,0.156644041466643,-0.0629984164316794,-0.293987180954269,0.3795314304697,-0.0324996658212323,0.00639990246528156,0.106188560550879,0.128941126080871,-0.0630713808213915,0.0480270983359484,-0.102442436180903,0.135375309067662,-0.0739459940760983,-0.00794263305354945,-0.0311165297708632,-0.0601111127595096,0.0869809829072824,0.18376688853043,-0.0428342877852994,-0.0488430650272282,-0.102766621568398,0.00948004428914669,-0.0804506659795522,0.109827931759005,-0.0189913941890767,-0.128051460126301,0.0246100468068814,0.0107392211828986,-0.128864620803757,-0.108556168351493,-0.0629984164316794,0.0535890477843178,-0.0224844872959127,0.197577652028021,0.0294975533628912,-0.0829453448531892,-0.0197019873846233,-0.0575356713417254
"Colon_11",0.0821818551070432,0.741483358728355,1.43957221353566,0.0447293302817091,0.157404138172736,-0.12125736544331,-0.0564135286374663,-0.06642904401609,-0.112613449330744,0.220111226807694,0.0933751160104186,-0.0726644595884347,0.0971206437481588,-0.0693815747808617,-0.00408441366904527,-0.06642904401609,0.111876635406011,0.0790333368939637,0.133101410986684,0.103217787058645,0.155329594089775,-0.118817821550004,0.474675513100686,-0.00762850944967787,0.00459684420643331,-0.00949107229573527,-0.0341622231898506,0.240631955778682,0.0663537028190586,0.106849226386993,0.0241112946597435,0.0614693959958881,-0.0926361649093706,-0.0457993730937863,-0.0688680308288064,-0.0258777035287522,-0.105809139932744,0.134004282938774,0.0699676354617557,-0.0772376967909616,-0.0726644595884347,-0.0031533327141546,-0.027063928801562,0.0493406726241214,0.00655436875754321,-0.203163113656219,-0.00124128538100487,0.018588093494647
"Colon_12",0.0582520527625059,0.000830380196249615,-0.0529056541159447,0.178365502896066,0.0430851228479842,-0.0182343634375454,0.0495549426272368,0.0507849807481154,0.00750689491375515,0.122208392619424,0.197975555725211,0.617961466910156,0.452444727243195,0.107163843156019,-0.016886988821667,0.0507849807481154,0.252684662686694,0.260061088925187,0.0106350203034818,0.142974103882687,0.0894093537343161,-0.0749682641358093,-0.0533067316438337,-0.252429687506952,-0.085181285029325,-0.0556397268367582,-0.0403110481614206,-0.00098660508827472,0.0363345334653346,0.0016327020105587,0.0230485999854283,0.0362174184676299,0.201040517705982,0.123741761825535,0.140145838544983,-0.164065882971536,0.00498000463761165,0.0178825536013071,0.0106026154716497,0.244000809548112,0.617961466910156,0.0796561786375942,0.0253460894087755,-0.0197562064379836,0.0336948486087831,0.00406930204168911,0.165601325084175,0.0132708756863045
"Colon_13",-0.185543568879667,-0.170661900825337,-0.101075866977026,-0.121723911717956,-0.158589132184165,-0.133134177019643,-0.0639052335120016,-0.0309472333769162,0.154500763470691,-0.235057145263561,-0.278918303572653,-0.383689020814183,-0.360131739004825,0.087992699050824,-0.283582736402187,-0.0309472333769162,-0.364630980176746,-0.373185620469742,-0.0317328956857054,-0.149107596299897,-0.157920556043225,0.60561904205102,-0.172168990885375,0.175026559260868,-0.0191837415918576,-0.103140802847185,-0.105295139768715,-0.362752602165568,-0.038451388810687,-0.0120200615666277,0.0463943818619654,-0.0460620066123998,-0.168706255077855,-0.146384906778179,-0.0097237679560746,0.215589134542636,-0.0809866224640042,0.181851448053258,-0.0892229985433197,-0.0977123818213108,-0.383689020814183,0.0107112585651975,0.00705518287944862,-0.0315037552087713,0.0954952249569294,0.00225137013398082,-0.111046545516131,-0.0658900379405411
"Colon_14",-0.195996582753021,-0.217255755697923,-0.0894407132700284,-0.129856584631422,0.108427423971118,-0.132352082238558,0.0706673692404962,-0.192434848815674,-0.246312376625166,-0.212484475559315,-0.399546170889043,-0.532368042777596,-0.484430505888913,0.130298171559895,-0.234574978320821,-0.192434848815674,-0.427132186449126,-0.418943426164584,-0.0951255634901856,-0.158186831094496,-0.108760803836542,0.0377144037349875,-0.0976031054119453,0.0549596787285976,0.527317795713883,-0.0873861780285048,0.0846989391808617,-0.375159433167819,-0.136681776697892,-0.050393486113276,-0.179272810789983,-0.0710074469493602,-0.168389015219657,-0.182078698164014,-0.0909672421108402,-0.120319295698924,-0.0486039586026516,0.155064569150087,-0.153942839143256,-0.12439613158491,-0.532368042777596,-0.0773349178450487,-0.143993995653649,0.178829131765564,0.811295461111589,0.0484082179127442,-0.0541040217821255,-0.072815246420657
"Colon_15",0.0823209539239485,0.195175225935198,0.230795472048572,0.227650720997293,0.0738589015547263,-0.0216880614709762,0.00431446490692193,-0.0216735905265042,-0.136337762299926,0.233739128754561,0.337908669268331,-0.133635709115966,0.166003087494247,-0.0609685239802616,0.199387319084942,-0.0216735905265042,0.362133930993702,0.324258997351894,0.0451407896331194,0.108150990350841,-0.134116876660757,-0.158243720499619,-0.132400891263702,-0.191301335761621,-0.112430976909471,0.246069953177644,0.0209777833828119,-0.156025359058684,-0.00333331557408124,0.00194130584556215,0.0167944039017718,0.0117856610539695,-0.0442043320664129,0.110328646700147,-0.0478937298504436,-0.172777024313473,-0.0681137110121109,-0.0335932179267597,0.0781393111699041,-0.0206092856568355,-0.133635709115967,-0.104052074660227,0.0203376181663809,0.106626491572352,-0.103474792003607,-0.372923335797053,-0.0277401515805736,0.0197689252735133
"Colon_16",-0.064784477442491,0.0982913464195681,0.0153858589716528,0.17762317041342,0.451263090063726,-0.0882125162469814,0.0673009076907702,0.0981896425629484,-0.267156962885243,0.200508510951577,0.0281630039845874,-0.110140960637423,0.199945533017962,-0.0945735841131305,-0.0849920037912721,0.0981896425629484,0.047665631483633,-0.0209605830536391,-0.0764736884065713,0.0768447710829495,-0.121871077215492,0.206058294537568,-0.0634938976246226,-0.0773714719023767,0.21772381353158,0.0300026758518697,0.192101954977609,-0.208235264534805,-0.0429224320398726,0.118063468204879,-0.165035382528274,0.020899935543783,0.0662124270929695,-0.0359729059076749,-0.00161751733527309,-0.0861523718057637,-0.0431105828860127,0.0245184218241962,0.0213207808387324,0.117310471307368,-0.110140960637423,-0.0722833540583095,-0.00507288059503688,-0.00744004691652962,0.298191427798101,0.91090157552775,0.0473694877248893,0.0169275627025866
"Colon_17",0.16364102887016,0.0329185813963983,0.134140024507491,0.113734023914308,0.0220816752621286,0.237750917958492,-0.0617607901708577,-0.0348833922683835,0.0159476258819145,0.156444919276709,0.671142382622616,0.518043932933772,0.104866384613642,-0.120379276073314,0.0885959919143771,-0.0348833922683835,0.584695212704318,0.641932287328692,-0.041803492460035,0.319762949362786,-0.211748644972681,-0.0296349963511003,-0.12350205309556,-0.209538185313272,-0.158533313980225,0.0318504046994032,-0.138930696896261,0.43177725701417,0.0443117975088824,-0.0242684634837446,0.485801935846245,0.0573737751043476,0.0122094191220487,0.263583457902045,0.478660261974983,-0.105381799703693,-0.114521786584057,-0.0763840630801685,-0.084645273091695,0.01145522300214,0.518043932933772,-0.210405745193464,0.0546594750086407,0.108280610885492,-0.0610634970234636,-0.0325585185248318,-0.0172289152117732,-0.0532083399774744
"Colon_18",0.365070316314514,-0.162428835441489,0.00912580555117571,-0.100782937513685,0.0837383554894637,0.399713116493335,0.0990995877390262,0.0914620430893373,-0.115208789815206,-0.000326373517321815,-0.341821179016506,1.25087694364168,0.459549696271801,-0.00232956803317072,0.380126145703569,0.0914620430893373,-0.0284706521250061,-0.0232506019126183,-0.0925066693978755,-0.149165270014033,0.434246040054956,-0.1583435170241,-0.0388450412238663,-0.187273078787463,-0.0164537818525259,-0.108945697253075,0.0559274253590583,-0.162781362726558,-0.0379985065282937,-0.0375408587596519,-0.222370275233278,0.0933830931542541,0.96485818420279,0.229930882289626,0.897195570446865,-0.115797106225533,0.616348707097872,0.209418252439507,0.254370287407985,0.376782723831647,1.25087694364168,0.917017999650869,0.0491535889720651,-0.188537045315154,0.383902127175014,0.321777041375275,0.553183042567258,0.212678927136201
"Colon_2",-0.100720977489163,-0.155604805685652,-0.0559516072014686,-0.0749141228952277,-0.156423693501035,-0.220428287605994,-0.0865527192901819,-0.0251795826958447,0.132683929912999,-0.158344660309812,-0.067566870685713,0.0415157100827185,-0.270185024405932,-0.0607566024631045,-0.0725695911430148,-0.0251795826958447,-0.0918848305917051,-0.0811442814544141,0.00369487203222708,-0.0536161569025729,-0.188668398860101,0.473208237036322,-0.146800019517899,0.12613996240042,-0.0886127314798803,-0.179794850829479,-0.137121814540685,-0.14962574316048,-0.0266303188805758,-0.0137355717822704,0.108038775755181,0.0245367060825396,-0.0406957189241573,-0.0565354038999628,-0.0184627113764095,0.420823403455371,-0.123572969909116,0.036089144651174,-0.0587342238610008,-0.0406664325728663,0.0415157100827185,-0.0632267918711831,0.0143334825184587,-0.156501902344816,0.014372918950348,-0.190326041204098,-0.0667984406891677,-0.0509934553461906
"Colon_3",-0.172664811793688,-0.176040224917246,-0.0490270364337284,-0.0659412348858401,-0.166338734226426,-0.104660685155329,-0.0340384307393002,0.0281023265378923,0.189973975885366,-0.207324732807242,-0.304981926348011,-0.337110494872354,-0.372046161279795,0.0659935216721527,-0.230587025242444,0.0281023265378923,-0.3305410159456,-0.335519896348048,-0.0256729106784892,-0.185050564050356,-0.168824367180605,0.570304328160138,-0.124090783576423,0.0852312648222712,-0.0369597856909518,-0.0994123944852629,-0.136270714569724,-0.330986777498688,-0.08397195619943,-0.0295547664463187,-0.0481676453080966,-0.0127352684159949,-0.144293444513741,-0.140443445327598,0.0544536847698223,0.421046928382145,-0.0692566191091726,0.0786239082561461,-0.107117927810096,-0.0969091420802972,-0.337110494872354,-0.00559698194552041,-0.0192511268222059,-0.137757156755364,0.0340010619412851,-0.177204953558654,-0.0912176802626645,-0.0857717357859674
"Colon_4",-0.0716230502751403,-0.11737818645771,-0.106369049663145,-0.0871776527251798,0.0111927739358735,-0.211406909107442,-0.12636370656388,-0.0190975832544305,0.198166664722858,-0.0854268790574,0.161017701461776,0.0807665771066605,0.318254687175593,-0.0106974490705008,-0.131227335115571,-0.0190975832544305,-0.00115955169043862,-0.00229257774551595,0.0316928904183643,0.3307162001352,-0.178682454115388,0.401156631183431,-0.207748760200033,0.056641071571482,-0.0537402231212372,-0.175348192966328,-0.179396146627848,-0.250542840148294,0.0500547825078404,0.0710940076837244,0.357857670465907,-0.0082202531461672,-0.0860929312904158,0.0344217266799009,-0.0388181287121229,0.108072637718945,-0.139321645002665,0.151304970772328,-0.0469624213395771,0.0682412615135245,0.0807665771066605,-0.108356362172304,0.0722991001037978,-0.0387040971406617,-0.00924818359656477,-0.0409347649557318,-0.0713718272258083,-0.0328523330407156
"Colon_5",-0.0688910914776393,0.0750600947775211,-0.0901085830449522,-0.0227709363054447,-0.0405242999221191,-0.20640499024335,-0.083140870144674,0.01761741055991,-0.018480747835201,-0.0486170341933342,0.0424460457674949,0.0881127676818294,0.168130236365679,-0.0840088606549333,-0.140313210622401,0.01761741055991,0.0396757155155356,0.0329721335873387,-0.0618337700463719,0.0485551218895907,-0.200538768808291,0.257830476120986,-0.121045909014856,-0.104421351166287,-0.0864623481698694,-0.17120720643527,0.10088765160675,-0.265365391032532,0.0153110244415583,0.00592515096824469,0.440077354023087,0.0200372637591635,0.174709999776299,0.0406110284125329,-0.0104470869129901,-0.0367722958128468,-0.118468358321456,0.187325305705739,0.0165442736670567,0.219424646286439,0.0881127676818294,0.0148718126404711,0.0549035094610907,-0.00330250752662331,0.133717505611555,1.3763356778468,0.164312358123645,0.0616498937053744
"Colon_6",0.0573807359428015,-0.0469511701484893,-0.0279694907897472,0.0230442496900983,-0.0595168092555201,-0.149082228669252,0.0703824093381119,0.0418342365762565,-0.12313837901704,0.0214514820687417,0.304404898570154,0.231187719540052,-0.246503428567068,-0.00834236451534119,-0.13889570057243,0.0418342365762565,0.262555121920426,0.249471337792387,-0.0306092086408186,-0.0127852011774143,-0.120657091705126,0.149229454621927,-0.0478901369718274,-0.15285297791299,-0.0742327099379281,-0.160530224535529,-0.0365790776868267,-0.319968507323955,-0.0129885480164396,-0.0201753591547257,0.100530815669896,-0.091409937125508,-0.00299040080267811,0.0163931065056881,0.0158106624846509,-0.150422838105776,-0.0357408967983881,0.0452632853284122,-0.0465812785354394,-0.0569068165900069,0.231187719540052,-0.0862465361011795,-0.0206926150055613,-0.0731958190067163,-0.00119172765661216,0.63051602076065,0.0173834562206502,-0.0570291143006581
"Colon_7",0.258079828756515,0.131015705841816,0.0488227863759737,0.0479278222997728,0.146276876582998,0.0279846499297851,0.0700890036595016,0.0661051076181984,-0.118458218739589,0.140421069364551,0.253090569126989,0.237798662921033,0.459454777176286,0.0787703439717441,-0.0365647873605563,0.0661051076181984,0.348311693270746,0.367694093233152,0.0495451618460179,0.0543708148052887,-0.0955973014000841,-0.0606287558408319,0.0478679196767822,-0.21453349037792,0.0206669668318087,-0.00594589530651049,-0.0311187176807273,0.0643691886218802,0.0322651872558539,-0.06078444269699,-0.0280343790611112,0.0322744731356093,0.479829622346465,0.0401018115037966,0.0804369827936548,-0.0251513719354753,0.0527181377564642,0.0154641366162653,0.0432412563593841,0.383168717706188,0.237798662921033,1.08106980516524,0.0206580756860334,-0.0854283926296122,0.0611827343764844,0.0414816081566204,0.4645298403168,0.121213754820902
"Colon_8",0.0316804019538818,-0.11468070063273,-0.175465017508111,0.352923480105201,-0.151683703730503,0.632532575472917,-0.0542747878450312,-0.0290644103760105,0.0386472923452424,-0.0346384947839582,0.367874755338894,0.291944009926053,-0.360645677595583,-0.233517497849889,-0.0939527775881227,-0.0290644103760105,0.446816979724038,0.443196020000061,-0.0214772181117447,0.226304088631533,-0.237152610782201,0.125094793698456,-0.148099234883563,-0.178802671191127,-0.138675936637499,0.0667511096350635,0.000905803727321261,-0.110753640186205,0.0481316636634483,-0.0278637110395499,1.16757614318916,0.0678648675224936,0.0353565455105636,0.0583655166751186,-0.0736648677463267,-0.237878632797887,-0.187214023165418,0.117839359585873,-0.0850011332575035,0.108440166851464,0.291944009926053,-0.162569962046593,0.0446247862392137,0.0254967848184205,0.198555495810881,0.92514089873031,0.0247383183583127,-0.00514270755663484
"Colon_9",0.307250261892834,-0.112484140650693,-0.120299706380972,-0.15339589127647,0.107264370695143,0.857166051884114,-0.0855225618206648,-0.133359087961899,0.151786059338459,0.123253186553628,0.620348034412679,0.210531060652544,0.0156077114805201,0.147842880737271,0.135605456702593,-0.133359087961899,0.603167007708843,0.657584199170818,0.0339900661780925,0.277070645736329,-0.134487301841363,0.200452369492806,-0.235851015968122,0.0977884511751247,0.0222693319944034,-0.0443091252844906,-0.0435955802424022,1.27252424161152,0.0735345637125805,0.0304712932284428,0.0510304360740623,0.0956265147805849,-0.00190037725943504,0.222946564201326,-0.0859539026026709,-0.305254551250104,0.062484517219127,-0.0222465590551084,-0.1445095895635,-0.109449031385482,0.210531060652544,0.0883725098611295,0.0392245718802108,0.546037149137141,0.00346671708205686,-0.0937507747208169,0.0147128500001783,-0.0163305013878697
"Duodenum_0",0.0878422122112795,-0.0727097260311642,-0.0355590102365875,-0.0362779607030702,-0.0762668178606272,-0.10857905390787,0.0901603811778668,0.0346510770757937,-0.0825480161601475,-0.00299666509091025,0.227794431293881,0.209930844193477,-0.384791838167569,-0.0167956513451117,-0.148694101632658,0.0346510770757937,0.201281657689411,0.197366323711758,-0.0656956121915971,-0.0972084411812023,-0.109127552836633,0.312656865522262,-0.0591520305267905,-0.12427197220948,-0.0756488090191685,-0.165684522522488,-0.0503547189233856,-0.292744190588739,-0.0187447833756006,-0.0185165374786645,-0.0163316781359451,-0.101314298695773,-0.071729621039771,-0.00374961935920786,0.0150006746270208,-0.226473639353551,-0.0274517335919041,0.045018035693365,-0.031719862268864,-0.110803482691248,0.209930844193477,-0.00747065495126096,-0.0355481045283988,-0.135755181158688,0.0184269944552589,0.817262122794651,-0.0235670213245366,-0.0608349784354539
"Duodenum_1",-0.0389585951375416,-0.107945598723082,-0.0416394117302104,-0.0526211639954335,-0.0809631867946916,-0.208749574445884,0.00747660829443653,0.0123697517071378,-0.0727962523730701,-0.0817923078458417,0.0309835767950089,0.15119573854068,-0.166961927111421,-0.0100486437173787,-0.0580366667992972,0.0123697517071378,-0.0146873131384035,-0.00310682049414122,-0.0479282489925652,0.0832540280194329,-0.159497120566478,0.296366479050283,-0.0731828355722513,-0.131080273842442,-0.140714454900371,-0.204167550473812,-0.122474713009761,-0.0875052683441663,-0.0532922298952149,-0.0303223663793046,0.154255077620026,-0.00124931826385187,-0.0396061262551875,-0.00622601919954868,-0.0199105887505848,0.106398663199768,-0.0524134574806592,-0.0248892310134682,-0.0653466829611505,-0.0279084643347158,0.15119573854068,-0.150382094310336,-0.0236154342697325,-0.0765125879234003,-0.0430266933793122,-0.0996376818108683,-0.0288812031304104,-0.0586601220510471
"Duodenum_10",0.089950725086992,0.0484224268732127,-0.0473961277776205,0.0505518096943703,0.0292445653958498,-0.14934774291792,0.0154690936183517,0.0139549815688251,0.0869829200477123,0.0912017397366502,0.0716945729274397,1.0486507423102,0.360541069307497,-0.0313604266359998,-0.0838341146934818,0.0139549815688251,0.229264785694638,0.21470424027565,0.00484844657005879,0.0613468743309991,0.162706405561538,0.110526186945157,-0.102435069319209,-0.198066138524248,-0.0318189858560019,-0.0318664864197308,0.0375971627246272,-0.0137908163312709,0.0543348994731046,0.0363688039934245,0.165168525333621,0.0667370874090004,0.213172434846235,0.0495556920207333,-0.0276756325187581,-0.0821636612212672,-0.0407957769272492,0.0275644605022068,0.109078590021986,0.375606692677819,1.0486507423102,0.0966282808237395,0.0531844366188022,-0.0666946454203195,0.155295214568036,0.274084960018761,0.185258640850572,0.0353106007625165
"Duodenum_11",0.151002418927123,-0.077896028168712,-0.00679795169623383,-0.0625962672542549,0.0892903887135715,0.0269415867240593,0.12980745571193,0.0402174112461606,-0.10929010497671,-0.00381087443852994,0.150887476872204,-0.0649576348464594,-0.335234411318179,0.0768515963530969,-0.0742693711911473,0.0402174112461606,0.0838634255435982,0.112994498572327,-0.0594184589950832,-0.0457285326359101,-0.0673063682897906,0.131653062652012,-0.0114011194478538,-0.0999856215811537,-0.0909016796593258,-0.0960923724787478,-0.0635250773541279,0.776501986575586,-0.0893884536082723,-0.0737484850832869,-0.113735085130328,-0.0344146282170961,-0.0954950912255912,0.0067234251757338,0.0755283183136639,-0.234641094254758,-0.0129578530412264,-0.0614759383210309,-0.0824655046628428,-0.113746795213171,-0.0649576348464594,-0.0446354132324397,-0.0429312875976745,0.0426064893240751,0.022186036542853,0.0345126031323275,-0.0226610927694137,-0.0592828452733869
"Duodenum_12",0.0893480532285297,0.071191773900164,-0.0537719564063127,-0.174743934454391,-0.0536451422120394,0.634237443920637,-0.0755320514642261,-0.176659576086794,0.506505179932846,-0.01950684052772,0.240815852895595,-0.00467091937894648,-0.247006900750114,0.129138446987459,-0.184720558271225,-0.176659576086794,0.22554350864841,0.220005737280741,0.0824790802261122,0.0127728850612543,-0.0187658174867364,0.350505504308669,-0.19822258766887,0.487295617134975,0.210173233874469,-0.148999654529101,0.106653548742304,0.53936817891896,0.0468977505644534,0.0232875319154987,-0.0652939064438949,0.0179045914557465,-0.174713714667328,-0.051441974666391,-0.0390283325081634,-0.29585430173525,-0.180555126437291,-0.0179193273341156,-0.0935529625845801,-0.0659476249484019,-0.0046709193789465,0.176333511675687,-0.0339473556483412,0.133753653957681,0.20807404153571,-0.103749521907202,-0.129800548947414,-0.0811206806773626
"Duodenum_13",0.280122470130055,-0.0254272220827477,-0.174063850884152,-0.0466980120956822,0.21512993864585,0.356462386535558,-0.156218590399891,-0.239044721693869,0.266266824463138,0.0852152649976129,0.728109962253682,0.173290456526435,-0.252321716547602,-0.159728067630944,0.0513849033300737,-0.239044721693869,0.652995053042538,0.7086006829833,0.0648127023049605,0.22240649810093,-0.214117624971051,0.420408804468022,-0.267220089275257,0.250296986114353,0.0681816803982047,0.13192087868837,-0.027467715287323,2.13241128166833,0.0558636591171632,0.0671294364811058,0.332553753283362,0.0466024624287683,-0.103414585392001,0.0803181865999113,-0.0710494191094656,-0.414642393134846,-0.187555783173317,-0.069304825125787,-0.0837396882584478,-0.132131094047727,0.173290456526435,0.0589681477549577,0.0597464938979218,0.296288457920594,0.0199537310794733,-0.024569939553424,-0.131957511067482,-0.0352686768260823
"Duodenum_14",0.142637168611373,0.476653379330685,1.15776978697497,0.0239041183072216,0.362705724126926,-0.189976574862633,0.00561759740213037,-0.0815505067581458,-0.171831809970699,0.396856788913797,0.150982859142642,-0.00837025609971996,0.546345691869615,-0.0772375759650591,-0.00720900409581796,-0.0815505067581458,0.125327998414823,0.106786332853411,0.14471149461655,0.209653598662456,0.190318057889456,0.0398534489284957,0.63500815195466,-0.0038140449730791,-0.0242382795071571,0.0119253210260561,-0.127813815413505,0.760950553849466,0.0824611601941023,0.161919559874899,0.0463409185792575,0.0567015818319039,-0.0728429580937314,0.0366482929364006,-0.0433656003913072,-0.0845251724318569,-0.0615401432929099,0.169624649981737,0.109293413492845,-0.0284949619735181,-0.00837025609971997,-0.0960800615575048,0.0526999312346267,0.076232798854185,-0.0128339726111348,-0.228176295844337,-0.0456098295013797,-0.0547563628970907
"Duodenum_15",-0.0389707320460874,-0.134251120535614,-0.121276137780564,-0.0670665447274364,0.00440152954311314,-0.209911714752588,-0.119393827319981,-0.014267090694834,0.105127340178573,-0.0830173333259722,0.18660529186071,0.15068772434764,0.31121041850304,-0.0619694330425878,-0.080260545319399,-0.014267090694834,0.0439333434207092,0.0404300484291708,-0.000489956711850357,0.292983700054561,-0.191526895645236,0.232324491197257,-0.180863360658505,0.0325881433722626,-0.0768601356450442,-0.148940155262795,-0.159817390066154,-0.184853165564214,0.0673456012065298,0.0555777978491341,0.422777675515298,0.0371771980602771,-0.0711639559904223,0.0624074701338285,0.0291416381784134,0.306135296051716,-0.164936895528987,0.119026973347307,0.00846720626169182,0.103079928310651,0.15068772434764,-0.0343673766940539,0.0400836857725243,0.0549460998991619,-0.0550878164487602,0.0625200471929491,-0.0519870802239168,-0.0174755789749168
"Duodenum_16",0.433490113638675,0.872166584332128,2.31643352249575,0.199305862664274,0.415953133810509,-0.102236090666915,-0.00939528736332194,-0.133284702082122,-0.138344896844818,0.651374569986344,0.465211172721547,0.184607436769933,1.05902757727105,-0.084343000393261,0.426289482693215,-0.133284702082122,0.439719978021916,0.460751745636938,0.165057807455962,0.449992771118584,-0.23619326802753,-0.141042306310483,-0.202103426895802,-0.13264773415959,-0.0433902775303408,-0.107436084957707,-0.204561376946113,0.174280137924413,0.0691639179853344,0.0303038746742695,0.170189197787993,0.12022167428726,0.0719264743015876,0.198100521753582,-0.107652226671456,-0.15337795739377,-0.0414238673593773,-0.049701807204913,0.00277128439300979,0.00103663826076829,0.184607436769933,-0.0569878245965087,0.00526141659247138,0.375412044089079,-0.163676936504639,-0.413780536396005,0.113500928663814,0.143131949381218
"Duodenum_17",0.114431934401999,-0.100874347546852,-0.067770116143467,-0.128766293535476,0.101424766775511,0.561977261569623,-0.0820585101091032,-0.162435395458652,0.152693721053046,-0.041064406995349,0.302620180991275,-0.0668171002959318,-0.287400559266051,-0.0232767418702355,-0.113959703288011,-0.162435395458652,0.253611759591694,0.254565677891214,0.00731695745405107,0.0812403284961237,-0.0370736276707807,0.194786154283957,-0.183960029447819,0.311424613369426,0.0638356137946665,0.0161403042734435,0.0179264769537835,1.15477523090139,0.00711771600938062,0.0412359123809226,-0.0487372310465959,0.0121842833132229,-0.0304464365089855,0.0421806898512543,-0.0469825438124121,-0.332749189219977,-0.146795656798178,0.109432178308431,-0.0249796784410863,0.0505446286850585,-0.0668171002959318,0.21324606012936,0.00861459779940822,0.582107681975919,0.0612576538830107,-0.0332895604272985,-0.0176594283438787,-0.0128299911796279
"Duodenum_18",0.0925204493418804,-0.144048514882285,-0.162015200844502,0.257982183838519,-0.0710838463332416,0.234758501790197,-0.0102276421819744,-0.0408633399296991,0.156190635143484,0.0150204716482627,0.404197770318021,0.511848638312945,-0.248820750271546,-0.255172833706322,-0.0686951723677548,-0.0408633399296991,0.457114087876268,0.446070835568125,-0.000626769970497343,0.210843760310683,-0.18127585739318,0.239494220727894,-0.139475408490378,-0.210837249887352,-0.132335237442003,0.108450657800036,0.0074487271736468,-0.133645544712546,0.0453855208273849,0.00597447367997615,0.924153172435401,0.0560443704056042,0.0743345860677646,0.103908926363681,-0.0521878929324252,-0.228442262991072,-0.130468057455153,0.00703218530601384,-0.0700955028872615,0.0866567824963019,0.511848638312945,-0.0757574840546147,0.0333487720283618,0.0160656227279845,-0.0304039704346117,0.434249582175094,0.00339372123787535,-0.0393497572931061
"Duodenum_19",-0.0485950189519267,-0.220738647886369,-0.133762808762199,-0.121955144224906,-0.170513413136729,-0.311504200769895,-0.029710147750365,-0.0689358189076131,-0.104577065675212,-0.179502900305166,-0.294879216138535,-0.486333173734765,-0.377352878626502,2.20696148715923,-0.187671323897703,-0.0689358189076131,-0.426788707100384,-0.398929726962682,-0.0522092483826095,-0.149878188704421,-0.0521058254366618,0.392906299265026,-0.0964126245149391,0.226765076951057,0.0501135288218896,0.158794705181907,0.306901539094375,-0.256721757856794,0.00876218019157361,0.0252807042471666,-0.190281762831914,0.0139056198851263,-0.192302226077858,-0.151995021070343,-0.0405649618481936,-0.0393259298664029,-0.0923551775328738,0.0461728654744117,-0.0707032267441541,0.0359728458592146,-0.486333173734765,0.403170470538081,-0.0437874318087993,0.209237764170114,0.186329402921398,-0.0738348532269562,-0.0133833550124629,-0.0346941797941498
"Duodenum_2",-0.0698998901444289,-0.145267517637259,-0.0624945472654595,-0.0827440199204279,-0.100855478563804,-0.208329820813839,-0.0923910969204652,0.000366133766176515,-0.00663423432942705,-0.127902709123467,-0.0266713963225353,0.0860141915691222,-0.0859908531489899,-0.0341730642177203,-0.129182411084706,0.000366133766176508,-0.0434103788725858,-0.0487268115924722,-0.0186848550515486,0.0180798590497231,-0.233477948118753,0.270251467032597,-0.123065944252056,-0.0274699104686571,-0.075158847997366,-0.158670715979738,-0.16056083911915,-0.166937752524921,-0.0059369636199034,-0.00541533423188582,0.180978539058748,0.0452010967242102,-0.0862281242424172,-0.0282139477665261,-0.0129352434463852,0.427043826405038,-0.122031820061474,0.0495708723597248,-0.0564565550497993,-0.0112811936478739,0.0860141915691222,-0.0944119023336523,0.00242449786524489,-0.0572609907215344,-0.0570408988836623,-0.168660947470553,-0.0496774429557136,-0.0587006420653569
"Duodenum_20",0.345613003718179,0.537105749783474,1.08009686359908,0.112117755313861,0.372360662969664,-0.24620966106891,-0.0523472945584288,-0.06576898027447,-0.184317919494706,0.346550892618888,0.240784663482101,0.0710056576624776,0.671712541207384,-0.0803882313033006,0.149759402716813,-0.06576898027447,0.231234020446325,0.206359454605925,0.0163269029650546,0.177820059775516,0.0663202797561573,-0.0515007804883989,0.472748785602045,-0.0528510556937509,-0.0317460937947065,0.00129894905184405,-0.0317149649860215,1.16798369845879,0.0471398027061939,0.146541534251488,0.0505232570616496,0.0732976123233669,-0.0919871994626894,0.0176726347376582,-0.0489370232165979,-0.0608151818205084,-0.0896509801491155,-0.0715484373573689,0.130036945679388,-0.0985871331432714,0.0710056576624776,-0.0805263215776164,-0.0126839182593215,0.0526483544986155,-0.111567138810319,-0.18634989391219,-0.031582671701239,0.0373987784868855
"Duodenum_21",0.369966717421148,0.722621754494836,2.04833046922907,0.121621120768153,0.139061818681267,-0.186188515648678,-0.0392850359963805,-0.0443321653051579,-0.102273696542452,0.272996390526449,0.38825502653801,0.336628227901485,0.258490195172415,-0.0734514313715304,0.160957337500722,-0.0443321653051579,0.425724936591251,0.436492796622738,0.0283469139363032,0.467458608352988,0.332430202370352,0.0625753353326179,-0.0231664709349598,-0.103214622026575,-0.0578263960931093,-0.129073803310136,-0.149529194064666,0.789013492206236,0.0518542121021753,0.0682327418593779,0.216165916629443,0.194856217324732,-0.0637042171175883,0.160545475922588,-0.057527942321859,-0.133336363708967,-0.100226326300973,-0.114011218459063,0.0365859215924167,-0.0972284739501899,0.336628227901485,-0.155610649477654,-0.0081116807391376,0.338542180638406,0.00823608623714627,-0.165950268347223,-0.0759327898994626,-6.02609704071368e-05
"Duodenum_22",-0.115280816473523,-0.118724504368226,-0.0682264124558462,-0.13009969890518,0.0384332457664586,-0.103883903966603,0.0376872459664434,-0.191528258577618,-0.255642228987693,-0.197798820163184,-0.323508915784086,-0.450412545483416,-0.459139650964863,0.0341434526607225,-0.262216347973462,-0.191528258577618,-0.316623654650025,-0.317933983270562,-0.0662485319445127,-0.178347168666444,-0.135745448650726,0.193780394734442,-0.12194634229757,0.166572823254694,0.475072071953362,-0.149580216108349,0.0218105446128409,-0.252849222125667,-0.106178463528202,-0.025547237561378,-0.0259343009155238,-0.0625221780733569,-0.168682087244817,-0.111228935601692,-0.00846023687689464,-0.160311808490061,-0.0512703433741998,0.142131693120183,-0.151507867762097,-0.125295959290784,-0.450412545483416,-0.026753202721247,-0.114298764130818,0.00992568056760267,0.67098711286631,0.115418384511237,-0.0767680156478105,-0.102380300795541
"Duodenum_3",0.433208748398703,0.0710073674421863,-0.112859125809343,-0.109115596253279,0.238497517126463,0.410323530755088,-0.155964680111695,-0.236227739939498,0.31143406790241,0.080131530829325,0.657565901157151,0.186608548676923,-0.189315295182927,0.118633818523986,0.093396412465683,-0.236227739939498,0.567277450589949,0.628852649963602,0.0982212274969202,0.174139744670878,-0.141015758531801,0.453910779999683,-0.257698443195386,0.348465874684893,0.15269022665648,0.117056614639164,-0.0872165525467832,2.26705156478349,0.0660966553329354,0.0934739094377451,0.0980477643160005,0.0608742487510759,-0.0483781346104679,0.106883164080373,-0.0653917109278078,-0.392584429560365,-0.117292026065918,-0.0163246137614613,-0.0566517800442919,-0.0812732960785237,0.186608548676923,0.115518902383175,0.0540620171861612,0.388947436423449,0.101792589147762,-0.0189547543293215,-0.0659900272683054,0.00998496542165139
"Duodenum_4",-0.0310014015498371,-0.12565998141558,-0.0416166194772917,-0.0704809475567223,-0.101896322510193,-0.220582903827229,-0.044154410671033,-0.0168704563934622,0.0507436556739578,-0.106477407971773,0.0344796419349271,0.211250115897199,-0.242655581703015,-0.0394292284833313,-0.0355288288266585,-0.0168704563934622,-0.012530559155153,-0.000797913215145584,-0.0230912253721773,0.00646681349437058,-0.179335010627177,0.460578104783554,-0.106248003979206,-0.0544590129863508,-0.117891094244225,-0.155057788811386,-0.145582816368254,-0.0380003765643687,-0.0242803849184601,-0.0166908277786738,0.180245399242712,0.0325284043033729,-0.0129439658115691,-0.0101181066507718,-0.0185138504458469,0.279499240485568,-0.0819007743059447,-0.00294106093143924,-0.0504307478367284,-0.0360878926819724,0.211250115897199,-0.13054799095803,0.026372384527331,-0.092511901605978,-0.0372453069051263,-0.16555978069633,-0.0621884952292972,-0.0515880176521708
"Duodenum_5",0.287686400800363,0.172697904780064,0.0648879126494097,0.0718838423710192,0.0996809861158116,0.0105969681967627,0.0703631495596121,0.0479686755631951,-0.120663233844703,0.105216892085463,0.147638926470469,0.308877761745764,0.391777513923453,0.0569306587551451,-0.068303825891925,0.0479686755631951,0.31430774204908,0.27082383579721,0.0576166868516909,0.0286309869030972,-0.0153550769913424,-0.0589856283288479,-0.00780789232854649,-0.192052633218973,0.0369659123607706,0.0532660095519753,-0.0206501375801315,0.809814600672876,0.0615547515177987,-0.046290714983597,-0.0625761795006416,0.0834329107345025,0.385141240318797,0.0345022416792833,-0.0403685454898366,0.0243741039843288,0.0125512437697271,0.0376883774945315,0.13493246689526,0.410340294591225,0.308877761745764,0.890320002292265,0.0463183741372006,-0.0533080424519176,0.0644915547852168,0.109303602080834,0.465318059362828,0.127980234710491
"Duodenum_6",-0.0639046485467107,-0.00653576441951257,-0.0601248622320406,0.0649838524026564,-0.0655332114376883,-0.0968293726212206,-0.0166676112479398,0.0147658433696102,-0.0895107151101993,-0.068643068474849,0.0199529530818522,0.0772267044081433,-0.0531591721719492,-0.0520390839380132,-0.165029924953684,0.0147658433696101,0.0323749110809425,0.0202795163712936,-0.0821457712693077,0.0493310865294226,-0.170242420496557,0.35080109888832,-0.096811045772847,-0.153346021207563,-0.104825536062227,-0.11690977381169,0.0519520686613092,-0.323513789555419,-0.0100573944380529,-0.0119020704861813,0.545866783745814,0.0138443106460223,0.104772835006212,-0.00330944315554466,-0.0121766687485698,-0.171642022727698,-0.101450579660914,0.113835825107041,0.00347975477597526,0.145419799333292,0.0772267044081433,-0.0693656417080154,0.0215588540397097,-0.0119067081905561,0.0745930359660651,0.767253247233901,0.101122547692395,0.0133359661556556
"Duodenum_7",0.310171319141483,0.0666415221212497,-0.0574292571429403,0.232513855270388,0.0733494289080824,0.0180080598885022,-0.0704914769031491,-0.0200531145391348,0.0693062106356516,0.203678143351589,0.436318820049035,0.0686973042694331,0.00155571206315476,-0.0674081738224491,0.299788744029133,-0.0200531145391348,0.464648248930772,0.442853586825099,0.0771730441772967,0.154760673864373,-0.185353287961327,-0.165228642642642,-0.133773898483539,-0.253153499364391,-0.139139549725686,0.504100156565855,0.203266126717494,0.114631302209441,0.00498428136478467,0.00836390779648141,0.153030772014953,0.0762531155973327,-0.0532878352278276,0.147271202801726,-0.0479822831102099,-0.156201051661013,-0.121215653953584,0.0172764697302138,0.212197186184807,-0.0149947753489757,0.0686973042694331,-0.129123886531736,0.0670085266627424,0.132461360973341,-0.0844188801002057,-0.518426742986022,-0.0130990409871978,0.000209491762939058
"Duodenum_8",-0.123640224480003,-0.015886331827361,0.0221541590719243,-0.000429139525603145,0.175722296558732,-0.0922757504417783,0.0874667629178862,0.0447936590162818,-0.149837422255395,-0.0349040645316435,-0.25856813641682,-0.312684023664245,-0.335799099147941,-0.0674518340960008,-0.21617777750002,0.0447936590162818,-0.242031843128301,-0.276810541634344,-0.0837255686936889,-0.126176335503018,-0.0813809817022373,0.28111210198959,-0.0281564430194016,-0.0364606302537114,0.164375814006992,0.139876479041486,0.266020427861792,-0.291237163261357,-0.0856825600445199,0.0552046298117568,-0.15390768633619,-0.00531605479165091,-0.0418501051580494,-0.0911690205396109,0.0202778306352687,-0.0258478667716784,-0.0481157987134886,-0.00046550922543524,0.0194711670620264,0.0420086633862121,-0.312684023664245,-0.0927904182972951,-0.0816232919455373,-0.148819431300217,0.220631057845593,0.732381019222572,-0.0174473239020625,-0.0389876409230471
"Duodenum_9",-0.0072885403065543,-0.0905702258418705,-0.0243374785700908,-0.0425946367469641,-0.0836639963964144,-0.117831449285859,0.0994046002193076,0.0550574200086652,-0.0788879295293024,-0.0761905556582323,-0.010965480709278,-0.0821825141043137,-0.35872363972855,-0.0157851768604679,-0.166457335315106,0.0550574200086652,-0.0554256071529701,-0.056719345517908,-0.0631426642991257,-0.10443463370873,-0.0903318928427669,0.315876409600599,-0.0348538290020198,-0.0919106752870223,-0.0582928378906011,-0.15548946294185,-0.0592209949209016,-0.236710446559109,-0.0527272252762344,-0.048390616922534,-0.0764554829967249,-0.0907314202327843,-0.0950923540499017,-0.0387051130799239,0.0221076267045981,-0.125043643910076,-0.0342035030601078,0.0486764475690565,-0.0472363075579359,-0.0974168562817356,-0.0821825141043137,-0.0134567517475545,-0.0505992324925405,-0.135666999216207,0.0316206075336237,0.74370879512494,-0.0329173238292525,-0.0614622742996608
"Epididymis_0",-0.012863735067747,-0.0333852779976072,0.274621252727859,0.119362832861481,0.0568590576898928,-0.230180544888305,0.0434798807816754,-0.0160880425173093,-0.234630078222823,0.00974816667000656,0.164203940266489,0.29167953180691,0.211134458211038,-0.0275518037291736,-0.0811360387085832,-0.0160880425173093,0.0485410143445701,0.0921147814845336,-0.0739467019090594,0.165823590308454,-0.185130738576176,0.0510996630972706,-0.128893937955827,-0.114369913098404,-0.135357473177603,-0.02524828896206,-0.17967170373736,-0.341466446942406,0.0271988289570212,-0.0427471701743759,0.363113977799184,0.047750964193327,-0.0906065851980613,0.0973067638458728,-0.0171161716853753,0.0957163282329176,-0.0103862949142491,-0.021909415571841,0.0281876295374925,0.0287682105406799,0.29167953180691,-0.212944508162031,-0.0180112740081699,0.0692619200443088,-0.0340184611168089,-0.110086481008572,-0.0415285265578002,-0.0775282601123917
"Epididymis_1",-0.0932830486738374,-0.0399911169440581,0.256231089002837,0.0955353131323144,-0.0276114740389353,-0.249332416965986,0.0341205600678914,-0.0403527190129978,-0.252474302501231,-0.0800822801606993,-0.0497105142978319,0.110422338229462,-0.0253066494470824,-0.0329059760571699,-0.140121869485508,-0.0403527190129978,-0.112583669467711,-0.0976319042001981,-0.0893944201865769,0.0782313747517557,-0.18501599612032,0.0290500396420995,-0.137985972522623,-0.0638684230480869,-0.125226596534123,-0.06257722378839,-0.155985574945068,-0.347839956265763,-0.000813750231459286,-0.0616580032579968,0.397144259017629,0.0174549764469088,-0.115367415768638,-0.00356918134054992,-0.0224741288892085,0.0554954990302214,0.00805993027735704,-0.0133088625061533,-0.0118187546213736,-0.03944282106968,0.110422338229462,-0.157878995583133,-0.0307083563678733,-0.0270324147675397,-0.0509301380984677,-0.142542405911504,-0.0708187344467697,-0.100048338083135
"Epididymis_10",0.113518337248994,0.219225900776835,-0.0918643289107601,0.0504356770929284,0.29274680664768,-0.275684822665716,0.0519346872930826,-0.0616390723587188,-0.229257926994833,0.199303504090267,0.264424297764882,0.220061124294299,-0.0803178103621136,-0.132015272265782,0.219052534240761,-0.0616390723587189,0.260027228657149,0.164249088437977,-0.129229954321848,0.504252958532266,-0.126042499059315,0.0223289581649524,0.10165064938106,-0.16037831159558,-0.0544094286647381,0.113584412675879,-0.147098241258945,0.296904472813011,0.0327486687530589,0.115436644798165,0.254569978379306,0.0222845150682352,-0.0430721327124329,-0.029288262856016,-0.01268525195327,-0.188694017616552,0.0298656020020994,-0.104108639886792,0.0722473847862101,0.0693765325710562,0.220061124294299,-0.104361327050311,0.0270166897332583,0.131504299532188,-0.150984369037595,-0.142232412941934,-0.07707543874567,-0.0483571195553071
"Epididymis_11",-0.0491417345593876,0.0284913003384515,0.0147434771809351,0.0660927785518791,0.119107096644868,-0.121593848642602,0.0437146947584289,-0.02285528301204,-0.34837503572083,0.0694466162401089,-0.0330668911445068,-0.0566173660361083,0.0798647595561279,-0.141516926252285,0.184637134491093,-0.02285528301204,0.0133972669326999,-0.0679386374478068,-0.0534087101330616,0.0725801548622434,-0.0477726724188074,-0.204900187242569,-0.120016793236446,-0.109878576397101,-0.105348544210279,-0.100189130345406,-0.150135099401011,-0.333444528070497,-0.0129643621820884,0.00839125816545003,0.140364386927706,0.00816146450833423,-0.0198091620640134,-0.0199808075381396,-0.0107258214009442,-0.206199817092803,-0.0472882870440773,-0.0608154659653729,-0.0205687365056092,0.0696521265609678,-0.0566173660361084,-0.0808159895527869,0.00974258525570115,-0.0893214510351698,-0.106707988584609,-0.33289961645454,0.0783454956541327,-0.00106138057570822
"Epididymis_12",-0.119496767819985,-0.0647491162116074,-0.0443307606258331,0.139540507852836,-0.108692643818303,-0.219989694367926,0.108350519465421,0.0441086085089864,0.00713509559498382,-0.0780351895159232,-0.253580271297117,0.158350547586321,-0.0307327804977147,-0.0277250935903266,-0.199730900431478,0.0441086085089864,-0.163268126622518,-0.193593622769516,-0.0331298132813185,-0.0640810236252487,-0.0493908675695678,-0.16752622389272,-0.0189782313409402,-0.206029497824397,-0.114028150035737,-0.0321343170245438,0.0676660798299185,-0.352211022384939,-0.0469314764492497,-0.0220525117932397,0.069928643433505,0.00160404703532242,0.00951904774207909,-0.112541032573033,0.241561045956194,-0.121832153403004,0.0175833278058628,-0.0107680037762794,-0.0220529412036322,0.184375130721117,0.158350547586321,-0.101589453483932,-0.0467165409579473,-0.212220652717247,0.0246467027998309,0.158189834008467,0.0974145604969102,-0.0852173618335596
"Epididymis_13",-0.395558129252587,-0.324798393234608,-0.164062894358654,0.120293331504646,-0.218524327741716,-0.227438682665621,-0.0642891788217621,-0.188758414605941,-0.563651200031192,-0.230530222482116,-0.61628096815069,0.124682785737768,-0.297759509336494,-0.259464525177848,-0.489181541192453,-0.188758414605941,-0.501163056578433,-0.462683980565938,-0.244685236924254,-0.156624145499565,0.0693154796081137,-0.188106701455216,-0.195224132554998,-0.244942008193839,-0.0792413103448999,-0.311579412308133,-0.0535226981490118,-0.444372861510049,-0.239554560946387,-0.243148163247915,-0.445645119033692,-0.277482043654055,-0.28729494499235,0.156656063557183,1.63383987856771,-0.360396958230539,0.394661466187159,-0.2322893370832,-0.280806218174677,-0.224891767190974,0.124682785737768,-0.345992794302151,-0.159927037912825,-0.369107704092316,-0.128628635345338,-0.0577876312479763,0.156750562777348,-0.266624587027073
"Epididymis_14",0.250229137594431,0.218194021126155,-0.171486016380213,0.0362606013847305,0.921642956000069,-0.512757754893954,-0.00696795868512449,-0.509760611796044,-0.432846954405113,0.495011820731362,0.686247556369165,2.27678901136846,0.123058078143104,-0.162252047812593,0.254795769581024,-0.509760611796044,0.916808903238047,0.936657917117843,-0.155232563719884,1.3427101063027,-0.439707850822351,0.330123895221576,-0.35098797414252,-0.212344380490181,-0.120224900669159,-0.0115287908816686,-0.328779706447996,1.84201286547313,0.0200896891972071,0.0813725741191056,0.32307660885904,-0.153168500590069,-0.0373722084194002,0.0701028833410061,0.101542058496312,-0.383478014179413,-0.036875085762247,-0.213719151290976,-0.0873771382712584,0.0317385009799121,2.27678901136846,-0.252235997329649,0.0487108490128662,0.366467441042813,0.0314844995362259,-0.177163228365591,-0.107029171664699,-0.121132839523343
"Epididymis_15",-0.099336968191837,-0.0626297515412074,-0.101600554266586,0.081741814877284,0.100366026896099,-0.130583495537786,-0.0254539174600908,-0.0348219845652301,-0.255629138765774,0.119167467728116,-0.0156283953041385,0.344594582090457,1.06524214242958,-0.0961609379435794,0.0547913054984857,-0.0348219845652301,0.0834768617635271,-0.0118360475384686,-0.0517895610821932,0.209549064471061,0.324710205103349,-0.00239709642305366,-0.0957203675620021,-0.1247595219756,-0.00179790329361111,0.237432015481887,0.095508311477324,0.304251784722132,0.14635238879358,0.0206401312238752,-0.0579678663386946,0.158575202341229,0.472258141315779,0.125319884128578,-0.0530596743982479,-0.123928860096087,0.34301517117146,0.126528733037348,0.447553400020405,0.534795708215505,0.344594582090457,0.551034994043484,0.138110809701489,0.0522188125897792,0.40032620259993,0.403737942883139,0.364030738521033,0.290072550981796
"Epididymis_2",0.085377976995131,-0.0158890841432535,-0.160560610515693,-0.122647330017069,0.582962068148491,-0.591773658391474,0.222019655907244,-0.590607418994918,-0.403080938358859,0.264771960303534,0.504229308254384,2.92687794572702,0.0242333629109909,-0.196946994201815,0.141601945873767,-0.590607418994918,0.787503649368954,0.843099049083542,-0.16405181193796,1.12970979169678,-0.394591777405799,0.187148536439687,-0.402618766747782,-0.299558507792675,-0.181911390193697,-0.182596051784681,-0.269811504685777,1.55734109303687,-0.00356421331913673,0.0359122209965527,0.333924315317211,-0.213716778067686,-0.0473539251346909,0.0654881920829447,-0.0813074058093751,-0.391983939359122,-0.0678029124736437,-0.17692296078199,-0.101098707158675,0.0547614080011182,2.92687794572702,-0.278190130615128,0.0422735384031114,0.079156104229756,-0.353481497008774,-0.183598238656027,-0.141666359737596,-0.195814791774806
"Epididymis_3",-0.0257951343565948,-0.153619454230247,0.0123259091220313,-0.0335031966904208,-0.0318325817473654,-0.248923669914391,0.00530943761535958,-0.0164863692749272,-0.0908962559176677,-0.0378471880774813,0.176626897227185,0.214915301321434,-0.0476348989077494,-0.0495827676364231,-0.0291641643704257,-0.0164863692749272,0.0176670757454312,0.0598804556411246,-0.0715113135310129,0.127793211422505,-0.194370539047179,0.0805785820170517,-0.098974766817686,-0.16282881680507,-0.141687156983382,-0.0839017603331369,-0.150982572946429,-0.280387794822299,0.00834373397350193,-0.0437552540241215,0.11690686924655,0.0603742980825909,-0.0136553676915446,0.0665851365339668,-0.0275863529649141,0.145505922750753,0.00436908596946472,0.0014813847898725,0.0148538410081983,0.0298215108078647,0.214915301321434,-0.164073124243092,-0.0163468237736147,0.0024621562682677,-0.0297165582954428,-0.122299023796824,-0.0429966648272298,-0.0370969185206949
"Epididymis_4",-0.0260921809633964,-0.112443235849412,-0.00196885245050692,0.128896066277944,0.131267501817583,-0.147040549484371,0.0158556947491775,-0.0254066462087784,-0.338635237668308,-0.0593860821674705,-0.27210166992934,-0.158544751807481,0.0574359457758761,0.00747278258630824,-0.207710618513863,-0.0254066462087784,-0.238716147062272,-0.266656733135568,-0.0476020153856186,-0.126379118767934,-0.0532337560118422,-0.0869782679614695,0.0126254644832178,-0.145443274169642,0.0574485927949572,0.221119442016786,0.144813762080182,-0.29165919224528,-0.0341695381553911,-0.000312050691900399,-0.079061289200438,0.0956117730616231,0.409121091050714,-0.104617404739795,-0.022493197765764,0.00376614815847321,-0.0533352910276047,0.0501011035921452,0.227464485194805,0.334329389123788,-0.158544751807481,0.527404117432215,0.00267138938510312,-0.139124631986757,0.202213881923046,0.339092875861093,0.247309508860276,0.0735107856400081
"Epididymis_5",0.11110112123733,0.0188621878291702,-0.0883740361465986,-0.0257649779348362,0.456400710558812,-0.39476384547815,0.217244117776424,-0.16338108968175,-0.31275815277129,0.21940682667717,0.402210297632036,3.12466240949444,-0.0767605791795766,-0.0406931132051455,0.138828698597196,-0.16338108968175,0.698889050616026,0.783945695906917,-0.1081844067849,0.913961252353578,-0.244760467358796,-0.0524005735002056,-0.191659419827643,-0.324279125924029,-0.185223596630497,-0.126592291523421,-0.222061636301629,1.07862594693747,-0.0347358687712484,0.0191000398105056,0.0392503151645642,-0.162453692870601,-0.0289212128043429,0.148386019942323,-0.0294769552063356,-0.283513506858323,-0.0376032391916084,-0.104357116670999,-0.0754731057115738,0.0170764252657877,3.12466240949444,-0.233435978495498,-0.0268012813358711,-0.0148027684487045,-0.22440711307411,-0.134829803604266,-0.0787983552538858,-0.141428664038376
"Epididymis_6",-0.0398339341046693,-0.145438714768378,-0.0446169251804842,0.0489426732209003,-0.0355362623985794,-0.246403159284207,-0.00662425819824379,0.00772794283162843,-0.0657725805514711,-0.0339026193104221,0.114890546195417,0.0894020438578597,-0.0288718752789593,-0.0474780512609388,-0.0956775492257751,0.00772794283162844,0.00459476048087777,0.0210181382776934,-0.0693882697677793,0.137499364652052,-0.2056629246423,0.0764329153664068,-0.0972652680433297,-0.13564929621899,-0.14956091787497,-0.0906086024072214,-0.159391979171701,-0.19608548354989,-0.00161406447586727,-0.0495915112562643,0.0447925843433628,0.070016777686816,-0.0583149121925692,0.087266930795533,-0.0189648353055794,0.134493550193508,-0.0517865659959133,-0.0156518180165092,-0.0103824523544731,0.0259067196210347,0.0894020438578597,-0.156637580424814,-0.0226005645260037,0.10274954823539,-0.0490256491502484,-0.0816281121167499,-0.0359644724611999,-0.0433036702049114
"Epididymis_7",0.122336252819759,0.206903792689098,-0.0269433692660384,0.159002316089816,0.365690274667335,-0.127946011014962,0.133006508743026,0.0238944985865512,-0.315427883035628,0.241876039677416,0.259134476469627,0.820352722128916,-0.227585557924557,0.0274769333582333,0.0938276648042878,0.0238944985865511,0.286268453308373,0.333843413476944,-0.135216290903607,0.575141658144141,-0.143547974998458,-0.0557334035099375,-0.0532685130926854,-0.17104945229333,-0.0753789106212463,-0.0258803346284302,-0.143627156598555,0.327716989353661,-0.0594973592884782,0.00705803413085962,-0.0170000359811882,-0.0829440269035879,-0.0146059488756019,0.0943245006156432,0.00565915534899196,-0.214214518760952,0.0142950115418625,-0.102645924190967,-0.0661069796601636,-0.0841710111229991,0.820352722128916,-0.167169442299849,-0.0339918707763581,0.114716559011741,0.167820217864599,-0.0676911903935157,-0.0301474571530656,-0.0779571349626043
"Epididymis_8",0.330281747583419,0.430589686422307,-0.113662264893742,0.196082294269424,0.842056566521882,-0.273219599534278,0.0540131171699075,-0.232408739176986,-0.46328084892845,0.512014982929172,0.646541029517491,1.58723325929879,0.0370588385609835,-0.163048588862128,0.257865391219045,-0.232408739176986,0.854205200027598,0.813108543160267,-0.151450029953947,1.16235009237207,-0.285896666549214,0.2184460995655,-0.214653708226522,-0.188271435201825,-0.0639992131640379,-0.0135151543025149,-0.294733384927507,1.72908544320519,0.0137816569888289,0.0668437929173205,0.281194154532751,-0.0695109080714315,-0.00618010854012656,0.113633784656013,0.111225104460492,-0.325532558755943,-0.0272190411407078,-0.127756496709654,-0.0833109411593852,-0.0249131790422581,1.58723325929879,-0.234634098563078,0.0406336736273165,0.428058979349474,0.057103583787307,-0.0715874374350963,-0.0347369941818331,-0.00358154656897561
"Epididymis_9",-0.0577782324177133,-0.0721214360331692,-0.0414604502401925,-0.0815936538118286,0.193320792232456,-0.338088609435115,0.140616710098854,-0.0990545766471774,-0.319958741271265,0.00865052741875769,-0.114340131395437,1.34649817840916,-0.453291059277432,-0.0183116289292487,-0.0906424352494399,-0.0990545766471774,0.0788801249563036,0.0954482768651344,-0.134395494335879,0.285935520145307,-0.119592924700068,-0.0913100740950983,-0.0597449898911013,-0.220177766159881,-0.105496363617363,-0.205872453293483,-0.111889095639375,0.412303041312096,-0.10462892949918,-0.0324275302445289,-0.14700094652995,-0.165347318348425,-0.0675545242136844,-0.0682278239878115,0.0228508821108427,-0.191533210854912,0.0521238779158529,-0.0586041702302466,-0.0918543544189008,-0.0481059156705151,1.34649817840916,-0.142512792836712,-0.0628548879877941,-0.194191068375861,-0.0364218611911815,-0.0860117756255205,-0.0396393763136494,-0.140176711216183
"Esophage_0",0.40641763592172,0.0109712142145918,-0.0800153767397964,1.6305318366834,0.517610118156181,-0.0185265971008873,-0.0426459744202653,-0.098068583641847,-0.0429733591988053,0.340583746572928,0.644657669773052,1.77753625757434,0.701133110676187,0.202091744129082,0.130196752722874,-0.098068583641847,0.639959140135349,0.803551583913938,-0.0110267595713124,-0.0178831391175506,0.226008356185407,-0.106240584642306,0.140799680604091,0.296695555685205,0.102962512599548,0.0154318065903012,-0.217224367656674,0.963605170425733,0.0843682213717783,0.1167828436768,0.00225326398640065,0.134934262355768,0.0266438666757967,0.469998180490428,-0.0150472387042147,0.0248862117429104,0.344600629359971,-0.104204159738406,0.139152722290115,0.0377010675010802,1.77753625757434,-0.0435717555559235,0.032187730528511,0.204385798978015,-0.0454496655074568,-0.146165718789144,0.0195945437052343,-0.000278572211262708
"Esophage_1",-0.0324213175706107,-0.000650048259651778,0.151623526197976,-0.00981900131096538,0.0155508529417461,-0.147364153521163,0.0378229766422877,-0.0451576128668755,-0.229043340829709,0.052526863141411,-0.083563978605635,-0.144661222192751,0.449348994190277,-0.05945499626113,0.0608644278709378,-0.0451576128668755,-0.0968913964005063,-0.0894715648227161,0.0389876003885195,-0.00258318309406835,-0.0914751520589572,-0.189442830291964,-0.132680150204033,0.0959665572129686,0.00710556188151163,0.0356774621100524,-0.0969543609983386,-0.28582891625865,-0.0164262202890799,-0.00949642955541538,0.063848755534917,-0.0282706908172992,-0.0148295083803513,-0.0435741812449801,-0.00169864662961238,-0.0625924697556377,0.0441056327589715,-0.0921721209875638,0.0267965942401032,-0.0611924288558026,-0.144661222192751,-0.0986676564642762,-0.0498085661900199,-0.0117083565081328,-0.096112756848578,-0.328102822451947,0.00171082915589271,0.0572748314771096
"Esophage_10",0.178255582824054,0.0692336171953853,-0.0527664881685117,0.639758374663715,0.173202138331797,0.0454736157683402,0.00876395397437567,0.0128075678894358,-0.34071431362583,0.231137954237588,0.357078690835386,0.72910108166485,0.692627408606616,0.00801670203008045,0.0578641025602416,0.0128075678894358,0.27362504367685,0.393526852277236,-0.00345991157572843,-0.0833937284959299,-0.0212626603740997,-0.114778954949546,0.320197820560738,0.192777173046196,-0.0253894697473856,0.0104928627098682,-0.199156910631605,-0.0234685846169397,0.00135840058281028,0.0735903799287307,-0.0619748890647953,0.0320431445385231,0.0333049284664429,0.254902266089816,0.00317028052496751,0.172509818437859,0.255496889158669,-0.123551481833459,0.052765333990202,-0.0318675793936277,0.72910108166485,-0.06249665708537,-0.00346515024267547,0.0260815357130164,-0.00110101739468724,-0.100579258891258,-0.0208415849598339,0.0130037070581851
"Esophage_11",0.448842093479368,0.0809839632265992,-0.0968808576877019,1.60792975779257,0.50509895926092,0.441729499224476,-0.0535536948818913,-0.171942563637925,0.0664514063615534,0.396163287882086,0.850431123493527,2.3826951289416,0.6687215406538,0.0507422795553614,0.0619854656334375,-0.171942563637925,0.770098061956917,0.954112064963607,-0.0172192413570722,0.10694473341002,0.241410220596488,0.0640103468473789,0.137949519959786,0.329148092884184,0.18484808165534,0.0513248377089373,-0.187368040748246,1.10917757134521,0.127521319150873,0.153923654271038,0.0169380584103975,0.15300669312727,-0.0247817472222293,0.575767378998766,-0.0159916934758416,0.158543002413668,0.445171605696391,-0.119089282932812,0.11529716759829,0.0213504767484086,2.3826951289416,-0.00615360012641982,0.0327770068246309,0.350493380971302,0.0427520471517831,-0.125712129032424,0.0361863534850355,-0.0255965498811339
"Esophage_12",-0.0910478206677228,-0.0901455959623573,-0.0139888876135077,-0.0283653401648628,-0.0876705179828605,-0.206636580875405,0.00974953265675635,0.0408969246687913,-0.154040458653169,-0.138362721395798,-0.176431550223888,-0.123159196755992,-0.331255927440681,-0.0143470595261564,-0.176166595723368,0.0408969246687913,-0.177678405325677,-0.192023132357662,-0.0642084624202174,-0.0483534006829516,-0.110474513059149,0.128115765396957,-0.0750703212533805,-0.0750999724271745,-0.0910384680616836,-0.0964251062686499,-0.0788321216789955,-0.250601390260077,-0.0558401571881716,-0.0854209161087075,0.015319403833844,-0.0231072118196131,-0.0380458467161484,-0.0537237686457449,0.016030333705299,0.149131470361432,-0.0506283025495091,0.0408028602711721,-0.0630203631830758,-0.0419755629062275,-0.123159196755992,-0.0593821199286069,-0.0198938383768927,-0.153770282106896,-0.0422454534093592,-0.0908052457360144,-0.0386390980510445,-0.0450731522810077
"Esophage_13",-0.0965924195046586,-0.0516004932069468,-0.0448762319709878,-0.0201896093106512,-0.0110041287878267,-0.137937872028082,0.0364147511613221,0.0213903040431081,-0.118261491029941,-0.0186143894813417,-0.139319765108117,-0.113167458196427,0.0565060933763345,0.0590862716125686,-0.153421813270303,0.0213903040431081,-0.103385277366043,-0.130230026391749,-0.00605333627277438,-0.123941044009419,0.0718398225426857,0.0565775855732268,-0.0106282261345374,0.0055746509426544,0.119298054238123,0.117305920342017,0.0822122843020223,-0.19619389884221,0.012234268014086,-0.00525190487463589,-0.105065936577688,0.0500195603731094,0.229375434589573,-0.0522678930790965,0.00167821002507257,-0.0107389530897844,-0.0145205786788948,0.058739552847331,0.121328787787302,0.21989106549248,-0.113167458196427,0.21594465973226,0.0196575028080081,-0.0909836037456948,0.231566506202953,0.857841469526516,0.180911699042096,0.161157975996831
"Esophage_14",0.0857797333215884,0.0423437120630769,0.329581796965765,-0.072036373369902,0.0195504098428535,-0.208668200036339,-0.00199174010169663,-0.0802147386389646,-0.25178290519806,0.0183097888663763,0.0420604952351153,0.0346882709899474,0.193453832559415,-0.0990626691417294,0.199777659567675,-0.0802147386389646,-0.0159153091348591,-0.00501916272778609,-0.10124280221274,0.222842979958318,0.168818346826882,-0.0411192433873017,-0.0789080902052346,-0.016444182137925,-0.0538742373146376,-0.0210519777694589,-0.0616384652519832,0.169175750680947,0.040873509008034,0.0220453233050448,0.0638777647863678,0.13763078402912,-0.127068521835849,0.07232580931826,-0.00981383864412064,0.0379021780902752,-0.0589222277916995,-0.104147867061788,0.0702513680630956,-0.17118770261104,0.0346882709899474,-0.123438078939131,-0.0708941462535137,0.0948417333486854,-0.0592288679302155,-0.202607266238985,-0.107713217556035,-0.00409860553931192
"Esophage_15",-0.0296894689274636,0.0763499399399262,-0.0134608675008866,0.0727255048558588,0.413057257497858,-0.0844205082334183,0.0372598144223531,0.0247655388975701,-0.212539509441565,0.123267572137988,-0.00606569819921213,0.0149852360255323,0.000913727794651747,-0.00530432487635125,-0.131545380761705,0.0247655388975701,-0.0589540777190903,-0.0408014505413899,-0.116965344783776,-0.14822664787128,-0.111941758517202,-0.111811937018506,-0.0576219750707965,-0.0091580540014775,0.397767693295459,0.178323880410649,0.0211943008291779,-0.221763773641679,3.78596754220894e-05,0.0863248653850214,-0.102058837578293,0.0441422178209849,0.027473201186777,-0.0316212334752326,0.0141817637563214,0.0432261763853986,-0.0672798098574016,0.00889584500865927,0.102303816566421,0.0671780424946126,0.0149852360255323,-0.096009051282687,-0.0473860329298116,-0.124424127073223,0.3106100476935,0.750582940165337,0.000932169397880473,0.0410405519625178
"Esophage_2",0.170726480835302,0.0389045587271969,-0.0561817087546712,0.474912069491815,0.11072819231722,-0.0159151462640046,-0.0863786722819842,-0.0656989796938189,-0.175436970610071,0.205614822323057,0.320102171681361,0.631551961121949,0.762425281859159,0.138545673426985,0.186624865362289,-0.0656989796938189,0.234209099317814,0.362353326222294,0.010537348124561,-0.138308255135197,0.279407406026623,-0.154564135147602,0.293963211785037,0.426801710678528,0.153625810185695,-0.00203560041276682,-0.212303506148282,-0.170715282845047,0.0440194805850542,0.107766229072402,-0.118064396150138,0.152994395208287,0.0521838837497987,0.338288417857908,0.00284524377405987,0.242182782768204,0.322244311720451,-0.0783298345348058,0.126941691634492,0.0591913797912555,0.631551961121949,-0.0969796247633475,-0.00479448593012646,-0.00217971814261092,-0.0257438201161877,-0.135632043148602,-0.00957471182264797,0.0445180300820886
"Esophage_3",0.647701420487529,-0.0478134544495259,-0.0753152835891209,1.38311824658752,0.82212139972243,-0.0869862346638707,-0.0828232022079831,0.11601625145245,0.51017058941939,0.36751606795478,0.850911241264011,2.51670532265483,0.41717189719229,0.490383188699556,0.362663227528125,0.11601625145245,0.827132513231599,0.99695942273512,0.0231786569380778,0.368296884947917,0.0824236327647902,0.0302070074590402,-0.105196663926987,0.150657650652911,0.171553422352043,0.0559195538810083,-0.185898790485493,1.56469710360047,0.118854543205169,0.0703395546868196,0.0211348610276508,0.229778994800435,-0.0331844092477177,0.741415941607629,-0.0585862708251206,-0.0952743774138372,0.468610888364826,-0.0879284295498048,0.199967023610759,-0.0275558567953396,2.51670532265483,-0.054891653472076,0.00472770162018509,0.515045197902299,-0.0441752510964959,-0.130693117532069,0.0250476906200539,0.0415066368833391
"Esophage_4",-0.0397715241722619,-0.0386754710479037,-0.0585326720519635,-0.00104808975469284,-0.0143780393146592,-0.11414413740907,-0.0277950171454501,-0.0518746451209454,0.0811848308342865,0.0634006427004895,-0.0499858731714969,-0.0902436302647679,0.174270596298966,-0.0407715642496808,0.0838475185854512,-0.0518746451209454,-0.0705873611385661,-0.0460859896528563,0.0557432418972465,-0.140228619494828,0.240779076358033,-0.142938785081421,-0.1537278710914,0.0484573795511453,-0.00465771341751884,0.190561354339962,0.0177253995283718,-0.246582026758698,-0.0148393240994034,-0.010477920888727,-0.0768083096080847,0.136102763955644,-0.0307870737209991,0.0234785515337233,0.00236167844043121,0.160605369010694,-0.0462915020389362,-0.0101428421984898,0.0970233380428765,-0.0591963859799355,-0.090243630264768,-0.0947686594362117,-0.0296863598482185,-0.0257510584315011,-0.0918594730061701,-0.537043134161564,-0.0406541571670504,-0.059329003684618
"Esophage_5",0.0436856065301849,0.295861696527217,0.181457009078705,0.0204596560042184,0.238461948808228,-0.162587692231219,-0.0489783377957437,-0.0177685705603821,-0.171353766606755,0.203705876330258,-0.009002497592979,-0.135653680068992,0.316366823665201,0.0238325888968538,0.233957711722928,-0.0177685705603821,-0.0902099037665644,-0.105330806525408,-0.133628662775287,0.055183439559842,0.444847197688935,-0.117300096903167,0.00821429772807791,0.108893057718553,0.0136057575681397,0.318252342991849,0.115847228992414,-0.0526040801761268,0.000839568588875737,0.140431361018856,-0.0213089343793923,-0.00110621032176672,-0.12127774171377,-0.0215828132022472,0.00565711149051983,0.0140191172700262,0.0283868968397368,-0.0902950275625942,0.0884333306439078,-0.024500780799797,-0.135653680068992,-0.0928822297620535,-0.0840476079730661,-0.0253631580744006,-0.116258474516649,-0.157794353248989,0.0168627026209368,0.0645641004504304
"Esophage_6",0.117973744740991,0.340622531643984,0.165142737728985,0.00299890900011653,0.354275049236956,-0.146015757354945,-0.0646605870824681,-0.0463282910679374,0.217752754469518,0.376881196823775,0.149642305361385,-0.0316037304220795,0.640570684647419,0.221994169954598,0.434490140052386,-0.0463282910679374,0.047480811640567,0.0449608888305817,-0.0642792510047333,0.135502782351842,0.358274820770389,0.198451234401491,-0.0889230909803871,0.0983066235212342,0.00492902454415741,0.541477948902052,0.0455762913022044,-0.0931416532957661,0.0548982461564858,0.228973317002558,-0.0301286757100391,0.103812172690481,-0.0575538337300227,0.051880743376637,-0.00465645809016704,0.167897325303443,0.07481774863171,-0.11929270856942,0.173608379649902,0.0124602704071593,-0.0316037304220795,-0.0703697932709167,-0.0617481046647493,-0.0165099956935616,-0.127846605238996,-0.17009381169427,0.00887598587262089,0.07068559987665
"Esophage_7",-0.198845246695241,-0.0724853380390216,0.0132285063035519,-0.109400773831709,-0.113013980850595,-0.100245826330734,0.133460430777951,0.179166112800606,-0.49509573564911,-0.186212840245701,-0.420773236622833,-0.447443456331347,-0.496208108401248,0.0874236153831231,-0.238416912497399,0.179166112800606,-0.369029926696075,-0.416790563390431,-0.112280719056161,-0.145853776244469,0.04379120184365,-0.24047002183247,-0.117822544666008,-0.153984347776923,-0.0326610673055602,-0.0739194017693443,0.0738636046048424,-0.216779746179812,-0.0994988978925019,-0.128145568037022,-0.273633854870715,-0.173648676992729,-0.156458626169746,-0.149546835532347,0.0414979867702325,-0.203335820634082,0.0306040023358766,-0.0773026608743122,-0.133277668037274,-0.0958781525761296,-0.447443456331347,-0.089372197313919,-0.0760074978702737,-0.172703635768236,0.00185662468741777,-0.104124272697764,-0.0628747494042393,-0.0342875946657823
"Esophage_8",0.338258850376995,-0.0573109746466073,-0.202889550820994,1.3164050389701,0.362472478507044,-0.0662701925836151,-0.0619914414514239,-0.139919424584866,-0.069147475375996,0.316432318203521,0.803767277966069,1.51350587369025,0.525201263151148,-0.142528957558063,0.180048178826305,-0.139919424584866,0.760010750538295,0.90164303849318,-0.00051278804101276,0.0864588774991863,0.121651731216414,0.0306658624125455,-0.0294097472135691,0.302378098236837,0.0113137937015759,-0.0280327133137522,-0.114521268451423,0.908550480913794,0.0906860935495634,0.0984560291258245,0.194756441473382,0.155639413095003,-0.00851269402086481,0.468073812014027,-0.0457238560340985,0.0198345188317443,0.329482426992711,-0.153741831382564,0.0796418977603575,-0.0272551170065932,1.51350587369025,-0.00772772645946904,0.0185669706271331,0.117936592135815,-0.0522824022627785,-0.144423085728829,-0.0744322413015872,-0.0342576495103364
"Esophage_9",0.37836370113839,0.0172420824372072,-0.102770425295951,1.6333620409239,0.440452089055573,-0.0579483387705927,-0.0148491599460182,-0.101312795753485,-0.149980882288984,0.299561042873834,0.602840896526975,1.64225932700226,0.595868640361216,0.0818062790443247,0.0782492874383446,-0.101312795753485,0.591459409650126,0.736860135420944,-0.0137984793999186,-0.0318539429671778,0.200276880643135,-0.135225711560072,0.198467256990429,0.203496735710803,0.107330325596287,0.0251393823750463,-0.224706901463677,0.813111461642435,0.0517222418701643,0.0995854543730669,-0.0190781636271387,0.0702762682471469,-0.0101128886676431,0.40529091322101,-0.0216892867933191,0.113560244610322,0.308288634115058,-0.113146125139553,0.0739321718619878,-0.0206546267456583,1.64225932700226,-0.00986827949850436,0.0107925753555722,0.13410476084853,-0.0607708665253021,-0.1032971519028,-0.0111204229838909,-0.0097761102781193
"Heart_0",-0.28247455644962,0.0110378850626803,-0.0233491774933815,-0.257893178012788,-0.262942024445799,0.748700964101554,-0.238622542731457,-0.336943024550638,0.122784506267446,-0.341759544591769,-0.618325144580536,-0.667379844864143,-0.779369505458056,-0.0180443118504502,-0.415889330338835,-0.336943024550638,-0.541741787820806,-0.580806232889439,-0.151252535640397,-0.226500920331189,-0.227306608654325,-0.291885694115054,-0.312341715045926,0.178740500317393,0.335860702240714,0.551289047296531,0.360779677707655,-0.499095205344444,0.0796061777128249,0.0790152203432927,-0.263331949301792,-0.140248729923926,-0.223344100112021,-0.381017933456016,-0.0448384490147009,-0.276101903986542,-0.0147306195126978,0.288753731234582,-0.148935044545548,-0.153941924492446,-0.667379844864143,0.359084380073931,-0.0345311101041991,0.374727786152037,-0.221063830287709,-0.384773720968587,-0.179159566930407,-0.0332537243107321
"Heart_1",-0.253623087703782,-0.114641310831693,-0.0391907731886182,-0.117461965920582,-0.159880422020953,-0.151360071807574,-0.0624495213883973,-0.100368031981679,-0.0461581499879947,-0.0594436651394313,-0.544725553024178,-0.606743920953842,-0.628448763896398,-0.0832737254346284,-0.316802018604048,-0.100368031981679,-0.520615931664775,-0.557960533836802,0.0298662309258154,-0.240590355338961,0.529145548521716,-0.226641779239163,0.429006473352845,0.3517506635307,0.0895732606432646,0.772323259332361,0.477529111041958,-0.296144414222884,-0.032475449668595,0.0546992991982372,-0.287473024254725,-0.0654136723242995,-0.251631351673372,-0.254598785041362,-0.0126578548449514,0.1118840526551,0.762997005867605,0.0656665008411786,0.291810465584252,-0.0586678629478809,-0.606743920953842,0.0624663557877295,0.010238997862799,-0.0845000121705888,-0.0759865391222004,-0.147714930257284,0.127477328753164,0.176213880458318
"Heart_10",-0.29530685035658,-0.160873094817809,-0.0834149816926379,-0.127885708816468,-0.283600469891709,-0.0264944513919341,0.296190597669676,-0.0927085176680926,0.0493220784895807,-0.209658125757989,-0.574518280662651,-0.635458737666282,-0.635348119378688,-0.151437471547661,-0.365073549978464,-0.0927085176680926,-0.521582527647342,-0.54035207795372,0.266767861091861,-0.355016035933251,0.575973166723971,-0.288549993951663,-0.1373373227799,0.33604100711724,0.213693577240963,0.573719434939353,0.627054670338164,-0.447635301971201,-0.0850731031122496,-0.0510579729140635,-0.282753337597123,-0.121485134282249,-0.200687603268233,-0.276249432245179,-0.00759341482077193,-0.0526216190497949,-0.163402907030833,0.09281020299351,0.0253086420695215,-0.122541244888106,-0.635458737666282,0.0229613835604607,-0.0942730226785638,0.0797142753853547,-0.0834867991633499,-0.335562881630308,-0.146886160600215,-0.0795753363960532
"Heart_11",-0.311269914680745,-0.122113001593566,-0.0836774627051582,-0.145179269658365,-0.204914044084452,-0.0473754871650452,-0.189113712966688,-0.147384718682812,0.128450764933472,-0.307490590421124,-0.527251538337406,-0.579435126625864,-0.618174369266322,-0.175760390265074,-0.357209034954849,-0.147384718682812,-0.441081817755987,-0.525477698641722,0.104303868461039,-0.322217218020098,-0.070367543166285,-0.18953002602796,-0.175660205598555,0.491655481129661,0.439341200535104,-0.104880922083017,0.363290876868574,-0.367997450971865,-0.0526297698946901,-0.0441899106535026,-0.238487455106526,-0.0487734018556188,-0.154351503976744,-0.264389149100351,-0.0367912020915198,0.240606707794131,-0.139800990626346,0.22446135913877,-0.0340969413156414,0.0593437442572017,-0.579435126625864,0.111269410382052,0.00879879539386411,-0.0872156531797832,0.155471525585586,2.64105502924622,-0.107993239127735,0.0427903885652358
"Heart_12",-0.293583950590953,-0.116120463760919,-0.0130756157937234,-0.282722736329337,-0.253594023100315,-0.152660164238842,-0.221268170213291,-0.218188009225188,0.0827141376411661,-0.289100086468861,-0.524213251845199,-0.533668469121026,-0.637036455930821,-0.130303297890602,-0.370660891521275,-0.218188009225188,-0.460640314727804,-0.513179438832516,0.0767301233330245,-0.374686787012832,-0.0524393298368986,-0.224826292853364,-0.0650965325589728,0.337420924735788,0.137985309870589,-0.0175838532703756,0.0842094309882067,-0.424836113888773,-0.0630992825945703,-0.0986950356480347,-0.159483051928016,-0.0511928763232448,-0.233841612510746,-0.272332793206837,-0.0351074325773587,0.272850509638564,0.105383522395602,0.154035739316576,-0.0329710687183377,-0.121565228681504,-0.533668469121026,0.0340099171786911,0.00378452014614577,-0.108663457109964,-0.062387340015434,0.0115937910523111,-0.120689677514243,0.00631676110914513
"Heart_13",-0.141948453145727,-0.163712979549533,-0.0553677171731729,-0.0794856933234138,-0.14291548773632,-0.0590479435162316,0.101122267170261,0.0227191596490027,0.04853472074674,-0.204823102850805,-0.455900104700524,-0.374905183899053,-0.408052471270978,-0.0431989997007952,-0.121261052714607,0.0227191596490027,-0.426006816965135,-0.42821500080088,-0.0574443367983415,-0.239833808477465,0.146514770221873,-0.268930950995353,-0.089338872697782,0.212411060314339,-0.0153215421249671,0.16184288367031,0.135049547308718,-0.2874898725632,-0.0971306810131854,-0.128170374604663,-0.281766574252369,-0.0716459462027986,0.253886956733153,-0.0856008766612598,0.00919190175825514,-0.00348860459483116,0.136694821711279,0.128701145105647,0.176536175774507,0.123746146059951,-0.374905183899053,0.843876129860366,0.0224627392973697,-0.189328483115083,0.181439094782906,2.99151720743242,0.0929653409687558,-0.0251182530298512
"Heart_14",-0.303440717995672,-0.107887292000317,-0.128013526213662,-0.189488559276097,-0.271148662304578,0.0077186964498315,-0.105811555016901,-0.0877813152311952,0.213252615646456,-0.317835888561902,-0.542567756660903,-0.550885042840751,-0.60837465803323,-0.189702149995685,-0.377830876655958,-0.0877813152311952,-0.455880559470681,-0.524149359750268,-0.0133451247092874,-0.258717651228641,-0.165695357246106,-0.198106704837582,0.00530071333177942,0.309969211411767,0.353558176491061,-0.170853719951976,0.436942067485414,-0.440527258146969,-0.0027360790843878,0.0487046008871255,-0.197438407537701,-0.0494472312627857,-0.168787811384447,-0.166883671994973,-0.0359113489226737,0.104696401078777,-0.110447986212492,0.222658097975069,-0.0725110802263306,0.0982350939690256,-0.550885042840751,0.0446251941255845,0.0430477725545434,-0.111272749951846,0.0985981932713543,2.21861010083671,-0.0622079810655968,-0.0203145089403328
"Heart_15",-0.205258965222305,-0.148376998251803,-0.0541501819370497,-0.220805688376563,-0.221323723593185,-0.126096452470277,0.0269617480372434,-0.205978820944278,-0.0748733597202225,-0.199932094294073,-0.638259762484166,-0.744138558308183,-0.638093606114572,-0.103161705186614,-0.0704264776025638,-0.205978820944278,-0.605299177252035,-0.621175804051037,-0.00164101848533589,-0.306385937020522,-0.0335250619578061,-0.30726375735295,-0.0880124219210143,0.263131246165056,0.0547773448511948,0.0580264100947806,0.0654912136611944,-0.219367682833373,-0.0368872779012863,-0.117396933194114,-0.364662142820366,-0.13299448006968,-0.230757288559554,-0.247616374976385,0.0199790160694451,0.0204753810843434,-0.0189238043494477,0.0310648124369744,-0.154751297344917,-0.209552893642534,-0.744138558308183,0.148556128883285,0.0345347833281517,-0.000301888817942651,-0.0052863898317105,-0.153510473705019,-0.0354396182657466,0.0503514682300162
"Heart_16",-0.267151080485725,-0.107903770428664,0.00527141046427366,-0.106447023140571,-0.207775016762144,-0.00687189196105664,-0.120512875816816,-0.0843474814613066,-0.141981990175465,-0.298698316813512,-0.601363472788199,-0.694976650638855,-0.685360914799612,-0.189945469622793,-0.339051234255656,-0.0843474814613066,-0.558091655600659,-0.589039987346222,0.310505106722384,-0.328613793068821,0.616096989639316,-0.315478891246641,-0.0619266190054762,0.28167531434281,0.074149852469263,-0.0882104243023054,0.0522221487060294,-0.476380170735841,-0.0599040783243166,0.00810486496836826,-0.263369765744392,0.0822060985500229,-0.207327845587591,-0.265707715531125,-0.00653979227281375,-0.0475408012453734,-0.145496853001809,-0.0191490350192876,-0.0142053341502961,-0.24025630538058,-0.694976650638855,-0.0391478171954642,-0.10702232001476,-0.161627310293526,-0.0251002423453023,-0.227391626852191,-0.0780879061365723,0.0144069956668272
"Heart_17",-0.309167252896417,-0.182628933121181,-0.125075075290342,-0.138591731819304,-0.258172357138961,0.267344376848947,-0.219547844939181,-0.0908364169681763,0.0532362385934501,-0.339053056089384,-0.542583886125844,-0.494019306331773,-0.386764532844894,-0.166023883727936,-0.310812707126929,-0.0908364169681764,-0.436198859560815,-0.529414096671808,-0.0196781424097423,-0.36528949730248,1.05971644472619,-0.256074474834551,0.0273424847825862,0.45750767014342,0.190682834354181,0.131526232613306,0.838107443231966,0.0665604849342822,0.0360729974122742,0.0205036784806628,-0.238193506568666,0.0639561901415244,0.121870998345979,-0.258397452842178,-0.0482902306858174,0.347344759549529,-0.0751038805810337,0.300642014218628,0.148498789917179,0.388616929491586,-0.494019306331773,0.31673387154757,0.0984783376538771,-0.0259088193675389,0.356021546984427,3.95358601001871,0.134011472638442,0.252234389910628
"Heart_18",-0.253313293668786,0.0492607888869794,0.482393796465647,-0.0757141049890832,-0.22240359703259,-0.105499477138295,-0.187082889528872,-0.153647055169818,-0.170864468162372,-0.133341852746216,-0.544216482286509,-0.604750607584815,-0.579377136770206,-0.0385485411826867,-0.229167257618013,-0.153647055169818,-0.492045915623732,-0.521845953592789,0.293770396432868,-0.088569706840977,0.295348963335626,-0.132610437223403,0.025984908093644,0.292354878154687,0.172856879471387,0.938632553319129,0.774591245858462,-0.409307309482598,-0.0294223776803064,0.0230125099319358,-0.194244380639064,0.0366684873583824,-0.218787085050777,-0.325168518614218,-0.05709557242984,0.019008405332038,0.0910523701664085,0.138557772990108,0.281250137852637,-0.132518737217977,-0.604750607584815,-0.000949052258908725,-0.0613591616014207,0.138478099539807,-0.151276304552089,-0.374237737972027,-0.0911070995993012,0.0446927751851318
"Heart_19",-0.130168380279671,-0.0273006132845067,-0.0668729267154802,-0.223920801811482,-0.109186255558865,0.19969667178584,-0.186261000324576,-0.263954963057984,-0.112185422817869,-0.0838994672546105,0.0222026842187412,-0.325689170201953,-0.163908184436623,-0.164141758888165,-0.139606193052831,-0.263954963057984,0.0781618969969064,0.0945081789740577,-0.177846761822155,1.02623170022611,0.165475697591067,0.463784136023439,-0.287683414273903,0.0349713068026149,0.322685942014524,0.331061933144975,0.147378324697399,-0.471750725890653,0.11524497998798,0.023870254446131,-0.139433626906127,-0.121591625340332,-0.110274091092387,0.106915385583359,-0.0402313927784433,-0.179812172677456,0.149333947872661,0.209295454776102,-0.12920239719625,-0.175437615975434,-0.325689170201953,0.184592718792829,0.0438263458700316,0.810012628249198,-0.252178507341052,-0.282579431472313,-0.143903853358523,-0.041263770993914
"Heart_2",-0.272753389038827,-0.157554285976293,-0.0389318609347902,-0.0841198151970547,-0.244302306703653,-0.0868113549784731,0.192389850743434,-0.091806307900211,-0.0548346376995915,-0.154930854339725,-0.537795902394888,-0.579582844270641,-0.578291078146981,-0.0864137921760143,-0.306978715141337,-0.091806307900211,-0.486224596905185,-0.50613995629735,0.268800450232012,-0.23734521804136,0.115056589583212,-0.24770674216345,-0.103679386206265,0.121029402179275,0.144362491133351,0.744883253925514,0.834560717286297,-0.384032444383868,-0.0942866533338556,-0.0901659933222106,-0.2749364004163,-0.122850210813505,-0.145265591140479,-0.22431309186329,-0.00423611095334946,-0.155844695148309,-0.130298460587007,0.129649945278211,0.0518392921832084,-0.1470650978081,-0.579582844270641,0.00144003071935119,-0.117936612725381,0.00134047547491656,-0.075484703808677,-0.306484722613372,-0.124985687833935,-0.0381411316524657
"Heart_20",-0.323015624685524,-0.213166728828332,-0.162806215556178,-0.173732783607624,-0.30097727083516,-0.273160371403877,-0.11790469231872,-0.156642977319137,0.461139867824584,-0.347706840727024,-0.576620998089643,-0.578032695726901,-0.753708181608079,-0.374334039005982,-0.433754352938636,-0.156642977319137,-0.481501718174433,-0.613390138165556,0.0573413085742729,-0.38880997165872,-0.0687592169198644,-0.298661376795811,-0.196386985582897,0.226254248046757,0.175368195931252,-0.0965898916669129,0.160021710961412,-0.446359674769826,-0.102927275665713,-0.0795359387022402,-0.0676603969751761,0.0284887116633523,-0.227317893908263,-0.311547029292908,-0.0365666141541695,0.0421808709064827,-0.181458887204978,0.102512041664498,-0.117800254450261,-0.123788187159171,-0.578032695726902,0.0382909629729265,-0.0131571595845973,-0.147499289061959,-0.0520336720732136,0.830476452466339,-0.185053317225389,-0.0417340149832076
"Heart_21",-0.288242610856577,-0.0963398919480287,-0.0679854805945078,-0.151793602935566,-0.266433572666333,-0.0723631809695733,-0.131543221273353,-0.134696625923645,-0.236197959533629,-0.218737155606935,-0.55379426588375,-0.639218300277973,-0.605724540209204,-0.151292561247462,-0.311734121010606,-0.134696625923645,-0.569972000257664,-0.56907627741334,0.228394758482232,-0.22405617066885,0.345806951572474,-0.0885245983861557,-0.164120749526892,0.61639854152839,0.105005615019355,-0.0764526900889163,0.319553867689573,-0.475778490042074,-0.125076837030144,-0.0498007466659448,-0.311270950940628,-0.124645301933004,-0.200066967952568,-0.191991219813476,0.00704706848310249,0.0194553545461128,-0.16383976718912,0.0314667641817246,-0.0273963225851478,-0.216271243902532,-0.639218300277973,-0.0201620279875464,-0.0795363542918887,-0.257076136089984,-0.0669533794313002,-0.235839179853715,-0.10945006174627,-0.109904753656742
"Heart_22",-0.311851027654837,-0.0953900976739896,0.0792697893538756,-0.185682430493984,-0.187737835062726,-0.026903208086283,-0.239416323980393,-0.255669618022907,-0.129856561168421,-0.102549820209132,-0.665915933863821,-0.733726207728529,-0.516561020551356,-0.282012235637302,-0.321418942847812,-0.255669618022907,-0.639772129179679,-0.657517520125067,0.347296199610582,-0.419978763215733,0.818085248451694,-0.343598937079838,0.188670745042372,0.823654096196697,0.31608488421545,0.910271816851379,0.490244334921636,-0.533691451663495,0.0612789936970176,0.0694256150232186,-0.256612981858978,-0.0714801349072296,-0.191774889163316,-0.361799237228793,-0.102048065137762,0.118885555198536,0.617669406506922,0.0867029801581493,0.327834538806782,-0.13070506097145,-0.733726207728529,0.18433336573311,0.0492809265257954,-0.131264872620392,-0.133394564737297,-0.273459035579156,0.103844856975153,0.268767004347234
"Heart_3",-0.281740673719649,-0.0676987581692031,-0.04280876718933,-0.077300653243114,-0.227205767896995,-0.0381919634689239,-0.0933540334073642,-0.054698787182656,-0.115645036091145,-0.295118408033598,-0.508072861881293,-0.514726473741121,-0.654513893530987,-0.120329787942796,-0.320133512521135,-0.054698787182656,-0.45365001390259,-0.498868122499774,0.0440009823099483,-0.331352780477039,0.211850480455962,-0.269467291259054,-0.044094014786952,0.343719440303223,0.342384820800917,0.0561856770804002,0.380995016054702,-0.359038790611112,-0.0659984643038381,-0.0363349157900523,-0.222508232961996,-0.0877388960053336,-0.059905056395962,-0.257202734122527,-0.0319427051340539,0.105681596916606,-0.11937792548116,0.169272687589334,0.0797080853204413,0.193840939711911,-0.514726473741121,0.180158147340776,0.0421473079962247,-0.0895864415991219,0.203024693915244,2.84338288374383,0.0389304538637367,0.148193224487291
"Heart_4",-0.272835175937001,-0.181416312481855,-0.0825946404812094,-0.207994018680314,-0.23963641682861,-0.152957386127438,-0.136150546246383,-0.0980793465782431,0.201449525464774,-0.312337143365281,-0.499567956378209,-0.505066831295952,-0.585642231815032,-0.119472014037856,-0.345860757228722,-0.0980793465782432,-0.410410156578875,-0.489672760267927,0.0262179009536001,-0.269550645678943,-0.181795217778664,-0.163343530750888,-0.175526607770833,0.31091952032206,0.0963382635836558,-0.209073045223818,-0.0150531083630713,-0.417773696818206,-0.0957921965426287,-0.121263034312171,-0.159145158170878,-0.0266695323772847,-0.230819687809312,-0.24458123580752,-0.0189750308740661,0.351306243772155,-0.110084929765835,0.179981131040288,-0.122833996548247,-0.141478393230301,-0.505066831295952,-0.0131771771718449,0.000685561677353932,-0.18153044240815,-0.0264398547738252,-0.149015738173664,-0.165867339114491,-0.0637278439385212
"Heart_5",-0.292832616926012,-0.137647751097864,-0.0489592018409501,-0.21480646986608,-0.236813532598954,-0.136680487088463,-0.130893930327947,-0.118676035926078,-0.0411222807650508,-0.303504528635935,-0.512182764103392,-0.49577983463875,-0.511627385300843,-0.158269768091591,-0.372927392058966,-0.118676035926078,-0.410501287420551,-0.494163753737591,0.0894961337857993,-0.298559127966975,-0.119394679064927,-0.215273312896552,-0.257324564123358,0.421947668088531,0.0912672887386045,-0.183518325840016,-0.0205342281606732,-0.456368701592585,-0.071274900158929,-0.147040108744151,-0.139020025776779,-0.0729243520563053,-0.22682949179996,-0.250893849415829,-0.023929091819879,0.131246443791329,-0.132744200914614,0.223382819443317,-0.0928290855225355,-0.0640196639256791,-0.49577983463875,0.00865485714536045,0.0179530685432521,-0.037243019812791,-0.0455506866136625,1.23661885161329,-0.172938031466177,-0.0456805333077666
"Heart_6",-0.215677275116515,-0.0625455014160652,-0.0169383853281478,-0.104950564689035,-0.154197697430762,0.0632885603947737,0.118336921847119,0.039958510668419,-0.192496643205277,-0.21246484719891,-0.479363714950961,-0.50707744681788,-0.569495223391128,0.0734338245078063,-0.284777213943221,0.039958510668419,-0.43103518420891,-0.464992362577283,-0.128312659206052,-0.217690415235125,0.0219613485957385,-0.245495679542492,0.00613543273892219,-0.0915695061268853,0.0397140494874792,0.0964833288977786,0.135981891291345,-0.314994086426304,-0.102132642155935,-0.0758674811512755,-0.257757061712537,-0.14536286384966,-0.153321788593302,-0.195793271074082,0.0031385057401636,-0.15848887511923,0.0217090756981787,0.037303175197875,-0.12183929349738,-0.13477850512073,-0.50707744681788,0.00259937066928979,-0.0879566177687162,-0.0700855334695695,-0.049378911747114,-0.0878906360585171,-0.0395039676018786,-0.0666278058643537
"Heart_7",-0.249737723065042,0.040213157284502,0.524343119131688,-0.0976064522183184,-0.190621210743602,-0.0782330159973418,-0.0881722623922717,-0.0894540618915121,-0.216428531937579,-0.230795974561208,-0.559429650580207,-0.518706007438398,-0.612318259031276,-0.0663805476947354,-0.317971394005933,-0.0894540618915121,-0.533956997609777,-0.520249762338478,0.155729690500312,-0.236139656966894,0.494317558461546,-0.267172562949168,-0.0539954327431655,0.216577273899807,0.0994517137793763,0.198848682144626,0.171161488048882,-0.263681943035702,-0.0775377016138663,0.0151591018153825,-0.244371946962242,0.057632798107907,-0.234956388816381,-0.283356649605332,-0.000337709937942397,0.110062576001125,-0.0631620632396397,0.0545677045230076,0.170608725226378,-0.229631460238233,-0.518706007438398,-0.0118234298056662,-0.161309436393277,-0.0780794540423441,-0.0935857719055841,-0.180924928264761,-0.124818295434816,-0.0761482609759817
"Heart_8",-0.290793946358115,-0.0262785152145245,0.0104938054428544,-0.287460014800897,-0.274415531580152,0.436297258203109,-0.230215092512954,-0.331698407825539,0.0440016937095262,-0.352401751965644,-0.605856336063963,-0.668003460814875,-0.809186265562257,-0.010333863822708,-0.41483009871555,-0.331698407825539,-0.538461252899198,-0.55773982764175,-0.112699239410397,-0.324802558625701,-0.193817657242921,-0.346783537326835,-0.341685280983604,0.15212803512411,0.294752803142338,0.36544868327739,0.246714795152445,-0.495467917454401,0.0661377256261714,0.0514368812099581,-0.283479737655361,-0.143803334505441,-0.223746722620732,-0.377289427684789,-0.0660526063032148,-0.219423759963874,-0.0430045145453042,0.223402433774084,-0.166001742225226,-0.183396046300099,-0.668003460814875,0.39234105424296,-0.0100778853998709,0.399024674716357,-0.257462431872247,-0.395136035303849,-0.182088280376465,-0.034468600638393
"Heart_9",-0.260379479594061,-0.0695761567063043,0.123036987449887,-0.168822181115846,-0.254354035135287,-0.0308908046917024,-0.0835455113759185,-0.141178369994393,-0.11334461064872,-0.185011751093677,-0.551619910434988,-0.628151761681984,-0.483648602110436,-0.158019202812626,-0.287335406510108,-0.141178369994393,-0.485971382914387,-0.521760541494438,0.339807025778954,-0.32739125356369,0.0307120915776864,-0.312094074436027,-0.172875427205041,0.626606156817811,0.212034834546423,0.0625921507055835,0.123948992279601,-0.456962189884974,-0.0160360367235248,-0.100334019728273,-0.233293644700318,-0.104251647761892,-0.0959147440825347,-0.253456587535854,-0.0219756978441931,0.00897589853997798,-0.0210272260750751,-0.0508792654619583,0.0121502663949233,-0.218238820634081,-0.628151761681984,0.0671229215889066,-0.115339010666022,-0.0773662373719639,-0.0816002208691211,-0.274621635741414,-0.0346260498949539,0.0628959908206608
"Hypothalamus_0",-0.268709717601457,-0.14121296156087,-0.081767787002929,-0.145503822192936,-0.286049150729735,-0.0211981500805063,-0.190442932156728,-0.142211735341036,-0.347058679220429,-0.315386983347688,-0.492759484533873,-0.567775029597753,-0.637510565631078,-0.101939054706478,-0.398719984256217,-0.142211735341036,-0.421085386721927,-0.518787668609299,-0.213597094421308,-0.260380693932258,0.217773001984435,-0.325452736438185,2.0767197807167,0.0525698643568396,0.0773798106874417,-0.348003830928317,0.098535403476302,-0.432822877882383,-0.0261957890162215,-0.0880874424016646,-0.241346607616225,-0.201319178640723,-0.284862500166224,-0.306160852148931,-0.0333250915299439,-0.112377715246777,-0.12171481229395,-0.0381101628964168,-0.286562706659019,-0.116659084516611,-0.567775029597753,-0.0849222250147974,-0.0400821849563042,-0.130416507074586,-0.0275355913853309,-0.514935948394421,-0.208033424772117,-0.215637903187558
"Hypothalamus_1",-0.275471262878871,-0.154821686996209,-0.0834704597078595,-0.149224817572434,-0.286280399677983,-0.0602601548467259,-0.184494517456336,-0.133775768404994,-0.248696398791411,-0.317038259654566,-0.49510079400304,-0.54977425209773,-0.629268841044893,-0.114439488083339,-0.407837807508666,-0.133775768404994,-0.421690926446581,-0.502963496200379,-0.206510122171347,-0.242945195480687,0.270520507637009,-0.307230291115693,2.03765580608445,0.0208782239543882,0.179913000153846,-0.336697457651032,0.0546519329642617,-0.431262283541943,-0.0141503188141628,-0.0758936169592562,-0.231771376693732,-0.198482610730847,-0.273615897510455,-0.291735222602498,-0.0334071158029836,-0.0997014521704613,-0.116656372984864,-0.051428568371554,-0.293132685427047,-0.187077863702882,-0.54977425209773,-0.102908383633865,-0.030089386716158,-0.135592060713381,-0.0266850422830538,-0.498918898975895,-0.199125761496119,-0.213149617997328
"Hypothalamus_10",-0.295701420832617,-0.33375045162845,-0.315391467940165,-0.0690581308897358,-0.544608033485798,1.12966567521283,-0.370956679748118,0.0593538014856859,0.522677476277855,-0.446020148896688,-0.540858308711232,-0.938368602008917,-0.225243207400694,-0.0297511699719131,-0.47135503930106,0.0593538014856859,-0.613515427800439,-0.645017172955902,0.0250046822312951,0.110922746696284,-0.241363130940582,0.460515625531189,-0.18420028229309,-0.233404184906173,0.140222673762691,-0.859317352730391,0.145216189990061,-0.588945714736734,-0.0614126679755948,-0.13579290534563,-0.441955441272113,-0.227790346303856,-0.292207773218297,-0.257347236553569,-0.0879435041049474,-0.337122128762198,-0.252856148682297,-0.0647693737488695,-0.447210146936204,-0.349485981453419,-0.938368602008917,0.0397084335556564,-0.212394849766446,0.146006818086852,-0.0575811109466282,-1.19526608848711,-0.304940665346663,-0.20755794818058
"Hypothalamus_11",-0.000301150333436575,0.226132415820628,-0.0539671166324942,-0.0882753627220849,-0.0628095420065931,0.0332951304820773,-0.12479940878717,0.129598530343014,-0.122553983313137,-0.174616534087606,-0.425253095109369,-0.443470715047695,-0.454563817945308,-0.08025725295183,-0.254910815781591,0.129598530343014,-0.431515385643853,-0.444790295215652,0.0458198589382703,-0.195865726180446,0.146946085494333,-0.23388084566773,0.489635339937604,0.168913967255383,0.203234322542248,-0.122282731154043,0.10530296323398,-0.127683352457686,-0.0700791650629266,-0.0659764849814673,-0.18771680711334,-0.113210746287162,0.164483124619082,-0.220126575570163,-0.00672958649206194,-0.122646181776105,-0.105587582365097,-0.0188506099152089,-0.0117836483704564,0.0749684473893258,-0.443470715047695,0.0473740513785924,-0.0606736828003804,-0.207854172846053,0.0278826218272347,0.574044160537554,-0.0903930547622246,-0.084460118213504
"Hypothalamus_12",-0.248249390507417,-0.175715029429556,-0.0744530999631222,-0.184459900852136,-0.244638744006596,-0.132953051759024,0.170774527456601,-0.100380030878445,0.120639753413066,-0.281684818894303,-0.440124532557246,-0.519431808177239,-0.504164751166548,-0.116355880937646,-0.386551749302423,-0.100380030878445,-0.357005878044214,-0.421654087776919,-0.122710454518794,-0.263546818838187,-0.220945553752526,-0.133455661837155,0.0743537388658013,0.231571287211774,0.0309222632075303,-0.316786948014525,-0.0977622905969069,-0.386856612184518,-0.105595771402614,-0.0784656417519551,-0.185172332173562,-0.0650081740269097,-0.175797943427023,-0.226909335117336,-0.0184256238325975,0.435215889200191,-0.118157496734352,0.087513944610496,-0.123971990158452,-0.165128187695135,-0.519431808177239,-0.0191728525767433,0.00114819763305304,-0.112849886651883,-0.00577736241591489,0.0616964347608789,-0.0882112790035662,-0.0644949790936234
"Hypothalamus_13",-0.111428106523449,-0.0905703954533852,-0.0505946432060279,0.106640666171945,-0.114631173054336,0.0410939315614917,-0.0498027101951799,-0.128006731400122,0.250771019535517,-0.256928190807741,-0.420992008428772,-0.515618369696711,-0.55628560933517,-0.197379745814782,-0.235454012252182,-0.128006731400122,-0.429353630010256,-0.467236151679474,-0.00440742952886152,-0.0565681782178296,-0.174844180111852,0.185085925558836,-0.109757004459097,0.155020999261824,0.373236108954254,-0.274909385061953,0.370625005454149,-0.405972343942058,-0.0476172994970213,0.0178630721655637,-0.229512865597996,-0.137664624338468,-0.0773168883987045,-0.263000183208604,-0.0636429573540173,-0.193399898155308,-0.0567840181198972,0.187055211953442,-0.150545443767222,0.404491401845474,-0.515618369696711,0.263536700170153,-0.0431543429293932,0.247681252321598,0.106390007640738,2.30946484032127,-0.122861071738388,0.00458226809104169
"Hypothalamus_2",-0.209398674209954,-0.0206323701037683,-0.0708090631105077,-0.0750664054525182,-0.125448387689382,-0.0510613563539078,-0.0425928284355386,-0.0642716903230551,0.0100604771207662,-0.295940602168397,-0.533122008788754,-0.554878378613684,-0.655779972929153,-0.158440970813662,-0.363570680924668,-0.0642716903230551,-0.471876235907962,-0.54547825214772,0.0520812446865043,-0.325593245313701,-0.120768691860802,-0.17221837371971,0.0417277836842764,0.195120142006328,0.508485753966752,-0.0762398272527884,0.441840590754687,-0.435674006988797,-0.0770935931611456,0.0393427238763904,-0.228478288350607,-0.14863605775617,-0.0518313745058305,-0.259609780112107,-0.0640153173948731,-0.214921870942703,-0.129607833399645,0.237984541096141,-0.0745279797142901,0.378074441479762,-0.554878378613685,0.455988394701931,0.0128010228905843,0.155804692446587,0.231407602671941,2.04493888206772,-0.0674501098181147,0.0159330583524395
"Hypothalamus_3",-0.205469064832861,-0.116306894681149,-0.0164785063023208,-0.0566158565370613,-0.213814130326578,-0.0947100640310025,-0.00417288083501211,-0.0505276474419561,-0.335074229309036,-0.23853349196166,-0.418932630611416,-0.459198203402532,-0.567710283394766,0.00161691651372126,-0.335056683927592,-0.0505276474419561,-0.361352666864298,-0.427828500124271,-0.185026680145219,-0.20572599649314,0.145521547575546,-0.270074471672912,1.83470949927664,-0.0621598176364892,0.00422704980900315,-0.273577778788349,0.0966589126055116,-0.325261571783771,-0.0745428396976559,-0.0917564064037216,-0.213936881314528,-0.169964175507521,-0.198373811103759,-0.211839519388058,0.0166336786612759,-0.113665233791089,-0.0478422585621221,-0.0759562517100383,-0.226202533988664,-0.0996321460645747,-0.459198203402532,-0.11444073888743,-0.0555518530747327,-0.161920724320665,-0.026196268812759,-0.365527077720039,-0.133263369584116,-0.158682893188684
"Hypothalamus_4",-0.280996587298721,-0.116443311938734,-0.0479792145112342,-0.315208448085457,-0.395700737010214,-0.00432175744054091,-0.106737026497322,-0.255664212592816,0.248998629776349,-0.369735016839734,-0.578867463085376,-0.84272419474929,-0.62786043561208,-0.104002281150412,-0.526600767577246,-0.255664212592816,-0.518479900627062,-0.600633187977024,-0.00790056171901595,-0.327076486300506,-0.359129146868646,-0.278408124339435,-0.328115587454669,-0.0157303369098809,0.0507294470360287,-0.543321306414332,0.134557943132408,-0.423353142918559,0.0300349741558533,0.0631388442578496,-0.366301844322518,-0.218378550963921,-0.284974082764091,-0.384582612770811,-0.043082050845124,0.101314214288838,-0.156203065985137,0.0564710300929414,-0.270920909340216,-0.284305575141973,-0.84272419474929,0.207939208587211,-0.112594504157129,-0.165631166484277,-0.0472620273050938,-0.647255980934043,-0.237166800746494,0.160646599058602
"Hypothalamus_5",-0.310261210546697,-0.173198279404641,-0.117263791572966,-0.1825112846018,-0.32903462271086,-0.0364302982808623,-0.249933721918653,-0.175376293355222,-0.152158176799485,-0.358866969261576,-0.548954117766982,-0.662181018992083,-0.679229469406242,-0.144997174828957,-0.461706269703141,-0.175376293355222,-0.477711427568169,-0.552653315444363,-0.20811924695857,-0.251134267007889,0.256265561954951,-0.32779640927318,1.8438635041607,0.041676881724146,0.34369689941526,-0.346857865756867,-0.00952064568269031,-0.474666820569095,0.00240602928739481,-0.0424185946383828,-0.273683394050339,-0.187651462602967,-0.278709015243305,-0.328730070384599,-0.0464597282176358,-0.0302459573274041,-0.154786677393508,-0.043008532311181,-0.324152866128558,-0.273501859338544,-0.662181018992083,-0.023982957390738,-0.0231712997016598,-0.116897335322294,-0.0295793012993735,-0.512873822881874,-0.226333858643995,-0.234564443035531
"Hypothalamus_6",-0.157517350891308,-0.181430622287065,-0.0886068107177618,-0.294175016562112,-0.32198529204644,0.0825453430203701,-0.197765333307497,-0.156533646172505,-0.0532546682895638,-0.405329590734877,-0.602754631962266,-0.994125633064316,-0.615124654633141,-0.0399737038638287,-0.398779227931259,-0.156533646172505,-0.594486486537935,-0.679769032332553,0.0966554097197565,-0.30367857967058,-0.152148888020832,-0.21640798990168,-0.384140146684989,0.02995762748267,0.569504266970594,-0.283109334904191,0.284126880653236,0.149098538910916,0.00823980389417723,-0.0969084315012909,-0.475653637194408,-0.245421634291102,-0.113826685281762,-0.366275917863817,-0.0638801680645479,0.228494765468231,-0.202894967401842,0.00157531547529714,-0.306289117553509,-0.0248070280386186,-0.994125633064316,0.0731330794780106,-0.134647462691043,-0.13466018470233,-0.018261190180295,-0.56379844673644,-0.0398906366869511,-0.102877233515849
"Hypothalamus_7",-0.192950512382056,-0.106856328886104,-0.023486037492802,-0.0843657019137211,-0.214183187125856,-0.00595172810791373,-0.0331585041299147,-0.0791222078815438,-0.262414522681102,-0.235742248114809,-0.412013223669506,-0.484180820811551,-0.51692754935104,-0.0395493092089052,-0.336009422202434,-0.0791222078815438,-0.364206315417299,-0.427742843936395,-0.171714250717134,-0.204203972664026,0.279735679288998,-0.262999599300535,1.78063682940426,-0.0257510013893764,0.0966814340196997,-0.285096613367752,0.119373788499327,-0.35094444753922,-0.0606556672917434,-0.0894960210268181,-0.272798766917455,-0.167934829640996,-0.190854766818105,-0.205205063025678,0.0131751209384898,-0.0528126875401293,-0.0515088775212871,-0.0663449269704951,-0.234261713314466,-0.104723539732973,-0.484180820811551,-0.106706004536549,-0.0338854215578084,-0.117557239508753,-0.0243656021350902,-0.393330551726899,-0.128657237723898,-0.159013758395579
"Hypothalamus_8",0.013382424525139,-0.144333894137971,-0.00108688340729973,0.0649044954337144,-0.158214984966201,0.180150876533796,-0.0344799479401848,-0.0414347027951489,0.0919461034793203,-0.11584582698039,-0.0218172998637093,-0.34859034913478,-0.0294028197564454,0.00168309523746742,-0.00615076370802889,-0.041434702795149,-0.0800331987350095,-0.160118376883188,-0.0601859000081909,0.808666872352345,-0.0879029824422499,0.846123004616325,0.379532817585375,-0.302297974432933,-0.080380956468342,-0.313393700428762,-0.0453296789544392,-0.35940068021629,-0.0124634661479446,-0.12907089934846,-0.194520664258355,-0.130326272566303,-0.0241686830896963,0.0121283255569743,-0.00323129257218455,-0.171447659946222,0.000907868736245391,0.0876323522437521,-0.234270318632429,-0.00337844589786356,-0.34859034913478,-0.131040011736352,-0.0529196695077008,0.390518190669887,-0.0285526826415198,-0.477137928730351,-0.0876483180598398,-0.103503456418192
"Hypothalamus_9",-0.195534635726486,-0.134668829420746,-0.105065258665663,-0.119199754208053,-0.294219116242398,0.502558348344851,-0.0475233377090238,-0.0368879607791308,0.0799094846351532,-0.282187891631192,-0.436841683395855,-0.562499061800268,-0.433062677551101,0.0742087736956017,-0.362908241804129,-0.0368879607791308,-0.441724201631981,-0.483239010176706,-0.0519113269330446,-0.0418927002674508,-0.105137495058949,0.0810393459821582,-0.0469201208357118,-0.21616973975832,-0.00583469381737802,-0.494506566199919,0.124055519964998,-0.346691869471608,-0.115404064864783,-0.113487503500888,-0.344216035411078,-0.179885761228793,-0.195362584589502,-0.182534528160291,-0.00112621452034584,-0.167620681639563,-0.0764909346632301,0.0129252169796581,-0.270329813160062,-0.196485376871565,-0.562499061800268,-0.0742731834460053,-0.171438263906256,-0.0134889840530813,-0.0310141486379907,-0.593884017694944,-0.1384292452311,-0.153037474496701
"Ileum_0",-0.0810508045508369,-0.131644253922253,-0.0355459286083456,-0.09596623821911,-0.150636496217421,-0.199698565187629,-0.108746118567825,-0.0234065660118353,-0.0260506433200844,-0.159766872371358,-0.0622019399980247,0.0613346129836785,-0.256937311340328,-0.0516748840945293,-0.0472538428054642,-0.0234065660118353,-0.0728482764002504,-0.0804209837808758,-0.0141039666677919,-0.033491664263774,-0.19648451133501,0.415025258464534,-0.132677257012187,0.0585572001688768,-0.0741918004379969,-0.156262297069634,-0.135120649974427,-0.122507125538032,-0.0107985719760188,-0.0102040354931829,0.160988384341692,0.0330716245734786,-0.00541895152752491,-0.0543900896498493,0.00491282162898999,0.42501620387188,-0.1372374858696,0.0454463348861405,-0.0771422363311173,-0.0181926165799391,0.0613346129836785,-0.0868713826578564,0.0184352095420921,-0.164443997923558,-0.020994493488452,-0.18458399709263,-0.0530724858742262,-0.0380369898040784
"Ileum_1",-0.0794464396016801,-0.134073245877205,-0.0575283778435246,-0.0785643148328608,-0.0976713602813404,-0.191843247566558,-0.10900126584694,-0.00237784243973041,-0.0213097322663354,-0.132681328400615,-0.0558741240747896,0.0769206090334684,-0.0323049381292533,-0.0421160892356059,-0.110413846638226,-0.00237784243973042,-0.0608564883483569,-0.0723499668140948,-0.00763134931275942,0.0342421182374205,-0.230096691315186,0.251485858489741,-0.138707555072306,-0.0222896545427315,-0.0592652192790775,-0.162706744025308,-0.14512045773366,-0.217540792286109,-0.00227368172227224,-0.00479866918336994,0.197362486335374,0.0322428169702007,-0.0625503532940437,-0.0372060717968072,-0.0115202664012367,0.383333387489303,-0.13652793554643,0.059329135973477,-0.0717694892553843,0.0113388276143509,0.0769206090334684,-0.103452287154813,0.0252183601856398,-0.101667225061091,-0.047827002175934,-0.127596759121391,-0.0380398389851704,-0.0388724408189869
"Ileum_10",-0.0850892971179186,-0.0114203120181868,-0.0914628834657059,0.0646316906433714,-0.0894274763738798,0.0458584082417184,-0.148013444147036,-0.0911715163080596,0.166717900204913,-0.0290967363078269,0.00975105617064748,-0.216382236507299,-0.124181620440279,-0.109932237766952,0.032286272697462,-0.0911715163080596,0.0306216450259971,0.0141101527521645,0.150845108488677,-0.112960461605955,-0.0997170745966115,-0.0363452317408298,-0.19480693092513,-0.149792391594515,-0.0345830742437136,0.826450940401697,0.294908193157568,-0.353993910630057,-0.027116664378898,0.0443361239274226,0.000654537516109645,0.0410644563793077,-0.0882820467854167,-0.018149979347602,-0.0136746281062678,0.149860155229653,-0.212256762962281,0.0341604279039723,0.216519069770418,-0.0418086678762985,-0.216382236507299,-0.0880809653161637,0.0211025339256523,0.0300735099393926,-0.0436409911432796,-0.58779890472068,-0.0860157655851268,-0.0470296783470626
"Ileum_11",0.134451545201203,0.0767937558041931,-0.0817971852076337,-0.169818630129882,0.057840654822206,0.813162597297889,-0.0770199107769582,-0.216069030640822,0.0295930168568889,0.0272551224429183,0.48108026842955,0.177162109284978,-0.255027020494763,0.0380938447877099,0.0653508368357002,-0.216069030640822,0.438193844382371,0.516766539914642,0.00261958844715813,0.0979737357667582,-0.174945373283559,0.349462211105902,-0.230687247170734,0.327950834566441,0.0119721854631238,-0.033736740532986,-0.103706536278853,1.6362200073846,0.0415693518721537,0.0681649350163588,0.195914450455418,-0.0308445263791044,-0.0757500318511605,0.0160626594367686,-0.0437419769453366,-0.330603741641755,-0.0707277268462399,-0.0160635721659215,-0.154998021510566,-0.108353758387389,0.177162109284978,-0.0592378752842422,0.0687759852789051,0.392940104079495,0.128012819600096,-0.120297584434841,-0.0384781679893941,-0.000979949616354354
"Ileum_12",-0.133119023358234,-0.152701189383331,-0.102655886944715,-0.0843956455695585,-0.131834691164697,-0.0256584277098729,-0.142318155869515,-0.095292084770327,0.17261120936253,-0.0767053293383281,-0.0908390568549547,-0.256414228798886,-0.306854776553417,-0.135052542689009,0.00832062475789084,-0.0952920847703271,-0.0731257863831356,-0.0710620702544936,0.0976430157112206,-0.192983302885656,-0.0433156787947043,-0.167152272714223,-0.214706010865817,-0.0686074232938629,-0.0370858565716509,0.624434142197118,0.44534433816153,-0.364563997896243,-0.0340143600368968,0.028579205377987,-0.0350385569156253,0.0216461890331834,-0.0427207224285399,-0.0229596547827765,-0.00504594491083263,0.215058077938957,-0.112296395985501,0.104796153493073,0.241544789955677,-0.0665731211486979,-0.256414228798886,-0.0706589208448837,-0.0283405246782503,-0.168250036960197,-0.0982633093221471,-0.591649728892016,-0.0388839746781481,-0.0865088749675119
"Ileum_13",-0.0373305677958494,0.284305363279431,0.603339343141229,-0.06650448764883,0.222093890916528,-0.139451065553988,-0.0192995809346422,-0.0865502263616657,-0.118450012057966,0.250006459906716,0.0678398329027714,-0.0271640217798062,0.419405553266333,-0.0520374854760762,-0.0871910711032581,-0.0865502263616657,0.0415174087874918,0.0119298870315675,0.274191177568053,0.0509859438321415,0.371941812460168,0.180230863926804,0.971122545963405,0.105847319636993,0.00666109873679755,0.00210534155301324,-0.155638117452965,0.358994520687325,0.0848611486841949,0.258805219787705,0.0405185435144107,0.0185679300733579,-0.0879269507837233,-0.0252765826344815,-0.0313019868893983,-0.0587806301966882,-0.0498805869416204,0.00107150116651772,0.200320394438211,0.00830643476492742,-0.0271640217798063,-0.0900710721817425,0.0608682112248602,0.0178979840418217,-0.0450398700449765,-0.223839439768356,-0.0682610904277238,-0.0643324420305623
"Ileum_14",0.0430015996898126,-0.144189542684218,-0.201672021441895,0.325085939097113,-0.107061184738419,0.465398306378352,-0.0243917802775618,-0.0194756753005359,-0.153791374413455,-0.00633770209227493,0.392058607376209,0.198672099226306,-0.374579858169838,-0.269589656154274,-0.0625548652226295,-0.0194756753005359,0.460980766143887,0.465419498537829,-0.101662281779103,0.250784862617641,-0.188462480740715,-0.00525806638397382,-0.110872124240206,-0.245638183290728,-0.187981427195283,-0.077232460616952,0.0163096932192211,0.0037209604606019,0.0142370916247332,-0.0489989411576695,1.50871819270714,0.0461773155728903,0.017059702648934,0.0796600890730608,-0.0480107587851452,-0.297869983464365,-0.197087841035528,0.0472833442210696,-0.0909199074242842,0.051709701287968,0.198672099226306,-0.221873442890116,0.0563049289760919,0.169003632752174,0.0369389900043329,0.341847716772324,-0.00346574861885302,-0.045863144396918
"Ileum_15",-0.214018173413041,-0.113718316219814,-0.0522680190639251,-0.20917981544442,0.0598964748909101,-0.0355410183024136,-0.0337526527069225,-0.339230461760361,-0.184015840640323,-0.223016847288224,-0.333223196708546,-0.4960460656866,-0.490458547704959,-0.120757494131994,-0.333082212714056,-0.339230461760361,-0.343507745229976,-0.323406462313912,-0.0126916596533275,-0.0678005218688311,-0.199565697870782,0.157383630914469,-0.169485487606079,0.420535994230676,0.773357940199933,-0.20497819036449,-0.0782140803737674,-0.409710964556462,-0.10779443177854,0.0351247327092346,-0.145722553407966,-0.0199823985371641,-0.143246330320168,-0.211862503261382,-0.0258546076860387,-0.0763227602210879,-0.170886454570098,0.238770555249391,-0.186772530374484,-0.0850951612257153,-0.4960460656866,0.0107848955319096,-0.104281022400874,0.229734604604775,0.961945737995268,0.0589314597640662,-0.120468775550926,-0.0845123575805989
"Ileum_16",-0.101194378217152,-0.00200073186054379,-0.0949649551790589,-0.0523073704726898,-0.156021591690741,0.0149848474482975,-0.0520082784887354,-0.0182369397504636,0.431653643409686,-0.0600436611533893,-0.0713450857000625,0.248040065215968,-0.0577508400972837,-0.0450742395892066,-0.146816731034829,-0.0182369397504636,0.0114667794815603,-0.0176051832316217,0.0630694723005822,-0.0501722870344713,-0.170698299563447,0.375758203709869,-0.0787573407962464,-0.000142221864127103,0.277098341316718,0.0211517790739146,0.186911061296793,-0.275797505552908,0.149505075338653,0.126796813888591,0.01300371239915,0.0890979821167229,0.0893752156226699,-0.0231668563650693,-0.000456098947217546,0.144935381200593,-0.105147581428261,0.164115203877441,0.0739745103779205,0.255576504917719,0.248040065215968,-0.021919803293698,0.0949008205434767,-0.0492774737607205,0.301503461755541,0.214981772351428,0.0901819584165473,-0.0206456060871253
"Ileum_17",-0.112836747882794,-0.0608090550946222,-0.105670411017024,-0.117424725433806,-0.0845363053297242,-0.0939820473200932,-0.103604093606193,-0.0189647513406646,0.138366396658567,-0.0147515680946531,-0.0942626639083726,0.56163508061056,0.3887947193425,-0.0152283295550701,-0.127073305970483,-0.0189647513406646,0.00870743472810342,-0.00503226415421352,-0.0174247227957446,-0.120398427272147,0.227241586192874,0.271648547673119,-0.176984880132605,-0.00972943876358896,0.144857597015654,0.367130374901926,0.416050831077173,0.0362398176462367,0.0987732367770869,0.0726095708962742,0.00876218925765317,0.177353122886536,0.403103640614957,0.0195000013623747,0.297956722964031,0.15296013858804,-0.0557341288141194,0.124188394829235,0.343628469200615,0.353047145773997,0.56163508061056,0.556680584889859,0.088481422388155,0.000558525951317451,0.597432283867773,0.687493905779008,0.294785520906094,0.218012912735231
"Ileum_18",0.14773710188029,0.0433793826397584,0.0732365680804685,-0.00027696834458333,0.0161637677816857,-0.0103376340510252,0.105258492778001,0.116969780035378,-0.155088802907184,0.0408367992987834,0.029805130355249,0.105742051349744,0.157079585302784,0.054575085340496,-0.0909387717191232,0.116969780035378,0.149359436440042,0.109414393634929,0.0219847703735669,-0.0502883460558379,-0.0159384112528504,-0.0590205229988136,-0.00832860458622155,-0.193283518978153,-0.0460013607690228,-0.0285895217311182,-0.0447337137381358,0.151891945358002,0.0235777341902565,-0.0849744233515176,-0.152671807892263,-0.0266493897759771,0.305895901786025,0.00986356644497919,0.0749501776182858,-0.0627550700268663,0.0295531508203344,0.041649207285104,0.0546399046483198,0.32945223561006,0.105742051349743,0.724101658515945,-0.0039566446928331,-0.119377475274264,0.0234236121559371,0.0493549235657906,0.437198163648771,0.086343037246567
"Ileum_19",0.0240656142491653,0.0802997749398898,-0.0151966950970034,0.115588066235365,0.0417246075167035,-0.140841324013162,-0.00855033870207812,0.0486182757373647,-0.262743246510552,0.0625606236986757,0.22955208598164,0.0587213374959465,0.346766804652304,0.0451950623677678,-0.00849221584700433,0.0486182757373647,0.190730766650775,0.203039438163715,-0.0845828641458965,0.113812705769181,-0.140710849631115,0.0973328112327817,-0.0366485693286322,-0.239332398803003,-0.171374375801757,-0.199945001344152,-0.0470331175381025,-0.0833903251543165,-0.0131094880314114,0.00317646237720902,0.521520105206109,-0.000208540004086266,0.207173831734746,0.142570981713721,0.108147582149731,-0.234590675819053,-0.0567574084149724,0.0959700049424971,-0.0284345978860257,0.247678466843184,0.0587213374959465,-0.0960663717186969,0.0529586531765147,0.0652398463824466,0.0456036378785261,0.116221348632866,0.187744394720953,0.0394627892858372
"Ileum_2",-0.165567767535152,-0.0259560206929679,-0.0188789157554932,0.0152229650660372,0.249325317348954,-0.0996192965862365,0.035768456975112,0.0271592098462635,-0.20192164847292,0.0202673655684313,-0.246197409223061,-0.263657870073699,-0.17057201066392,-0.0862632132672489,-0.204555065326224,0.0271592098462635,-0.195629205713148,-0.245675427636067,-0.0679855089266554,-0.107699462072834,-0.115560863302052,0.233931173386484,-0.0566667518860653,0.0274528642386617,0.310963574686126,0.278469317224211,0.568413540134506,-0.302506598855195,-0.0512642095033208,0.114434392495738,-0.200040550838874,0.0164241239816108,-0.053271531591919,-0.0893527221295138,0.0162429757607854,-0.0343000186401444,-0.0972243314311685,0.0070579651494842,0.0853167693606376,0.0703734050357657,-0.263657870073699,-0.086968875674543,-0.0744733988403196,-0.118362304932358,0.353254597240593,1.02565562756424,-0.0391125540183295,-0.0287401566506912
"Ileum_20",0.0104777770314709,-0.0823803701210293,0.047022673635227,-0.0445234559430548,-0.0163739411618443,0.261942796752877,0.0897944695979892,0.0516286652145135,-0.0727311787713862,-0.0552337989986592,0.0477616037270456,-0.188076175968756,-0.421183180639393,0.169486915790959,-0.106285766047438,0.0516286652145135,0.00238988663096729,0.0377539789406929,-0.0465101241775203,-0.0457430095168464,-0.0714260576069331,0.147200616465378,-0.0280464960422446,-0.0634227607385237,-0.0580545691218949,-0.108475612168444,0.0109456921220181,0.272835825216417,-0.0655903163233572,-0.051759781748212,-0.135465266068153,-0.0755021772285995,-0.071447670889603,-0.0200778745518424,0.0185639443110225,-0.183435593444936,0.0119173473412215,-0.0388849248871532,-0.112725058128877,-0.0960660872522331,-0.188076175968756,-0.0885884306072445,-0.0412138092251012,0.123875770991421,0.0788871854607446,-0.0419777506456371,-0.010507415491068,-0.0485499480293961
"Ileum_21",0.232436786666305,0.000595811533291513,-0.126130027125313,-0.0130254636439796,0.293355847471861,0.512932702406872,-0.219406742894695,-0.276341359826498,0.612060288644392,0.0368606787844123,0.646642005287297,0.0146227055066985,-0.3547361051025,0.39484951877896,0.23642987099132,-0.276341359826498,0.560592141748549,0.668864447717888,0.0913793860575162,0.340389750300029,-0.0799620083842434,0.59026103403223,-0.244532488098692,0.216693738310807,0.273604813016907,-0.0939371990083134,0.640219800861405,1.79108335850424,0.100620910174642,0.145906887855009,-0.12485888692019,0.0203131551431558,0.232318462289999,0.257081509368948,-0.060272318348068,-0.336917364127413,0.0523642278118178,0.00469413421006255,-0.07129992205401,-0.0487390653361131,0.0146227055066985,0.0341048169966659,0.147252026433619,0.548587118685592,0.223224158946922,0.130502488068811,-0.0296088717497365,0.128778463412526
"Ileum_22",-0.037537296721887,-0.0611123923625219,-0.0152486088148103,0.0271368291257644,-0.0129413702157125,0.00984574455359741,0.0821467952429658,0.0722765654976524,-0.166233794406706,-0.00688551720852269,-0.050532146569199,0.0785596551338289,-0.0485218360767146,0.0642409412981554,-0.00348876383239135,0.0722765654976524,-0.0298605673192124,-0.0365878819160789,-0.0872942572868337,-0.0325756937611241,-0.0281302754224298,-0.0610621114203504,0.00601584405260963,-0.190286194318683,-0.107617842643828,0.0287550051588511,0.00834490196670615,-0.0912487796118364,-0.0554868235290237,-0.0339266099607931,-0.125626970417548,-0.0492053955960095,-0.00307660139892386,0.0113444403663602,0.291114174750918,-0.172395455259235,-0.025835735668846,-0.0136852930351574,-0.0191582996371029,0.0317003653654788,0.0785596551338288,-0.0803446926517399,-0.0329999959007175,-0.116395297657401,0.0234030097597007,-0.0984274426305198,0.0398817870873357,-0.0499319500815441
"Ileum_23",-0.0484200058762686,-0.0835176620111575,-0.0766616661613955,-0.140296736321455,0.0216341262599531,0.698493195042871,-0.0865265332752634,-0.17184789560019,0.235416072393112,-0.143921465810141,0.0679417885062665,-0.240696409698969,-0.487872228472607,-0.0654893095935423,-0.162506907266752,-0.17184789560019,0.00989878277028499,0.0641800183500751,-0.0550200030340251,0.00615449061304021,-0.0918215024178231,0.359534954870231,-0.185013071189704,0.362395740955191,0.0982554908925048,-0.022102506072362,0.0730971556636665,1.15321372679683,-0.0450128220187476,0.0623527079193229,-0.0256533331204614,-0.0572220758344065,0.00505115690382978,-0.0709192863743269,-0.0543119249214557,-0.307288360280541,-0.142979212912839,0.0583995586093679,-0.0968173562446169,0.0352806883789415,-0.240696409698969,0.0458401279259852,-0.00819344818341382,0.561626772010153,0.238374528332699,-0.0709034838057899,-0.0550249954812673,-0.0204285126576334
"Ileum_24",0.273251329930864,0.850736261952099,1.74713622211087,-0.0554413594440415,0.291305861372993,-0.207527124225847,-0.130636429827664,-0.128349295611456,-0.160334255494669,0.323479337949933,0.232193687424356,0.0695199553017566,0.466239327369756,-0.0823131896671565,0.306402834354007,-0.128349295611456,0.193842507003158,0.18015633015256,0.190652865062581,0.155070552479001,0.347829886508944,0.0394399661616941,0.548229449964033,-0.0100405103503867,-0.0192532492223232,-0.0786741419459759,0.0922855195855447,0.948835172434474,0.0655218996387478,0.178847458656388,0.107293388655347,0.028920583610157,-0.0704124033690741,0.0193203852747325,-0.0306056299258525,0.0323323653279328,-0.104188321990562,-0.0621246057197953,0.146211641973212,-0.120717762236937,0.0695199553017566,-0.0455460080330643,-0.0144070377744918,0.0381203989925374,-0.108972590030158,-0.225544911963773,-0.0223309199320689,0.130482980406309
"Ileum_25",0.093628855859642,0.803352456192188,2.32337398756844,0.0438680481531619,0.228947827301295,0.0518458350628845,-0.0452388407368356,-0.114498706189689,-0.245868432389097,0.44035035178199,0.27162868955315,-0.0473490463991253,0.604174354758767,-0.0615997744925502,0.238349808328373,-0.114498706189689,0.259429812865491,0.246976443988243,0.146996182792984,0.227296020552223,-0.211497148782808,-0.0793263164181673,-0.153735391308417,-0.0216250439279862,-0.0363051362830416,-0.113282301949305,-0.193264773858106,-0.0785197241685858,0.0474212617108602,0.0215388902134848,0.137413068799303,0.020244347852279,0.090917802678387,0.103119830035591,-0.0466972713870021,-0.112445316053596,-0.0384066545855831,-0.0371259818071102,0.0294160544450641,-0.0148569249129301,-0.0473490463991253,-0.0582552203244074,0.00533560072337783,0.171437818338607,-0.105012269516026,-0.36788538135955,0.0520488912691261,0.142318993151486
"Ileum_26",0.0456255593781924,-0.135313416692227,-0.00400178954443092,-0.0809708882575662,-0.0469788906838963,0.860439683366931,0.0649026802658494,0.0300588669905397,-0.0520030598395897,-0.0461774322509691,-0.389164646751757,0.421738221151346,-0.104639447253311,0.0124171729549186,0.347601969848119,0.0300588669905397,-0.233560646077933,-0.243108112915439,-0.0703719367392885,-0.240775391981177,0.274953291075963,-0.16803375449514,-0.0434793362402269,-0.0848478323532212,0.145816648945444,-0.0586031167310817,0.0820926116251367,-0.166395960171633,0.0204021207506218,-0.0409285758714386,-0.226288107306483,0.0678482442749337,0.791390892837907,0.221993268588587,0.959722738728869,-0.0210703337695636,0.515171589047108,0.231541281266603,0.343212284846795,0.281473636679136,0.421738221151346,0.939914308421584,0.0687999165252081,-0.22756057273582,0.457338954653493,0.569398077574314,0.48179424009676,0.199437367442809
"Ileum_27",0.0894219280840307,0.093938676946786,-0.0592501516948379,-0.085000032748389,-0.00350043264953449,-0.15735038771801,0.00216076547385196,-0.117949907166467,-0.404573549216406,0.0385103544884697,0.13105331390312,-0.20705070420868,-0.42354830984242,0.0471241129102874,0.190839190677056,-0.117949907166467,-0.0646524332002814,-0.0375401026075299,-0.0455818093249994,0.253811272347798,-0.158394147612484,0.00499948529526566,-0.204555587376045,-0.170317524107204,-0.0330166713502479,-0.162079436486587,-0.119295565679778,1.11261039372298,0.0920840886459857,-0.0154657949661081,0.278245213164287,-0.0279572454980625,-0.0396653105405619,0.0867906100538654,-0.00641107437831113,-0.0859267275423154,-0.0143088591298185,-0.0908458321035445,-0.10483741629328,-0.136589557426076,-0.20705070420868,0.0360015955988779,0.0902017775731007,0.124337157707808,0.00826608949839958,-0.273971357475802,-0.00246195786708296,0.0129089545879341
"Ileum_28",0.269162112363501,0.140411609157719,0.0959594195189398,0.0194748356362538,0.298174795745737,-0.0672342873346067,0.00109449613336929,0.0125630178936713,-0.108622636015713,0.262090031314586,0.41877911226864,0.59039050570567,0.978768844757118,0.0502056281135904,0.235434325354953,0.0125630178936713,0.641209042015581,0.581983723079662,0.087201781375885,0.0963920831979816,0.0325594239614053,0.135230388620043,-0.0275173930178079,-0.273638447437401,0.0716614038217628,0.117248980968196,-0.0202779319069616,0.813748797219826,0.103304754180991,0.0163822487486632,0.0801596293259263,0.169997666274219,0.805927695982031,0.323609633586221,-0.0739710545514776,0.0941941447663235,0.259659713657548,0.0313727187827892,0.210246745857889,0.475139551825521,0.59039050570567,1.31372474511702,0.135940775509751,0.0634702014816145,0.125260530876063,0.118919728495862,0.663412850415526,0.281666546686563
"Ileum_3",0.0363725328113575,0.018371961083024,-0.0144698291197875,-0.0965950932579532,-0.0779160566065471,0.0376622174439017,-0.112541245355317,-0.0266765231325626,0.132246844690393,-0.057773617666155,-0.0696293543645623,-0.0321288448428169,0.134000573483879,-0.0357285410586297,-0.138580942766358,-0.0266765231325626,0.0126745069936342,-0.00257847361432452,0.0952659496913684,-0.153821793064725,-0.0518060204338994,0.333938585191231,-0.0554354953448327,0.0354382310311624,0.245708210543478,0.240834578256362,0.271030898163179,-0.11754557717843,0.083600552652962,0.0909392614354908,-0.123750839863272,0.141627890164062,0.461417067070964,-0.0777279277884344,-0.034156096229869,0.219241420026637,-0.0623247405820019,0.0920906457389845,0.379613054371185,0.487561712632155,-0.0321288448428169,1.13717816761571,0.104940045515371,-0.09289056649559,0.336877162838646,0.883887677144259,0.446394889777807,0.175371359430023
"Ileum_4",-0.184074676228622,-0.0941689667587609,-0.0161145114782324,-0.13234807308355,-0.0794503148113191,1.41919845174699,-0.261436497223488,-0.0189192245984208,-0.0236269246960665,-0.0790107457498234,-0.347435753063442,0.296963822578966,-0.433544335341054,-0.00385629963020568,-0.0722446624310098,-0.0189192245984208,-0.242728338458129,-0.247963475702369,-0.0954601030013883,-0.400768737023816,0.0681454955795581,-0.15163595758102,-0.107634316657349,-0.0836723212111515,0.343954375572809,0.0744423827028593,0.69133296948226,-0.0582970914201028,0.0282372249952083,0.290522579254728,-0.273749649712724,0.0526772057227885,0.395810287714775,-0.0338117390085391,1.14333190131363,-0.023827509084855,0.0686588277809021,0.1118505924841,0.126695863045537,0.223905797936909,0.296963822578966,0.395743612996551,-0.00364999462324813,-0.000699005269961945,0.762485565460143,0.346246425668546,0.330916196076385,0.196273269183992
"Ileum_5",0.145563589082795,-0.11712202657485,-0.103160338677763,0.561608694923378,-0.0621189394594526,0.899773176297437,-0.0127578796875656,0.00235128696584033,-0.106095247697025,0.0851499914953947,0.689492557974031,0.516755491155808,-0.118415194281198,-0.154527508540849,0.0171490541163404,0.00235128696584032,0.705398685132679,0.728861440193363,-0.0458764494246101,0.471343324872587,-0.193018753060749,0.135695136699728,-0.111435158787856,-0.275437700215009,-0.192369625375126,0.296992303385544,-0.035289098853952,0.1401563254322,0.0543040993674714,-0.00695680583438713,1.28454386114857,0.0470179288180747,0.0685303709830929,0.234552333935342,-0.0592726673658386,-0.278644774813085,-0.15756001448099,0.0312582111877044,-0.0878292066166054,0.064972246079654,0.516755491155808,-0.207232952924137,0.0785087513525831,0.138072628675766,0.00423951202608972,0.314779448673896,0.0286879576476932,-0.0194323748041117
"Ileum_6",0.0231133755851562,0.195568157312271,0.734501940582892,-0.119475374622625,-0.0615710120027104,-0.164678921288501,-0.191668904725014,-0.07273023463681,-0.163862177789274,-0.0547524611499865,-0.0279234085383703,-0.123977253164888,-0.0238609094394027,-0.155562896509202,0.224709061434862,-0.07273023463681,-0.0505172952755016,-0.0396293487005971,-0.00126765730803193,0.0939617897915016,0.537417513810636,-0.0186565725409429,-0.145541406227555,0.0806607895191898,-0.0249160203655106,-0.188877111773528,-0.0801316916982827,0.279623788560781,0.0389084325670244,0.121809463356214,0.107598778504145,0.211112495831656,-0.175304015091214,-0.00313990988116866,-0.00638993921279792,0.0629124284085517,-0.159209715403782,-0.135992453826022,-0.0153603716291221,-0.192765181258649,-0.123977253164888,-0.159914054917283,-0.0568975549985723,0.024873852988071,-0.0243878914567359,-0.285409760233762,-0.145488176908143,0.00538019656857394
"Ileum_7",0.108862947530171,-0.0306571147244233,-0.0234323604864175,0.0862435609643819,-0.0583109691213769,-0.0734161651317277,0.0513621697291105,0.037013414185079,-0.182827311125348,0.0501205796188879,0.421157696557805,0.370277899254813,-0.238489793488231,-0.0195378990151922,-0.11744949408671,0.037013414185079,0.45157514320927,0.412790474791074,-0.0628520773259919,0.0853487799350266,-0.13321571639371,0.158268651409296,-0.0618733061924386,-0.178404532035819,-0.0881091912212273,-0.161016738244448,-0.0364262527936782,-0.283502872576479,0.0100746983323105,-0.0024826911455298,0.284966701180956,-0.0717492133806098,0.01586647264382,0.0697296308245139,0.00425318532425395,-0.206376240678739,-0.0489574667141517,0.0734881938939579,-0.0350182547143812,-0.0290503029650924,0.370277899254813,-0.0915870415624509,-0.00034062536682739,-0.016296326302435,0.0117474615865234,0.555870714997523,0.0306072681133106,-0.0408947882877862
"Ileum_8",0.0915558566131187,0.111688734446955,-0.0537921534582077,-0.145646804590646,-0.0365179051857133,0.533062174925761,-0.0253896389894714,-0.100585797855536,-0.164551160456822,0.0165288330788865,0.27338573341956,0.0637223617713631,-0.288815338201596,0.0073792527933001,-0.106354901226596,-0.100585797855536,0.302751261797189,0.301908772390749,-0.0379210942820362,0.0539191226185167,-0.170611334230677,0.102258951254564,-0.158437655367052,0.224700732412799,0.0163845909419312,-0.143686158730031,0.0410542466381268,0.656990891320666,0.0266460113668195,-0.00283803662322856,0.049713965398444,-0.00709210157472668,-0.12919592391532,-0.0139688594111261,-0.0364339116424107,-0.260782281510622,-0.0878827292208027,-0.0548243534027959,-0.140171211350068,-0.101810772457301,0.0637223617713631,-0.0407015040220691,-0.0311538884382776,0.188471618387834,0.0869345695700273,-0.148653637247105,-0.102533264238039,-0.0863345116064387
"Ileum_9",-0.0497940548071118,0.0280211866641756,-0.0969461858324285,0.0267234647982484,-0.052895613917109,-0.21153745331261,-0.115452357747931,-0.011279888659474,-0.103473768597468,-0.0547059291664903,0.0778802953013097,0.207305061452551,0.15695574846614,-0.0939945612359292,-0.134432205188931,-0.011279888659474,0.073517432788807,0.0808753370440553,-0.0767830556813379,0.0551088689477919,-0.222966196867627,0.288327977480981,-0.135740934528966,-0.145792257222893,-0.0558581570057585,-0.126958636614084,0.113799656539887,-0.256189324689596,0.0354741093319037,0.00372014616059179,0.575268562165005,0.042195485701273,0.143447413386353,0.0846513053776066,-0.00717624552029159,-0.0918593508846433,-0.154145544368828,0.217482138096036,0.056565986619537,0.222943675970578,0.207305061452551,-0.0257344030559515,0.0637075009859252,0.00401660146028201,0.14381079664827,1.23301189993243,0.138869808320985,0.0433142410705919
"IVD_0",0.286955837831885,-0.0960503642098431,-0.11207876868161,-0.119803995508261,0.0429734127740128,0.112082715641985,0.239342497132825,-0.126087040743797,0.253283658895109,0.263873033445069,0.471999956743265,0.271153478420211,0.105547955760423,0.419896969650238,0.915011937072252,-0.126087040743797,0.438626227614885,0.517645161691935,0.124842804036158,0.302705245544441,0.37913346724299,-0.124393799222957,-0.0925201368076627,-0.172499808584612,0.207011463825113,-0.115753546823998,0.0972471414679472,-0.493860434460634,0.197919765944718,-0.00881177232225325,-0.0574283220162359,-0.0273841350315843,0.133855735444991,0.313479047443231,-0.0462709620707456,-0.309902925566313,0.227142741108769,-0.137058562778425,-0.135474977842934,-0.0478710600273885,0.271153478420211,-0.155301359640865,0.0834066757867419,-0.0589588674722204,0.151366847759005,-0.178863279817111,0.00428407038984132,0.174755155950784
"IVD_1",0.118895745738224,-0.0740729877592364,-0.0202788668489183,-0.062032057076249,-0.00478139947400932,-0.0531320848787806,0.311614745290029,0.0279618819823932,-0.0463846685797147,0.0788707594551964,-0.0300398703095046,-0.0967533211831568,-0.236812173564064,0.261991657641268,0.485240307046453,0.0279618819823932,-0.0392704409359506,-0.0382885720020885,-0.00965696697065057,0.148753181992482,0.125371738117745,-0.213909622852003,0.0129288246384764,-0.192520354803192,0.00699000347281202,-0.13503367977002,0.0822874774412344,-0.35150817548529,0.0414930846772434,-0.0662903014651151,-0.189595686339599,-0.087491424214141,0.061477383552465,0.159608814237873,0.0146424633177739,-0.234557023319611,0.237467502857743,-0.0955921120928585,-0.122175157657685,-0.0877243191115928,-0.0967533211831568,-0.127326803440594,-0.033048491034821,-0.201729465654969,0.0549849503151687,-0.0971418142234347,0.0205385732675085,0.0578004625141138
"IVD_10",0.263430098930402,-0.0554341567502858,-0.135321497009908,-0.0272925955090468,0.172905204792142,-0.174602161955718,0.153442458024014,0.230373996394609,0.0753811325314895,0.280612415542642,0.323710595282939,0.0792648039276602,0.22710815389356,0.148719763803688,1.03240141255373,0.230373996394609,0.30569624851993,0.374274298764599,-0.0429843965360115,-0.00322607864794793,0.235964372341465,-0.118841537827654,0.0828283943350128,-0.171896949355491,-0.0713196616027239,0.112294854283421,-0.065415936316726,-0.233623920405613,0.0241626956450219,-0.0311291982961998,-0.309255249169402,-0.000177027980975548,0.239280823109426,0.278100815602258,0.00652353268883447,-0.216120727419325,0.330377813674128,-0.107307682603189,0.0668129087132699,-0.0121495784748792,0.0792648039276602,-0.130968545126551,0.0612661049491174,-0.0425382537801964,0.149580618686035,-0.133048302378136,0.102175654435619,0.166924444240655
"IVD_11",-0.135299985207212,-0.123180780211146,-0.0552149867384678,-0.114181697301692,-0.171742507466968,0.232592298759475,0.206354485015882,-0.0175739738262094,-0.118816993086788,-0.0514415932755657,-0.372464352519653,-0.645237905030526,-0.332548083568558,0.321302187914246,-0.0115581027023288,-0.0175739738262094,-0.352393134281565,-0.36010114868579,0.208823231774948,-0.103092937576244,0.465421130896723,-0.00253734396861796,-2.83748208288619e-05,-0.0899377010261556,0.254107982943382,-0.122822551148909,0.350893676994531,-0.420438212061604,0.0536529370520796,-0.022299602718683,-0.364204708632438,-0.0545546033084516,-0.132641641839799,-0.119954291950463,-0.0278551989638167,-0.166564536620562,-0.0119701460582798,-0.0709599625589374,-0.165244653009489,-0.105077853294356,-0.645237905030526,-0.0404171397361764,0.0154805707060113,-0.129922361556902,0.223690596089597,-0.191126892518856,-0.0855068988069055,0.00104667218450846
"IVD_12",0.0400699179126771,-0.116778773519111,0.034727809805149,-0.0640479793956597,0.0986593541538715,-0.104606679828549,0.134182210643967,0.0617402575098658,-0.0678693222422381,0.146211487516388,-0.0569934570555842,-0.330142077996143,0.467168631192908,-0.0119244556724208,0.629106233824937,0.0617402575098658,-0.096166297334053,-0.0542203174794017,-0.111102727240341,-0.203284928699299,0.0410979279562513,-0.0905056470317499,0.0526103031776626,-0.147958521795469,-0.0989438459170664,0.0866212537017754,-0.0032531363552947,-0.336410384467033,-0.026679433556793,-0.012922308308592,-0.224729361788007,0.0630245001992103,0.288425435212529,0.219658197001409,0.0373776688813047,-0.105884583758707,0.385917119146163,-0.112090482740674,0.115376715134522,-0.0500014210013201,-0.330142077996143,-0.0937130386884272,0.0408078487894365,-0.0736947167670251,0.0526603057105206,-0.0733604133604686,0.11332829401247,0.075495935687306
"IVD_13",-0.043427792686781,-0.0720514546000498,-0.0179287289917666,-0.0757172407149524,-0.0807711808654242,0.0763769416117053,0.232999520175011,0.0350606484581778,0.251484375116249,-0.00082866728366487,-0.131415496540553,-0.264400471116754,0.0217585324939396,0.107088978074059,0.082352894519409,0.0350606484581777,-0.130973467259914,-0.120649184302829,0.000435004111680432,-0.13862510343367,0.0620206432082725,-0.184591480698243,-0.0267438748922177,-0.141416895969468,-0.0534892784813782,0.193619588825832,0.140021798552068,-0.311376135793355,-0.0577630606826004,-0.0714766981905818,-0.12039889302937,-0.0316024111557759,0.179170798407646,-0.0594810598260167,0.0401797915936819,-0.198063670683096,0.104656707290354,-0.0245763408692945,-0.0259701871878397,-0.0795499056068138,-0.264400471116754,-0.136064186271409,-0.00755056030658001,-0.162784210854012,-0.0299544514182573,-0.139229088684852,0.00873872197728614,0.00147382520461192
"IVD_14",0.145167422534587,0.014508164978482,-0.0504614921315799,0.0555098564673818,0.142411007291355,0.582034625747675,0.048282350224288,-0.121287855813073,0.0418962941105253,0.197442985284383,0.562781019308126,0.217303051146963,0.0514369303613211,0.232414371948846,0.426855990483208,-0.121287855813073,0.364814000069397,0.447090735674454,0.0285568767922789,0.427466780225982,0.323702407104078,-0.12149268089432,-0.17776736093701,-0.0984719980063799,0.016613401810917,0.108539246177779,0.0867996866090867,0.4565216753608,0.0772146771661346,-0.0234229535229167,0.239890091506974,-0.000514008112998295,0.0162350622269622,0.0971378554586834,-0.019832837412394,-0.278257506607311,0.0795495211694333,-0.0892430722988751,-0.114573561552886,-0.0884650841683692,0.217303051146963,-0.0528975810519541,0.0586005845697226,-0.0111010970811262,-0.00504451847894758,-0.0759263249542882,-0.0388964071611401,0.0792206216186491
"IVD_15",0.0605121643379767,-0.0968015674108869,-0.0805647009051157,-0.0814296857704245,-0.0559808396242418,0.868128737631727,-0.0499674215863327,-0.0667776433266468,1.78515328545376,0.0654330611624784,0.202726403463621,0.215786874832182,0.129421055865256,0.565515061059632,0.158605484753615,-0.0667776433266468,0.194891066682782,0.242870211226347,0.317147251650474,0.041796209154082,-0.120006292926163,-0.0416409856223754,-0.0222556708940172,0.0126373334307645,0.0300580478386365,0.599426616018326,0.517557634588697,-0.327508928954159,0.101821408752583,-0.00770778335336196,0.00728430801318181,0.045771239609974,0.235722456622548,0.0425326689719746,-0.018462699652238,-0.152766668190692,0.0630651088208397,0.111372300270936,0.084939940036346,0.141308864635426,0.215786874832182,0.374252991871244,-0.0278288959013712,-0.120879699866866,0.158445886607902,0.848527909856487,0.0903078673903016,0.0733426695516844
"IVD_16",-0.140699330845841,-0.107213838016913,0.119774880354096,-0.0833374202800798,-0.113964796386702,-0.0461075086725915,0.0754946263944964,0.416228514765377,0.0914385009472707,-0.125387576626382,-0.334666095117866,-0.510759294624986,-0.411512685820379,0.258685893628078,-0.0193015190384855,0.416228514765377,-0.358438672531921,-0.345870591001438,0.0371118894988656,-0.138331798042947,0.126464886780071,-0.205827543918162,0.139675745424119,-0.127672230429851,0.0557499497735108,-0.0854351132263957,0.0553884605924298,-0.19299924274595,-0.0674176513548034,-0.123385470030374,-0.285383031236002,-0.059327688104414,0.0668788641385153,-0.0288560785061933,-0.0211023923501646,-0.144451180824949,0.0518049398324216,-0.113749633468862,-0.090304921330227,-0.124789355189548,-0.510759294624986,-0.0675123757555183,-0.0613534872662902,-0.151479412451227,-0.0175871604491005,-0.176637344961929,0.13255645881708,-0.0643184445631928
"IVD_17",-0.0408981835585141,-0.105029441189255,0.247287738060907,0.0872041227364578,-0.0535767277913245,0.277947204687112,0.0232771676930924,-0.0627829862213263,0.109653212404278,0.0600321242640373,-0.0575640093268762,-0.279803758681258,0.879755914254367,-0.085345846345211,0.190468411289575,-0.0627829862213263,-0.0709852900027791,-0.0308534339550161,0.0605835255766772,-0.235126265678254,-0.0719484172989347,-0.134909358995883,-0.171710751769401,0.191070845970539,-0.0603988774524769,0.319059965496144,-0.0714948230979612,-0.423381185133854,0.0460168976879796,-0.0415145345805276,-0.166230548966196,0.0870029473519251,0.163798979235967,-0.0252723473393731,-0.022109803176955,-0.139149801015989,0.122980064979635,-0.144451355196754,0.100741064427373,-0.0682818739742068,-0.279803758681258,-0.138327510865742,-0.00802432052336519,-0.0940913059725249,-0.00679979313497586,-0.233175787457117,0.00201624608827632,0.0985965081913641
"IVD_18",0.217749859557607,0.114041107938739,-0.092426732149729,-0.162842137309685,0.103464486817941,0.389467503300117,0.370550082215348,0.268980727440335,0.706299107507083,0.196042819708135,0.280424149337759,-0.130863439897037,0.537130107457155,0.684225886568432,2.30830089623091,0.268980727440335,0.282061135150446,0.319040771687309,0.122333020838586,0.143756826954185,-0.0409297336587461,-0.11902558207814,-0.106861850301877,-0.167202023600737,0.092325214593624,-0.0324393852290997,-0.0676516820469776,-0.112527090008237,0.178542130920214,0.00696721442720186,-0.0281285322194755,0.0977328920696631,1.22308870399711,0.532705366643507,0.0208946095947809,-0.287780205297715,0.787683191740229,-0.157402781192527,-0.0170556114801342,0.0283378525483052,-0.130863439897037,-0.141250586862895,-0.0590627822870004,-0.0333827645253227,-0.0582765054091367,-0.169672125737003,0.186469126100785,0.470771380625341
"IVD_2",0.295287056827308,-0.120614492778225,-0.116524434202832,-0.10860423714774,0.128734485336843,0.239385432549509,0.208048604892905,-0.0721796028790947,-0.307321068275157,0.311401305016406,0.542651077336168,0.35265150168401,0.461487796289504,0.385671611367878,0.943479364145422,-0.0721796028790947,0.522105951748675,0.666088113169332,0.0614760806985508,0.102013162949933,0.0837944644398526,-0.0669469427028909,-0.0989434449266283,-0.232946935298562,0.0507850921278577,-0.0722971967901681,0.092045730839479,-0.424010324961133,0.156043071674496,-0.00821137589998639,-0.215257620283193,0.0316769514797238,0.196321219946867,0.301059880289774,-0.0243195190951518,-0.213672708480023,0.205041390139369,-0.157961412342454,-0.105608343972547,0.0123521871831693,0.35265150168401,-0.145482271301212,0.127830276268815,0.124737673353514,0.323304036276281,-0.206163099264916,0.0413536087833492,0.231175123153822
"IVD_3",0.14103782524614,0.107931494937957,0.0003221357211608,-0.131866355723027,0.0793241766031172,0.17530537233956,0.0344231021968085,-0.066594444875598,0.674506855291179,0.192927475544949,0.148945378665353,-0.249478446888664,0.551153109385855,0.24755118092084,0.812136059985905,-0.066594444875598,0.112136956739333,0.137725034879784,0.107182342457784,-0.0147577070207506,0.413706753298793,-0.11770329285852,-0.0413810291731758,-0.0584838509135781,0.119663391299151,0.0549231327081616,0.092899089034385,-0.297056869666465,0.124458089279645,-0.0184392283892967,0.00496341623893622,0.103088003584523,0.186367790746189,0.237888411782044,-0.0302232479133449,-0.200918432156156,0.398313584811965,-0.161804401285651,0.00639894467493327,-0.0383327275496717,-0.249478446888664,-0.148943732879502,0.0133824307732278,-0.119551240460443,-0.072034480388658,-0.165572579367811,0.0697930508256457,0.144944159048915
"IVD_4",0.185189896563894,-0.0771524560221278,-0.011984518432667,-0.0838004181010861,0.0368146189453143,0.111665285048315,0.238937707051808,-0.0409235032611847,0.110430345342916,0.135426933124824,0.109865953914429,-0.205918754817619,-0.0575015561182655,0.331904213659715,1.14587489238653,-0.0409235032611847,0.0662006132406787,0.0753361266423947,0.0120056959389066,0.184745267661664,0.324403791656335,-0.201754903738067,-0.0482389113314452,-0.142469013953744,0.067450020589557,-0.073034579987378,0.0936179081269134,-0.423268432047994,0.0857719522690483,-0.0474859377709407,-0.105178358886132,-0.0415668046720146,0.194003458508649,0.300786020235723,-0.0174043345420083,-0.255405150999711,0.420956580993191,-0.106961411043721,-0.077272673739401,-0.0921760351399081,-0.205918754817619,-0.152495520258143,-0.0222744588925512,-0.168455356093192,-0.0292014048451164,-0.135512114161902,0.065732944691449,0.217046907648035
"IVD_5",0.12698072595771,-0.0136176106480651,0.0588888542559055,-0.0523770341225014,0.125281754216158,-0.0926692473601487,0.0911806981838365,0.0374370913862883,-0.0474845815297591,0.220122072127969,0.0946937814669071,-0.203357368119848,0.302969755908724,0.194828159504237,0.699566548938734,0.0374370913862883,0.041022738077333,0.0891383098612025,-0.0675622922449625,-0.0941135398157571,0.119254013669935,-0.0467187787775307,0.0423742473838525,-0.0775769228142499,-0.0999218367094723,0.166258129024025,-0.0615532607047723,-0.254414377120917,0.0404157189748992,-0.00558538589815212,-0.21960756555954,0.0704537089099958,0.192537402542945,0.172966264083447,0.0775843993820972,-0.132021902035569,0.224889175101254,-0.119166628522303,0.142372759998653,-0.0469158514363821,-0.203357368119848,-0.107023755629003,0.135194348117985,-0.0490993231362297,0.101702401084606,-0.128861840992288,0.0649998026926479,0.089300690312752
"IVD_6",0.00544011407323487,-0.123650851056814,-0.102784573291375,-0.145185975074881,-0.138759000698653,0.566608482899719,-0.0449817946339746,-0.101430914761124,1.02941544967683,0.0536588644249826,-0.018357698121536,-0.142640856217225,0.462642247834117,0.251118062509655,0.381211718915897,-0.101430914761124,0.0125619995374897,0.00598773900084852,0.135091164709708,-0.22220167218178,-0.0443563689399637,-0.212652050414697,-0.254282548722645,-0.00143061292617541,-0.0117163034579972,0.611846059685315,0.192403797884512,-0.483428406546572,0.0851838690662383,-0.0138278071044756,0.0619387135474731,0.139374834852114,0.371484279490681,-0.0725375302311681,-0.0220821546877541,-0.169542827993153,0.090189524544639,-0.042179508149355,0.103943267679391,-0.0568291304865518,-0.142640856217225,-0.162025989473672,0.062206794733526,-0.162284671109787,-0.136336508382695,-0.303822345647872,0.0198707288355934,0.099715326909439
"IVD_7",0.158317138077192,0.290080305886422,1.07860828951687,-0.0887113524337257,-0.083659622947562,0.506675498033076,0.0199414581888114,-0.0928697524369435,0.980333031447205,0.12070169674922,0.218992958786493,-0.0245489959509994,0.229375972560038,0.275959460771419,0.28503326122126,-0.0928697524369435,0.129062342892062,0.177721993936107,0.193299697488031,0.297033437436304,0.0441330765201888,0.0906489944926696,-0.1443218584807,0.0183691224797845,-0.0137259064437359,0.672183902918705,0.346836817429143,0.056871047469773,0.135799594887862,-0.0350689925165431,0.0448986011761659,0.166710134231456,-0.0169370012564575,0.197641459964555,0.0031503889424642,-0.115997555641352,0.00676436420020067,0.012322881247376,0.189500594928957,-0.107978794590601,-0.0245489959509994,-0.135959470496064,-0.0372609376906448,0.0960197519143935,-0.0573072429387511,-0.174821849094266,-0.0424849797139169,0.00732946024099364
"IVD_8",0.084716899673975,0.28155459439158,0.512409110070061,-0.0994405112058577,0.0261212886171696,0.19979060672814,0.0174460570665758,-0.0807288344626205,0.99070161355447,0.204464603115722,0.131839650472256,-0.233135911453642,0.411811136250922,0.492636322326932,0.621437974447713,-0.0807288344626205,0.0677629595219021,0.0848519884018356,0.214740562548906,0.0271740857254418,0.144290350211078,0.00245826695513284,-0.0967962172523117,-0.0890644278266851,0.0356627355347631,0.156195094961912,0.0508672651985853,-0.269764892054809,0.129213262393479,-0.0115158713992161,0.0291986771323725,0.183063858764911,0.142885982294241,0.225532659386496,0.0845208357931951,-0.080964735792437,0.241475174443417,-0.148577360127686,0.137859350796856,-0.0280843252381074,-0.233135911453642,-0.0935893033193672,-0.0504687581355706,-0.136281476509224,-0.0447226776292768,-0.174404847322164,0.0510527734584161,0.120650702865641
"IVD_9",-0.0557719980529363,-0.144917448115042,-0.0866233150031943,-0.0525361505617543,-0.109701837084151,-0.00872558305603281,0.0562776736682589,-0.0240824436697715,0.182849546839435,-0.00291201365192548,-0.144890734648489,-0.353076595686815,0.210186609179223,0.364643327250762,0.214489471398645,-0.0240824436697715,-0.208724146508295,-0.166825096980813,-0.00350275941292412,-0.263791484816821,0.0768255417607893,-0.0194703965316943,-0.148569691403586,0.0105944816874766,-0.0787881569837447,0.470695527026372,-0.0184461521832343,-0.410184636341121,-0.0139182115798108,-0.0353475470281969,-0.238319850133755,0.0819362136379577,0.157032365612102,-0.0756431990701505,0.0399735636271536,-0.0464148893803223,0.0508751898112541,-0.0988587928069654,0.101442628004793,-0.0608604902143323,-0.353076595686815,-0.0957191594148362,0.0743486000330353,-0.150901047667641,0.0432259776943806,-0.290246385520462,0.0120214224950368,-0.00930298368322981
"Jejunum_0",-0.0894370998691157,-0.156709881942163,-0.0720038247962414,-0.0622617332344636,-0.132101627603493,-0.185206044471626,-0.0815793491934945,-0.0267100267338029,0.0908202964603628,-0.138204903439727,-0.0270755924706775,0.0618204606612662,-0.271266035016053,-0.0312647976848011,-0.0515133433034501,-0.0267100267338029,-0.0655147019855526,-0.0531379233398891,-0.00517596569117523,-0.043640711280212,-0.18128273330124,0.475953248109152,-0.121311499344454,0.0513986962702134,-0.0897694663158423,-0.156158811826375,-0.13465976453794,-0.133037877369044,-0.0205275521083356,-0.0152583024700633,0.172740041300174,0.0164186745764422,-0.042006347067619,-0.042476865653495,-0.0173907848186282,0.356993409397494,-0.0983794762426936,0.0261328934833424,-0.0671617537334507,-0.0473675507205562,0.0618204606612662,-0.0983928821352257,0.0212553787620271,-0.140607691927518,-0.00447202322872575,-0.172789123405492,-0.0497916591713029,-0.0451742892886818
"Jejunum_1",0.215790625408708,0.143266720641353,0.0552789156177644,0.053059593633741,0.110100521060708,-0.00747731497640413,0.0371907150518871,0.0487360494366144,-0.14884597738696,0.119665453549069,0.167686625783776,0.213620033964885,0.530826320751396,0.0441712032850964,-0.0353674058107075,0.0487360494366144,0.314894995018398,0.284627834266857,0.064666940941805,0.000186056282039005,0.00220859022370026,0.00460009252036817,-0.00477721863037456,-0.19624720216948,0.0203558641311145,0.0413423625459032,-0.033172072270383,0.714170780519367,0.0589140692455106,-0.0277662390093835,-0.0685774243659103,0.0536603640358031,0.477679765223885,0.0620697815605735,-0.0102326175207856,0.0473303466872592,0.0421932474319475,0.0408819011192267,0.119814521772457,0.396278299070278,0.213620033964885,1.08980797316624,0.0512311524134842,-0.0472901263711949,0.0647451113427353,0.0398023336739946,0.534521972348064,0.152282942078751
"Jejunum_10",-0.0816872435577248,0.0279780280980541,-0.099681181238583,0.0805437118413047,-0.058765232327859,-0.00983073834952214,-0.0419889921124662,-0.0118924753299399,-0.153302489383927,-0.0487637499584031,0.0471223812368609,0.14249552381448,-0.00237672683483942,-0.0865108274629782,-0.150786591138451,-0.0118924753299399,0.0684437410241054,0.0601856381353177,-0.096974812291787,0.0542457336744492,-0.189773271254634,0.435990010919486,-0.0985371353016582,-0.177573036354176,-0.11836810427568,-0.0907545958365329,0.00306729262294033,-0.342021160957307,0.00101177335472804,-0.0148047932502873,0.635971822436105,0.0184693976180899,0.155441632916668,0.0343745857779009,-0.0272808482776206,-0.138307013960233,-0.0922215930101122,0.110275880510054,0.0238682709676832,0.184324392211682,0.14249552381448,-0.0890753970626478,0.0391819835440422,0.0229096176665787,0.11999288308504,0.841936535204113,0.155934775782325,0.0605616669130397
"Jejunum_11",-0.0676258332987344,-0.0929981025740431,-0.0287656405633135,-0.0861756490247801,-0.0753790202960591,-0.0402163240264593,0.0679178598621416,0.0379811297504965,-0.0811932731234033,-0.108081322742056,-0.0985032901856932,-0.237613704292935,-0.390641126295743,0.0730596499979869,-0.183937847973223,0.0379811297504965,-0.129229997322216,-0.126101973876844,-0.0511659373646964,-0.136651157589889,-0.0451876673299668,0.394286195703686,-0.000787101032175213,0.044791519351407,-0.0120321282624369,-0.0978851475730523,0.0415026298898151,0.0860579293756948,-0.0737225147469217,-0.00868076101796441,-0.138712551172707,-0.0582752426248174,-0.096538282730728,-0.0689507974745437,0.0208510541932422,-0.080898642463854,-0.0678489614987637,-0.00977653565290694,-0.0554366672012575,-0.0906587677983125,-0.237613704292935,-0.0540236353207163,-0.0463034538406865,-0.0525872054548273,0.108633959109364,0.00904216201660742,-0.047425987266253,-0.0832089985888688
"Jejunum_12",0.0306172720198815,0.579843218282369,1.17419335438658,0.086452356329539,0.435136341012224,-0.153993327581276,0.0295832498142192,-0.00934882605848079,-0.231921667768669,0.414528267097227,0.140085317862793,0.0388505622291988,0.478828168950891,0.0339103425148728,-0.0618851721982403,-0.0093488260584808,0.151591419791163,0.125408809452753,0.0859932346643505,0.130807469770531,0.0632413327584284,0.185378351234097,0.443513917924555,-0.0797702546475171,-0.0252994224965418,-0.0324106238401698,-0.109009131935844,0.65351214118525,0.0576256103579011,0.140076331364543,0.00338322357106812,0.00766363013417542,-0.0704641355042733,0.0465774115659145,-0.0161729729441246,-0.0936655733209675,-0.0400741983932637,0.200521297894344,0.102550852837781,-0.0390049109439488,0.0388505622291988,-0.0937974314458273,0.0594252535104921,0.050966763896074,-0.0368291630234886,-0.154263550012528,-0.0338300874274747,-0.0581749897495854
"Jejunum_13",0.277128961384374,0.636195645740476,1.29071506167885,0.17041288248298,0.52233572421343,-0.206489496101005,0.00709511950770778,-0.0620068391295778,-0.241611344797574,0.396167657010774,0.292087028874987,0.144785488281925,0.778708551788182,-0.00385321140396581,0.0906268680283628,-0.0620068391295778,0.302264701361894,0.297004375831592,0.0144503431345651,0.179661582025965,-0.0166600087999578,0.0511102515463678,0.216873407670475,-0.157578625823622,-0.0526212982219223,-0.0810806921116718,-0.0748224395653268,1.53901906356942,0.0375504098719417,0.0864738584859905,0.0204461436538133,0.00516489596901154,0.00834646149864171,0.107770824878204,-0.0226811993987481,-0.0710814219695524,-0.0371043038518632,-0.0544830302244823,0.0776760431210822,-0.0844595213853759,0.144785488281925,-0.066484317414544,-0.0114523703217869,0.102605430012405,-0.0636287724639597,-0.116839471273589,-0.00914315287551766,-0.000626037472600365
"Jejunum_14",-0.0146301199897751,0.014946771935522,-0.0663683763725589,0.102325926161874,-0.0732152884972015,0.014965048764784,-0.00549077786026856,0.0152801140575917,0.189030923881188,0.0297185738452301,0.0466933283403633,0.351238434698914,0.0731541016242998,-0.0339659287980116,-0.0869011436531962,0.0152801140575917,0.141682905418861,0.108566531691347,0.0354332525933654,0.0142660806417296,-0.0733700984792986,0.177397774965771,-0.0563534519640986,-0.124115516673535,0.0352378172129859,-0.0260386077515223,0.0737761809508496,-0.17135437227808,0.0919111061472904,0.0664520592211668,0.0509672116006069,0.0473991939911064,0.121756944156096,0.041085519736311,0.0651026487976898,-0.00746913598591862,-0.072535613458863,0.0762984457714277,0.0195937804301603,0.270533668936887,0.351238434698913,-0.0842915439197996,0.0705304615261113,-0.0429403048990455,0.139503518069954,0.0385606155857768,0.146055017652626,-0.0190348012791302
"Jejunum_15",0.0206009203325578,-0.102802308647539,-0.153548006331891,0.136395234755025,-0.0552674732357426,0.121082106309854,-0.0510557921071085,-0.0330315619127742,0.124864133476321,-0.00951116485961048,0.278308000453219,0.260350284302803,-0.175661098360432,-0.199599416122715,-0.0837659264069756,-0.0330315619127742,0.329483741528829,0.321470773753277,0.0299799046717114,0.110896547343801,-0.124064901225082,0.170954157643178,-0.134085470310888,-0.15532324734072,-0.0981980787183185,-0.00576890391248497,-0.0392877812162129,0.139714155255942,0.0158740286802204,-0.0129574184841267,0.624870569611766,0.0648319238146428,0.0365859907355117,0.0594821498355758,-0.0535683643755943,-0.0500541741190259,-0.143714693607129,-0.0189006485805803,-0.0729064671595885,0.0599659290738136,0.260350284302803,-0.0746303015389511,0.040246126686424,-0.020794266532815,0.0157075571733663,0.178904943026617,-0.00181330317153991,-0.0426107911231543
"Jejunum_16",0.29495638909809,0.000653803092219245,-0.058215246749283,-0.0263593892587549,0.193858891353954,0.10348685654553,-0.0519236590251954,-0.114147120388906,0.391901621742801,-0.0117555532510795,0.294328070263001,-0.0798556234875713,-0.356189279433663,0.27065674333465,0.0704127323487652,-0.114147120388906,0.281630484304473,0.332363557332668,0.0372089126645108,0.0796638676289698,-0.0783942323471375,0.468227733127379,-0.130303381684698,0.0567592175914229,0.112037788578735,-0.0606140798082216,0.101825665559002,1.41321861653056,0.0101244940710247,0.076063892868212,-0.172608054565285,0.0174795198975857,0.139826512264888,0.100880326417547,-0.0108558790460027,-0.204145316910709,-0.0225081462317466,-0.0240642827862729,-0.0465443980235348,-0.058218775598699,-0.0798556234875713,0.0330259711557896,0.0690779321958836,0.239374837958868,0.138038842480555,0.146764903465281,-0.0169385732671389,0.0428655320089444
"Jejunum_17",0.165079431511615,0.916548249220865,2.60131738389478,0.133642432959113,0.315133345936735,-0.0330364228818128,-0.0181901530783948,-0.0825605793956617,-0.153962661788456,0.480029462698007,0.295277936471455,0.106506361453777,0.793051333020794,-0.0527265065174123,0.328612825923021,-0.0825605793956617,0.303475181336773,0.3046298321217,0.106818611932213,0.262331154162934,-0.173250927410523,-0.021559092987993,-0.155827645161565,-0.0660218727603373,-0.0189845692213404,-0.0868680958168383,-0.153073153906329,0.0364701100384835,0.0473183415710678,0.0195201587639905,0.0579777841298635,0.0154512771495839,0.123482276237407,0.148432323765556,-0.0573261415580783,-0.0898819483469419,-0.0248967905078651,-0.0168171725872658,-0.00323252630361427,0.00817010013870898,0.106506361453777,-0.0236980547258646,0.0154703807946262,0.211588891496709,-0.088220430928888,-0.323413281595024,0.0825313891281539,0.141461635478384
"Jejunum_18",0.135692356181155,-0.019886620970363,-0.19922088075042,-0.0769812671000364,0.123147511681893,0.43213140649052,-0.152817733916092,-0.264087426308969,0.385800544577968,0.0129211742384265,0.613713376988022,0.0946395226793576,-0.424013431011137,-0.0729799750124477,0.0576890259210407,-0.264087426308969,0.562540574146589,0.648602226997123,0.040062614845746,0.185743741205862,-0.192323764398614,0.467450941774834,-0.270092732744878,0.328561213830764,0.069196389615391,0.0476611114480668,-0.0281803845873481,1.90232723207704,0.0598917168652855,0.109371314180532,0.216856169128941,-0.00046365802454264,-0.0450483353856025,0.0236804966481089,-0.0578673568994364,-0.347438395614207,-0.154795890429717,0.00307666288975086,-0.147659203610852,-0.158920555699891,0.0946395226793575,0.0312589992793922,0.104020467604181,0.383297331297432,0.133209672288217,-0.0634439038861581,-0.101606562338168,-0.00414542727407105
"Jejunum_19",0.0481615720039805,-0.0198064468784128,-0.0798636096008607,-0.0440950512089158,0.0164653868172499,-0.0831637808880806,-0.0296975906729307,0.0296382021991283,0.0951251991137242,0.0853901790364553,-0.001979150259134,0.968867022378722,0.539241220868563,0.00397634605566733,0.0249227539311298,0.0296382021991283,0.167399814604819,0.145649650320222,-0.0109548334833532,-0.0371440928794183,0.340337422378274,0.187869266870026,-0.125799685367851,-0.133154271150247,0.0424420278458473,0.169989101963417,0.157922536480041,0.158258235244047,0.0888842316130841,0.026362641357755,-0.0112904248777941,0.134190510279139,0.529913591756176,0.130884573561636,0.0519402228599623,0.0735029568388021,0.0956437051826779,0.0942838096514445,0.282231194223067,0.371998511220405,0.968867022378722,0.567956065335425,0.0974191082825588,-0.0334948044963323,0.400465791880467,0.442629834216779,0.345210344371042,0.151205388699052
"Jejunum_2",-0.0631181199279406,-0.130024812774476,-0.0577378622345772,-0.0379116901991495,-0.0838130161601556,-0.175184272717968,-0.115378400787937,0.000386644575603389,0.0654750169834321,-0.096291600127812,0.0309291173735122,0.138747557482331,-0.0324293714939482,-0.0517670527122184,-0.111235481635216,0.000386644575603383,0.0117454623433745,0.0187190378971591,0.00380714756635428,0.0330246046379334,-0.224807574239252,0.2698875281905,-0.139079794408198,-0.0432271372602407,-0.0844754332867226,-0.176589207567484,-0.156061359385627,-0.228468140204551,-0.00854388620125111,-0.00582946707287772,0.190816068319089,0.026098969806654,-0.0594499489930671,-0.020581184385643,-0.0212112081639986,0.334761270837275,-0.127152433287103,0.045706846268748,-0.070424551386674,0.027225092860509,0.138747557482331,-0.119938351516956,0.0345783389994693,-0.0942987195685571,-0.0531268920485545,-0.107103982505751,-0.0296217371012074,-0.0489765173639419
"Jejunum_20",-0.149531756636718,-0.110769885859623,-0.0193520345405238,-0.0953481159271787,-0.0717536362397746,0.938947989655567,-0.228264687624296,-0.00438427567403405,-0.00574763756066005,-0.0288849934800373,-0.305653870899765,0.551666591287496,-0.390951795626093,-0.00396524644457494,-0.0720998476254732,-0.00438427567403405,-0.19553903483305,-0.187316853326559,-0.0436723287997212,-0.359354187610106,0.0228981088838312,-0.0929584467495854,-0.0982198758268712,-0.111769391815007,0.35996572628736,0.0810103057711117,0.497522068570016,-0.121216678040676,0.0352825913028575,0.274360639607377,-0.264585668128419,0.0591409873916642,0.384552502641916,-0.0299221004863722,1.72673908941014,-0.02491652666564,0.0456209097139601,0.130142752064791,0.128078679532042,0.202818566811642,0.551666591287496,0.437067655012315,0.000583947635639415,-0.0442050248904237,0.805120350776795,0.288731327717376,0.393212091666739,0.158402279266388
"Jejunum_21",-0.00606924212605717,-0.0046148494308402,-0.0280755835378276,-0.0165215217182738,-0.0124872218457234,-0.0800441032572788,0.037895815243662,0.0474102826642509,-0.064137576928632,0.0644583922601808,-0.0573587757306553,0.766705994208947,0.204408577687143,0.0014611106968361,-0.119921775484074,0.0474102826642509,0.0578509815507713,0.0590339448976863,-0.0372269995533838,-0.0416878017319018,0.132138199017837,0.152472500398068,-0.0395134844309155,-0.17997691291229,-0.0528078325442776,-0.0700213959761514,0.0164157969074203,-0.164241604846496,0.0102603100361021,0.00679883654522549,0.00255545525599893,-0.0054910957069087,0.0940358750697234,0.0067282737772366,0.526493439650449,-0.0494314972584669,-0.0459010839472556,-0.00152847021494657,0.0227945803272411,0.178341620407181,0.766705994208947,-0.0103317582734262,0.00583831837753182,-0.127789510386123,0.160955448708606,0.0707875208570763,0.126948859654501,-0.0148851229241557
"Jejunum_22",0.167526832634635,0.074071621194505,0.176186579088789,-0.0490381755696068,0.000910485796086302,-0.120308207692464,0.0886522147027164,0.0747727318252676,-0.19111509351201,0.0653037703674939,0.0850966946442779,0.281193409542863,0.223658421445508,0.0230089551067048,-0.0854150748658057,0.0747727318252676,0.217933116933815,0.186945219085639,-0.00393792306602897,0.0015507864111933,0.069988645081445,-0.0293529936333906,-0.00265377008815208,-0.233466160326636,-0.0290618385575237,-0.00893803747768383,-0.0735982264650409,0.340916210850656,0.0598424366394577,-0.0605724811885422,-0.131062628347239,-0.0203735623613196,0.392706744879921,0.0190293127340816,-0.0252229835943312,-0.0595297060653105,0.0324549117730374,0.0498310176385034,0.0912365828092132,0.428769017782173,0.281193409542863,0.808316788362189,0.0138639658683908,-0.11335059193385,0.035483798122857,0.0421320770399509,0.553154393969412,0.124916365817177
"Jejunum_23",-0.186151731064557,-0.120531278912415,-0.00762425071440352,-0.19468819207625,0.00430651657384036,-0.0918382664540478,0.0147717690182363,-0.321357044559238,-0.180370174458836,-0.249240731311416,-0.393986318445568,-0.519175137118768,-0.519176536079614,-0.0651216555400603,-0.336095205826232,-0.321357044559238,-0.375333793245052,-0.383591808656722,-0.0448151064831642,-0.119480015707413,-0.115851714874901,0.301382148698895,-0.109851243949831,0.359144540706633,0.586645320766692,-0.144171827493799,-0.055611227460934,-0.314387116413309,-0.111267926817981,0.0271406543083423,-0.223938653486184,-0.0245610541617862,-0.142888021109509,-0.220495183467794,-0.00863189264758356,-0.0475639929333961,-0.137580980956592,0.202117408675434,-0.172310021421139,-0.0893261896494386,-0.519175137118768,-0.0203752132435693,-0.105314312156896,0.1302807326664,0.743587980506975,0.120703661631246,-0.11081939252321,-0.0821342010496098
"Jejunum_24",0.0823711308130833,0.035960433416369,0.0483986547506228,0.0156542435580426,0.00979851891308098,-0.213118534386121,0.100414198079003,-0.0657630280595803,-0.32947796007934,0.0354103966267868,0.0450316788128427,-0.192681419281648,-0.218200349633177,-0.0393833058091549,0.0809685129636514,-0.0657630280595803,-0.0773182856350697,-0.0621396677153726,-0.0871485383563744,0.140467124264192,-0.0853116302247976,0.108743388174319,-0.120801458407982,-0.159941495222725,-0.070574864280652,-0.113945236698633,-0.0989744789281739,0.952766874737242,0.0408491956442542,-0.00532244564730724,-0.0102727109442025,-0.00861662942396932,-0.0636898751526997,0.0530166025116238,0.00361825860490459,-0.0511980395889461,-0.027307223134018,-0.0583924487737393,-0.0618652759509459,-0.103202365030489,-0.192681419281648,0.0160259030930779,0.0479367583484884,0.0529210207853731,0.0611124194252095,-0.211287172483711,-0.0128064215030185,-0.0406898427304223
"Jejunum_25",0.0109614694459782,-0.0807033165004128,0.0932395886641557,-0.0212064552278745,-0.0347421384162353,-0.120557604681998,0.17595086665239,0.099500985722927,-0.203591799080961,-0.0040073111222448,0.0957616039547329,0.0333590388587579,-0.296762619450677,0.0790314347648767,-0.171268102575695,0.099500985722927,0.0850271730558103,0.082737915680136,-0.0469387120477114,-0.127564070863063,0.00578887235335521,-0.000842040966035768,0.0477749779989064,-0.217786078233867,-0.117912087840026,-0.140667212114361,-0.0503853401429065,-0.180617631616863,-0.087523968078484,-0.0898855970541213,-0.188807032720885,-0.106918977160341,-0.0619478481707392,-0.0463516272935029,0.0485580144927769,-0.191834641326648,0.0253577939305079,-0.0361841461117894,-0.0768757707651833,-0.0884619688348642,0.0333590388587579,-0.127542356857943,-0.0550059359599465,-0.117150134369874,0.00357138761300159,0.0462227605391787,0.0121981232704647,-0.0764574818408265
"Jejunum_26",0.24349149735992,0.149193096636422,0.0936496858930273,0.0922680329393132,0.187732334657269,0.00498211630948637,-0.034097976406618,-0.0167603642504253,-0.0746114389966102,0.18041751768137,0.332281650523001,0.422035776758198,0.640553006585405,-0.1172997178277,0.017290974253225,-0.0167603642504253,0.485476584855809,0.450002696397313,0.0894980499177429,0.134154174025764,0.0407802400359334,0.0791999178507677,-0.11033673429593,-0.184537925044135,0.0491777522434234,0.110968273318069,0.143578580914803,1.84331887649828,0.120084943900344,0.0147712686240253,0.316490665666723,0.177964250899587,0.571108288146286,0.0882739372235586,-0.0810506784461647,-0.0352968398107765,-0.00381874809820691,0.00547105286059906,0.188635760935661,0.408935099864679,0.422035776758198,1.16178094228423,0.0985745071680996,-0.00025219401255656,0.100976369441245,0.0369413499130262,0.529951580516522,0.173102222962556
"Jejunum_27",-0.0625194498680504,-0.0797180587364112,-0.131826333093943,-0.0768339596952911,0.00309326875103936,0.476132250989527,-0.110707459877683,-0.226645887100052,0.48711340645271,-0.16719535255029,0.04370292815649,-0.368023461515687,-0.557645795145184,-0.0931117892599661,-0.192840553756481,-0.226645887100052,0.0159272958654945,0.0379772785951398,-0.0191586075349394,-0.0752001566868175,-0.114266101657409,0.386519867494687,-0.169746382867052,0.430192300406664,0.129398199435341,-0.0572161770290096,0.125947053368604,1.32882128613653,-0.0446928268493164,0.0708090640084389,-0.0114695313774938,-0.0368092427655639,-0.0520404683024831,-0.13951534841633,-0.0577853724970127,-0.34410462526815,-0.25512334843956,0.0624708219734736,-0.133767283683562,-0.0295075432930457,-0.368023461515687,0.149917694448985,-0.00411937231336997,0.610589901539123,0.195988698884855,-0.0211144646083674,-0.0910861220921968,-0.0273042110159589
"Jejunum_28",-0.021598949514408,0.086339483998228,-0.0379442829844485,-0.101104799317389,-0.127090773384864,0.263136526106969,-0.0223379946301192,-0.13601316444987,-0.128724709720419,-0.0773954169444356,0.175290744824654,-0.102166749184893,-0.482694644705929,-0.0599807209417245,-0.266682031273046,-0.13601316444987,0.0804830537858647,0.0756295791085906,-0.0596496367383176,-0.0614044981044132,-0.132843458899963,0.526198547812526,-0.143036468909173,0.366208119393428,0.145781925427547,-0.228823312215708,0.0192689446372653,0.0545018828936442,-0.0200784063452614,0.0235402458421493,-0.0894895027680451,-0.0528079432919961,-0.178584843766907,-0.094922461935123,-0.0159691739690922,-0.236407056795488,-0.189512534003882,0.00990038474000883,-0.165067046829682,-0.15354653446256,-0.102166749184893,-0.00991867273577806,-0.0438973376023125,1.5043412279012e-05,0.313390268990526,-0.118609182656271,-0.166214502278519,-0.162412499905366
"Jejunum_29",0.165071639628754,0.156486952874295,0.0173729740221658,0.0979093540805882,0.00831433326281632,-0.0379712042764476,-0.109229820374621,-0.00746471758284144,-0.102070105109307,0.0789341742025142,0.287394657193229,0.211368663488899,0.357423042452871,-0.0477380927738077,-0.0785454019396952,-0.00746471758284145,0.358854132982679,0.364158664042848,0.0778096073771622,0.103761632730899,-0.196813433966574,-0.0644341846967176,-0.0878864567327148,-0.203221216526033,-0.0369132817161791,-0.125110151914216,-0.13450490141788,0.263619817955715,0.0594011215968587,-0.0182560537984299,0.102726744851963,0.0611757646348106,0.27262580199787,0.0440113023809814,-0.0670848510402099,0.146669525485624,-0.106924503647528,-0.0136888017093351,0.0176559468963257,0.35741824578579,0.211368663488899,0.689571049374933,0.0594893115772146,-0.0861132922268983,-0.0586841425708192,-0.0869330613065536,0.359187075131909,0.0814683252680503
"Jejunum_3",-0.0399687866995203,-0.0734604813738151,-0.0319445710415486,-0.0665131798884055,0.00860064447994899,0.0385249121752337,0.0466726799135504,-0.02277066588123,0.0184771562266874,-0.109345051936806,-0.0586316953149235,-0.222974625531425,-0.399201855542012,0.0421701195455783,-0.133391179817972,-0.0227706658812301,-0.0796221917779684,-0.0545612465319262,-0.0405338668969416,-0.111441883792307,-0.0394154372715296,0.456302879074474,-0.0420321080307581,0.0486614921027437,-0.00948286584315077,-0.0353153964333149,0.0313458163647306,0.589336874126539,-0.0624774684493434,0.00908904417617204,-0.0981449564102499,-0.0491020028528995,-0.0530445309049186,-0.0551587746498407,0.00862389191424852,-0.104916418490529,-0.0575765684270559,0.000726863895229346,-0.0666605074357918,-0.0920300003982596,-0.222974625531425,-0.0318013277636486,-0.0214769687792011,-0.0166803618424052,0.101063721682007,0.0260340664486075,-0.0316404609367371,-0.0428093386238504
"Jejunum_4",0.0973231009844654,0.0100192666714242,-0.0332413666525035,0.222329028746565,0.050030675075714,0.0212306413232572,-0.0315114905479956,0.00937626484181963,0.0051111209748023,0.151923394743324,0.310168020719887,-0.0332846122477854,0.0607668789439329,-0.0323341538131392,0.185921053253648,0.00937626484181963,0.342452500870848,0.324095934257816,0.0497768294802106,0.0471001947243515,-0.160050287731079,0.0428304037614223,-0.0994455635328373,-0.23395123178125,-0.115151115021537,0.402543257737632,0.127534738331613,-0.0291109860404914,-0.0166043952620822,0.02553392328657,-0.00808714883547083,0.00255161105762221,-0.0352450383701137,0.138799307291957,-0.0274324877898265,-0.114100223382771,-0.106007339938323,-0.00575401154904671,0.164961192179969,-0.018258429724234,-0.0332846122477854,-0.0957652057428128,0.0537067965095365,0.10609504112038,-0.0515095827541557,-0.428217960441359,-0.0219336308949265,-0.00874847512046369
"Jejunum_5",-0.048831722886346,-0.138840109047113,-0.0558541356804723,-0.104945852136075,-0.126159217189052,-0.246992979574799,-0.135624744019956,-0.0419658940571068,0.00663973614964596,-0.14205597447093,0.028775255599844,0.2154071441545,-0.272003790226585,-0.0264175925818439,-0.000344739166737741,-0.0419658940571068,-0.0281587272165488,-0.0178659369865917,-0.0223982141265283,-0.00466732475242711,-0.213487776446856,0.522482899754376,-0.144736632039206,0.0241312888796568,-0.0820712070563528,-0.0762461880018634,-0.153372598346018,0.0429951986934715,0.0135598028102341,0.00418266653810456,0.20050505908047,0.0512596543651601,0.0716499597828459,0.00100200479001036,-0.0161717862852471,0.499122111458604,-0.133732021423997,0.0538759012926729,-0.0318385506249182,-0.000895468822705481,0.2154071441545,-0.0784384089608037,0.0912307156234881,-0.108116871820095,-0.031990354419768,-0.211910048510835,-0.0449203050261873,-0.0251421822486388
"Jejunum_6",0.0982737250365314,0.0821194256542113,0.0313238410953675,-0.0666432364484706,-0.0220372290809172,-0.0134087941334049,-0.0839216866151321,-0.039015858615929,0.214762005543736,0.028710467925513,0.0355987474067652,0.102764946749559,0.326726214727062,0.119405385928978,-0.105333407390719,-0.039015858615929,0.139865528655316,0.109430603062227,0.121686426503734,-0.119528349254452,0.00500519686107214,0.310936344623199,-0.136881720835806,-0.0544516345447741,0.175517485775564,0.283582230091106,0.149000172319859,0.404889781120172,0.112660483678864,0.053749312739531,-0.0862283881999212,0.198125505415599,0.57068432175921,-0.0272629900937135,-0.0821347654859004,0.265685222761781,-0.052639020655477,0.0699182357156162,0.423991991722689,0.509027024162638,0.102764946749559,1.2299181209015,0.115016967528219,-0.0648316696408927,0.299061899595482,0.295255913796299,0.545109111223403,0.213024829349575
"Jejunum_7",-0.149073521085597,-0.023702765482331,-0.0164519197598389,0.0279215118128081,0.230755628567546,-0.10099333492217,0.0480259938922124,0.0382281880980211,-0.155054351583846,0.0113947453569006,-0.235552299548275,-0.212860838794724,-0.140349957921564,-0.074015616762824,-0.194633878502687,0.0382281880980211,-0.181248693908862,-0.237048105661306,-0.0692278512041656,-0.0859816074392826,-0.10330390922514,0.378574116423187,-0.0516113310035253,-0.0057489187852841,0.26171393376374,0.246115222399675,0.490709290616884,-0.281963257363462,-0.0520472196178844,0.0972340299310968,-0.169528627270075,0.0166419832871761,-0.0441218862684243,-0.0834829003990297,0.0158862940042657,-0.0210279826450103,-0.0930080653029436,0.00590813354456085,0.0693678523524242,0.0620695130798815,-0.212860838794724,-0.0887420622338602,-0.0780371400514801,-0.119924131237869,0.331054962274471,0.828957349352241,-0.0266837609097729,-0.0283172024427033
"Jejunum_8",0.0928265692132775,-0.0543541785351328,-0.0365210961486327,0.0248509872560043,-0.0577869935439128,-0.13008581421835,0.0606005305935282,0.0346606400305707,-0.117204101684686,0.0489277667835771,0.396458544592366,0.334847707035031,-0.250702315294133,-0.00335932352487956,-0.121801473736766,0.0346606400305707,0.375114322112338,0.35886627904832,-0.0312556174441407,-0.0107792480640844,-0.122257525714725,0.246337202557668,-0.0652995405482854,-0.175733783415027,-0.0987096596138165,-0.164491961443902,-0.0495108168358165,-0.319068517678077,0.00809006065015701,0.00303271172911231,0.106984710027443,-0.0924012401170927,-0.0133226083349675,0.0234167853337666,0.00328376352298387,-0.196114038695682,-0.0322778922551974,0.0340199386060928,-0.0317430801086601,-0.0600564808374681,0.334847707035031,-0.0484669184749016,-0.0103894678626204,-0.0860775094893812,0.018448403702631,0.681837011776368,0.00891995122864182,-0.056770794423511
"Jejunum_9",0.133757314109338,0.370341720105691,1.08130629769719,0.0609073179138507,0.0749908680488122,-0.157259170357368,-0.0220814579107685,0.00103460624767504,-0.173370630289079,0.122486014206971,0.169842212719298,0.104275270463769,0.139109645112482,-0.0495107513979483,0.0892148075884595,0.00103460624767503,0.194253943709822,0.189999127432479,-0.0152922964549194,0.180862033997406,0.139293264074658,0.153092627563872,-0.0910747302667783,-0.0969620681561729,-0.0834048493810052,-0.14903113016492,-0.105217086030056,0.698852663422786,0.0188099329716922,0.0608904571312632,0.127993407529852,0.112775818937618,-0.0815795627374237,0.0868528676294633,-0.0189133632635522,-0.0586561539732195,-0.0892785015104837,-0.106897843676556,-0.00731115736609114,-0.117987147970419,0.104275270463769,-0.138201700963168,-0.0224286111783563,0.143326817749646,-0.0206599288770891,-0.157014283494679,-0.0762662316414039,-0.0320297238324773
"Kidney_0",-0.211813917753266,0.342552718269919,-0.0848449465177756,-0.365252317614888,-0.198303582124542,0.109849522106884,-0.113558943935062,-0.314890250985469,0.626693849248088,-0.29804236612011,-0.628214127726724,-0.700069880911836,-0.765082355947609,-0.0847291720114344,-0.454267555164094,-0.314890250985469,-0.627984382472319,-0.67230788263158,0.174237709636755,-0.189100157297663,0.0249935578467646,-0.315757987225942,-0.311336965819877,0.613040087715659,0.509558768069167,0.00429797911224861,0.807681851070813,0.180731099511356,-0.00353088005598682,-0.00194364192878646,-0.361502284377195,-0.0877352670454868,-0.175550672167074,-0.387714401427277,0.119783997204426,0.0643432092428086,1.09686033628153,-0.0828468012515894,-0.0335607616334768,-0.107416484722031,-0.700069880911836,0.0585809392508855,0.0849928973015825,0.260948184112348,0.155093368351454,-0.376776515027162,0.0910329361263133,0.228861020094428
"Kidney_1",-0.214155397760854,0.331639597740602,-0.0821854060432373,-0.287254722371615,-0.171555084235898,0.0190688942483145,-0.131289467333135,-0.295595725264827,0.499109491508637,-0.251637390857452,-0.625131016907096,-0.681019233629575,-0.740801457640696,-0.0724916716343058,-0.450936236011227,-0.295595725264827,-0.621949920126022,-0.664567189379231,0.0776436626141767,-0.212035271183704,-0.0169676096657149,-0.317975339007394,-0.221141154423207,0.542604429764504,0.480401065647498,-0.0166428201488204,0.609474008998187,0.21397799892688,-0.0213940226045688,-0.00731352847732159,-0.334411851462705,-0.0917772916966226,-0.181561954103327,-0.360738871037134,0.17482622853368,0.0678181422231647,1.35482595624623,-0.0977186694025002,0.000985843311835247,-0.099216533606437,-0.681019233629575,0.0259943801723184,0.131255770114152,0.243660440859278,0.143735297576564,-0.444433717826175,0.156377507516863,0.282612965741691
"Kidney_10",-0.27017637939259,-0.083639159771455,0.168490269576132,-0.188800513257705,-0.223138667547072,-0.0370650189651822,-0.0194223319237739,-0.115178613519913,-0.0353742040961195,-0.198125100284957,-0.609018968600451,-0.619934876472974,-0.660137576794053,-0.0543873686361302,-0.377335783686035,-0.115178613519913,-0.53963689193827,-0.608395985625146,0.158191283544308,-0.30199801522588,0.688693989358647,-0.32782939201603,0.372536793504063,0.321409107434198,0.120969533921512,0.458448542395034,0.206174741311375,-0.189043195536469,-0.092179037767273,0.0632034306901906,-0.265578085034424,-0.0796478249972195,-0.201826317631849,-0.278553655233125,-0.011402811472021,-0.0116482097971275,0.367184600105694,0.00840913002139755,0.0979077643248731,-0.158340128587401,-0.619934876472974,-0.0816737599515235,-0.0320596883048344,-0.071276339599033,-0.0497979799517911,-0.23240300546713,0.020246653917826,0.0402448994127414
"Kidney_11",0.20829617419787,0.374208703402267,-0.0365011420034531,0.0170568317066802,0.595023644356646,-0.134924865955213,0.00954030420555058,-0.0057310313452795,-0.271989333600218,0.431201794436247,0.395096369709747,0.665605469784929,0.46689362218359,-0.0370119024027133,0.342004450959254,-0.0057310313452795,0.276639694235444,0.287083433818001,-0.0919219975987128,0.680158709225456,-0.134759133293317,0.110628468270716,-0.0785902714233486,-0.100156702285162,-0.0803452808034561,-0.0253997822456778,0.0644409253636837,0.248766358598787,-0.0206301620807236,-0.00718043378804007,-0.0698801874857817,-0.0575218160972824,0.125375507514083,0.171858106405056,0.271184140678136,-0.0833789981363987,0.190138030463201,-0.0935812279844202,0.126181250563758,0.0132441413334754,0.665605469784929,-0.166120868734379,0.0777657589679533,0.163556812510299,-0.035359733659647,-0.127884124974272,-0.00500541022319461,0.0358575835082845
"Kidney_12",-0.0353967878602472,-0.0257706436013183,-0.0588424166112353,0.125492279135896,0.0620838905866076,-0.189286881861975,-0.019835704555822,-0.000812863354770281,-0.24924486873773,0.0278989291420638,0.0614221904113801,-0.203257084870135,-0.060499690102019,-0.070671543345748,0.108355378895297,-0.000812863354770283,0.103613779546814,0.0207213239720631,-0.0371040951407769,0.0858446486717595,-0.16239075973461,-0.107793513601447,-0.0834021951477865,-0.205612608647367,-0.123360851231571,-0.0499712453424988,-0.142749501109005,-0.360494524107327,-0.0515270057609994,-0.0515970751163917,-0.00298260654292033,0.0215793819219597,-0.0848436153979882,0.0277900094658714,-0.0173649537528483,-0.241177156304336,-0.0409910846477914,-0.0917688344761038,0.0631497752411617,0.0824207672136062,-0.203257084870135,-0.156488628114927,0.0406148483607679,0.0705451490809915,-0.0946410033638925,-0.366714642828557,-0.0186464546366049,0.0122003968207813
"Kidney_13",-0.25324207051566,-0.0847497009886488,-0.0141520362641235,-0.131062182374897,-0.224157611245902,-0.045318980461705,0.0279120129906211,-0.0991041580707441,-0.197090867204916,-0.282948860497253,-0.588955348429357,-0.608380197155091,-0.662030670521557,-0.0749296394398638,-0.335323585281075,-0.0991041580707441,-0.527351199438774,-0.589954315688715,0.00363205353589235,-0.255157167151193,0.0997572614647752,-0.19404692204617,0.13196371517687,0.314993544541607,0.142764512527132,-0.142668613275663,0.325965766365996,-0.231527278568433,-0.0560690963107275,-0.03692263603918,-0.223425998454184,-0.0254948339266031,-0.141684796477331,-0.255774693408977,-0.00730309730941916,-0.154366705455883,0.391796421622404,-0.0594752357208352,-0.090525131197923,-0.150422035823374,-0.608380197155091,-0.00929569898513015,0.0738745622344333,0.0737392157256334,-0.0532648766803698,-0.280025133484205,0.0378486774795831,0.041676339997123
"Kidney_14",-0.271282203063655,-0.102868342030189,-0.0930755211969295,-0.211051203305445,-0.23375221616716,-0.0425408578791573,-0.0300398232074072,-0.251262591745901,0.389803677757182,-0.234911240755915,-0.58470180910242,-0.632694099414122,-0.727118488856823,-0.142345992104637,-0.409406461804243,-0.251262591745901,-0.549315725014861,-0.590549853081783,0.176483132115843,-0.155320010951834,0.0352888204542244,-0.348231855728805,-0.113812460009716,0.352787977304959,0.255759444166682,-0.110245776661163,0.645079866204305,0.109291195192588,-0.0524291453350356,-0.0556969704572179,-0.192959056808584,-0.0253155115943228,-0.222955501914004,-0.300194378856034,0.335708298431764,-0.0862715567532833,0.506107393078862,-0.0356066693539395,-0.119747666072884,-0.165540479988986,-0.632694099414122,-0.0816489466366971,0.014116773589939,0.13127585775213,0.152604987565091,-0.275768661401725,0.0181337366991421,0.111976190727149
"Kidney_15",-0.0845695010232559,-0.0346821022215613,-0.0915709474708889,-0.0202254180740768,0.256185755817613,-0.189617884251978,-0.0462568229242703,-0.141208507504253,-0.471320478028483,0.198897050118464,0.514837318312162,0.847045698916287,0.329593948567679,-0.194157033816376,0.176218270890992,-0.141208507504253,0.737132672506004,0.54546832898182,-0.107426354802403,0.587893930950646,-0.241137324269411,0.390885454235707,-0.242306477110129,-0.188420599174922,-0.0477866347228208,0.109725422693435,-0.190623594131058,-0.460439632388256,0.101222376642681,0.0981605493845635,0.282582272294874,0.0748756483037451,-0.0182371662031345,0.364789015389885,-0.0699478935824686,-0.291731787554801,0.176231789405086,-0.0866742780274383,0.129951646052394,0.00791492123224701,0.847045698916287,-0.170900365934594,0.255245296729003,0.556760290612262,-0.0407539691052692,-0.171770870224324,-0.197256643739309,-0.248919981829617
"Kidney_16",0.0166469149151907,-0.0999183816154727,0.00198035124051569,-0.101590243339391,-0.0454448124489296,0.0790601670087315,0.127156468173722,0.045275092149347,-0.301966588489674,-0.0874071663043527,-0.383019351728172,0.0834328836371391,-0.171256705582965,0.449861372814064,0.337065697108175,0.045275092149347,-0.327680973100182,-0.334381011675975,-0.0896203165774858,-0.0217288693227091,-0.0388696432175096,-0.134422539613934,-0.01031385434261,-0.17240712997661,-0.064008197033109,-0.123936318798337,-0.116167966108087,-0.223312396822885,-0.0802645759712082,-0.0474676097658117,-0.258945776743253,-0.0182147709224365,0.406025494592605,0.184162146606695,0.0397987207426774,-0.175328115755953,0.542310144504018,0.0806720430403619,0.189077544814082,0.106393057953837,0.0834328836371391,0.552179872584149,-0.0418646103853544,-0.154937523782964,0.133456166065051,0.24281456714102,0.227988164983862,0.0879666569803582
"Kidney_17",0.0156269036336091,-0.054050092976758,-0.0765324814791844,0.0399666879836808,0.16599967290344,-0.275180431713058,0.0791722508479595,0.0150268767784177,-0.238873283687437,0.116669147429044,0.103186187488596,0.0674256642507926,0.0670379397723125,-0.0571008816393956,0.204205535487292,0.0150268767784177,0.161220886544668,0.0709409786970826,-0.139336380227584,0.350218173708859,-0.0940945795782525,-0.0531536236158655,0.0110425617576572,-0.176711354450675,-0.110320701856586,-0.138725852203424,-0.116272560784173,-0.182455178818719,0.0180811803510792,-0.0375983779889008,0.0902956333421473,0.00627523943851477,-0.103166751899893,0.0876688702325156,-0.027022330758165,-0.139944154475315,0.0487132602338709,-0.106596459420312,-0.0224626035027393,0.0316675282385922,0.0674256642507926,0.0196409235873801,0.00906337318058088,0.0504019016887448,-0.105159932618339,-0.152437770158349,-0.0723746192469045,-0.0584339653453445
"Kidney_18",0.00283060040219998,-0.029656153899895,-0.0587169320140121,-0.0405761285755121,0.190043688345728,-0.217182780177015,0.0353451424443153,-0.0493464398308389,-0.307699226696187,0.103180817700573,0.170031196591659,-0.202858470203869,0.446489529794695,-0.191795994256548,0.259320448891095,-0.0493464398308389,0.170387504063802,0.141779600055065,-0.0316816167843025,0.0834998262227767,-0.0801250298394331,-0.0178063439828719,-0.136888571147076,-0.19088070828008,-0.10666299898408,-0.0871043861230033,-0.161597999544336,-0.302322617127161,-0.00191260365290402,0.0292874577955663,0.336224123693039,-0.0269499131788047,-0.0145596271244151,-0.0331186683699255,-0.0428172672457378,-0.125202104194875,-0.0557977787454042,-0.105427210810043,0.0272814972297759,0.0763134615924916,-0.202858470203869,-0.128728688960874,0.0436389587836835,0.0271971981945919,-0.161512238933298,-0.313525046873341,-0.018649890103484,0.0736593134710726
"Kidney_2",-0.279072485184878,-0.12039827397061,-0.0356925412582558,-0.169224794430402,-0.231640562360189,-0.0679467530222361,0.142803622008088,-0.254070530864411,-0.199811031144389,-0.322843080467494,-0.695436952571438,-0.622462990620288,-0.700847491915233,-0.0777959197187675,-0.386477486519348,-0.254070530864411,-0.602232763407229,-0.712375508991772,-0.130901727155485,-0.314455194380709,0.0554241277256899,-0.180446271036909,-0.137259701917523,0.247956409837056,0.239783801590105,-0.0842090712069297,0.58844586742452,-0.298742522207659,-0.0170540242044093,0.038111465792594,-0.258296025730518,-0.0430142168825317,-0.187766070302576,-0.116375930753356,0.00563356805855471,-0.233904970481355,0.344996254619965,0.0595441520078073,-0.0948025381786591,-0.131760366705134,-0.622462990620288,-0.0199607213916907,0.124886530144552,0.223835692271448,-0.0117894425049702,-0.166595732195803,-0.00125773147697431,0.0135118708861089
"Kidney_3",-0.227787753114325,0.334303639726696,-0.0913578638669037,-0.420966702047204,-0.210210805145078,0.0588905706487391,-0.0988611468578826,-0.308136272310157,0.610483906069679,-0.314314386901293,-0.62857491310077,-0.711813653424199,-0.778172723101586,-0.122442090815662,-0.451578661350497,-0.308136272310157,-0.621150839648852,-0.675274882349619,0.129327375459226,-0.141350023879841,0.0668606197654263,-0.331595689223467,-0.398421754142918,0.558578812971996,0.532987806824641,-0.00935210684884258,1.04029004797632,0.147151778930627,-0.0216317865955112,-0.0210275734357444,-0.3670051754356,-0.129768046334145,-0.167405441390042,-0.390292553215209,0.0798232603083557,0.0196058397011861,0.751047377324152,-0.0981784205024566,-0.108377143299905,-0.145827937501979,-0.711813653424199,0.13607514902307,0.00346987995323036,0.310608428585376,0.241023942336903,-0.182064073458071,0.0599056374493502,0.17109043210522
"Kidney_4",-0.0474941151416739,-0.145490282884257,-0.0535259384575964,0.0451713948807885,0.00401958847780315,-0.201493820874008,0.0230799267256021,0.043052439976179,0.017017400752881,-0.00305738660439931,0.129474623702389,0.00492972259034879,0.178682997547792,-0.045755897534098,-0.0872892326360677,0.043052439976179,0.00346054899566446,0.0289755156832825,-0.0473188072984968,0.0236410616999294,-0.155835088738594,0.3644224210548,-0.0830680964163297,-0.191019405115221,-0.176209811928316,-0.108492093184049,-0.146813773654181,-0.190870584842762,-0.0461841231379847,-0.0360081787206796,0.0388607430976059,0.0273056855423287,-0.064681358923488,0.0565441701974945,-0.0151798112998489,-0.026412659356763,-0.0268052829635866,-0.0188065437416995,-0.0266814769209849,0.0213427878669015,0.00492972259034877,-0.162115087716552,-0.00476441658377384,-0.0580882265512552,-0.0524443485108544,-0.00711713591865825,-0.0545356167436289,-0.0473545781599703
"Kidney_5",-0.244785090574507,-0.0777724272421432,-0.0261511549098333,-0.125014324668425,-0.208235693397198,-0.0754701769516929,0.0266301523829691,-0.0750819223398265,0.0400183242116297,-0.162311489177739,-0.557741572160437,-0.603972439113871,-0.62938770653672,-0.0529007914117641,-0.32231637824501,-0.0750819223398265,-0.530550208076965,-0.542992390675511,0.0616162484132633,-0.304659703458041,0.134453784180183,-0.286361107133713,-0.0591673773947356,0.0956679965503843,0.0708300440783302,-0.0473161896697538,0.230025774651063,-0.296848918151747,-0.111243031753037,-0.0493138245733172,-0.291342840865397,-0.117955644474679,-0.20981674295591,-0.241722864238568,0.085768492549067,-0.0715969729127069,0.409567420371841,-0.0900507079062651,-0.0207670926087465,-0.144569019030582,-0.603972439113871,-0.0702979619685051,-0.0541668405412806,0.119932870553373,0.0111710885304364,-0.300751956004571,-0.00811004435016576,0.0862397807595581
"Kidney_6",-0.213248967612453,0.338764875553113,-0.092943897555123,-0.299138567411746,-0.140974393036465,0.000292014135943156,-0.198480262294143,-0.323028211380144,0.568953935438052,-0.241978108417305,-0.640021928399321,-0.701031353923704,-0.749098086178164,-0.082258595412124,-0.47652935655251,-0.323028211380144,-0.628501961995183,-0.67404933816456,0.019059760767778,-0.211206482033187,-0.0372259158467138,-0.297524967081037,-0.150615643831336,0.621911267797576,0.484709836812694,-0.0407436950665196,0.498263730222558,0.212699896179613,-0.0232803669853728,-0.000967544046090052,-0.328537605506017,-0.092282172721338,-0.221485738601964,-0.367350946549783,0.0219768134554048,0.141907605762189,1.5259005475149,-0.102101551034684,0.0182508330778536,-0.0758215499874243,-0.701031353923704,0.0457801536876618,0.198867822723638,0.221900099010854,0.159873039079369,-0.449860664051678,0.207402139052209,0.328663018466091
"Kidney_7",-0.110885681752799,-0.0817599902891036,-0.0584712302372644,0.0679687826262188,0.0579224586216818,-0.10840439053216,0.0128441252982287,-0.0100787207903256,-0.107956774034466,0.0436264140012613,-0.0733587056607923,-0.0654902309644572,0.600660051477051,-0.0380271974981156,0.0251459699107443,-0.0100787207903256,-0.0436443474689683,-0.107867517714995,-0.0501817923116975,-0.0778462942400132,0.248274165214188,0.286821737519334,-0.0921570340169171,-0.089721206357724,-0.045291184071586,-0.00814126535763909,0.0442162003766895,0.30168817913647,0.0230248026524745,-0.0324707702786537,-0.123744439660622,0.0413427866167854,0.248736751473861,0.0806147286522743,-0.0279925764948906,-0.0703931969908036,0.349675766851049,0.0588567369278597,0.199276320197561,0.327918348173896,-0.0654902309644572,0.294777078906311,0.104681072600998,-0.0182397740867012,0.231757307175927,0.48515762671367,0.244620502878054,0.186743739926489
"Kidney_8",-0.283837185199585,-0.158531188059048,-0.067863491983757,-0.14440873393936,-0.272663326889798,-0.449526089559148,-0.0207642674634351,-0.475568231434686,-0.191856970712601,-0.34964032095878,-0.564741403815352,-0.622883588734997,-0.61295195422234,-0.113138715608567,-0.4188118823595,-0.475568231434686,-0.530003420305792,-0.563792275053086,-0.0876194462544493,-0.253846559676017,0.000942093345998971,-0.19722051957265,-0.14697642779846,0.769180919288421,0.204542575758211,-0.10802959787212,0.434670666345271,-0.35597184652167,0.0472944081353355,0.0418578328162083,-0.27186626621203,-0.0401681328954156,-0.18944596041558,-0.264460797423329,-0.0574898232792246,-0.152508587413963,0.233607443413908,0.191491994022105,-0.139369411945246,-0.116574697162994,-0.622883588734997,0.941617202096357,-0.0279867644230436,0.12644316945685,0.0568797078625404,-0.216010570203751,-0.112428974699321,0.016421080970435
"Kidney_9",-0.308437644733325,-0.157794160563704,-0.0409647375229329,-0.194025179774923,-0.275490235368266,-0.198443942172665,0.000552397745277015,-0.823612013210707,-0.197403401564277,-0.375929785053952,-0.753656378522743,-0.724676174964428,-0.71084066296908,-0.0931564046011188,-0.408724967017892,-0.823612013210707,-0.633979893106079,-0.779750124378554,-0.14056392808099,-0.33662498035648,0.0821500935845141,-0.0392699248760755,-0.195031285361869,0.408558825199855,0.329073868449141,-0.105416382107884,0.551030465840736,-0.385299934417245,-0.00238581480110459,0.109397140197333,-0.260752522849977,-0.0106959493038731,-0.220534522260152,-0.220551194870909,-0.0353161073052545,-0.255282948712194,0.205522763149814,0.106319958801692,-0.137092845753442,-0.150658413923871,-0.724676174964428,0.0148735625988672,0.143702916457631,0.179942485286308,-0.056357393505691,-0.191702855434955,-0.116183444108776,-0.0381131838276441
"Liver_0",-0.243779888904198,-0.0368907897540767,-0.0660055991607889,-0.0497376700847417,-0.242856039724897,0.0338638593000244,-0.181850744145398,-0.126308541730245,-0.104920877345913,-0.236986323892253,-0.575854780803724,-0.573701414075029,-0.67388359434035,-0.107896722554433,-0.154690016988643,-0.126308541730245,-0.508330273783816,-0.519772915916158,0.424620142900217,-0.378530902353032,0.0662163355022591,-0.31145462879087,-0.0846022874749075,0.348038048607213,0.140941069446818,0.0387503921301878,0.246766531243282,-0.365650498986521,-0.0653694161939263,-0.0776421997292993,-0.257279251137191,-0.113863127201887,-0.180545187457481,-0.294133414662449,-0.00812231794323809,0.269523857890962,-0.208926327626848,0.0505432958220345,-0.0943176987708185,-0.174435539968634,-0.573701414075029,-0.0016129029319708,-0.115759385782292,-0.107764515519737,-0.0653042755907383,-0.264326722334177,-0.164498287266109,0.012226112598953
"Liver_1",0.164908957095518,0.973483511751498,-0.10991406597591,-0.326795866366109,-0.0581198531827382,0.792745869888288,-0.460510574112705,-0.180487383775191,0.0924344869149078,-0.25836682690001,-0.653008416983084,-0.733375836691991,-0.731763156394031,-0.151984290471758,-0.392544304651196,-0.180487383775191,-0.662633242473341,-0.64380130213265,0.0531355674290436,-0.40749615054385,-0.00573579217132115,-0.439155895254949,-0.369471215811299,0.270526391348014,0.361105529994829,0.199344705101716,-0.248414479678682,0.14514897664617,-0.0267334085312505,0.0658106973084817,-0.383522551251295,-0.212893324718532,0.186841571469558,-0.442236390705609,0.0139125958912511,0.305633226571425,-0.363778113556311,-0.087021746650806,0.122899120983497,0.0662462745570554,-0.733375836691991,0.283981198402914,-0.153201267130246,-0.0631885058396703,0.0197495352522538,-0.191624356008732,-0.136775166808078,-0.0187602680208487
"Liver_10",-0.142547449161751,-0.0549292435239545,-0.105059255747936,-0.00870242955830342,-0.14096549625322,0.099927708323268,-0.201648136568441,-0.0974132776814565,0.270452952531513,0.00220690899449434,-0.0525965169381952,-0.181412677633405,-0.0837718819633823,0.00763620797154272,-0.0935700800540151,-0.0974132776814565,-0.0252153182186268,-0.0756596211723019,0.118721032831733,-0.0919100577722686,0.233701250607516,0.324254030533701,0.484669541141115,0.0930054566911548,0.142276339861558,0.330203240857581,0.125756053150017,-0.354234848143127,0.0766060530537875,0.142882302026068,-0.122042255506345,0.158956936330653,0.355991047618522,-0.123580503407248,-0.0698067009002787,-0.24498186620571,-0.0932039036618745,0.23451913950605,0.201949746071962,0.748213645583034,-0.181412677633405,1.04160903569541,0.0704119076488014,-0.146398378374326,0.0364645958180874,1.61685123485631,0.387376032449604,0.158004850046715
"Liver_11",-0.087509104669043,0.00214292191838167,0.0517235570778865,0.0432857299302454,-0.113395178374634,-0.124906771855015,-0.11992735142896,-0.0129260812628321,0.0731802769620176,-0.118872377859158,-0.12826738987945,-0.100521252890605,-0.13934988013489,-0.0658353040203482,-0.180836707904879,-0.0129260812628321,-0.167191929038781,-0.149169342406105,-0.0138696173554138,-0.104352248123329,-0.172252227874385,-0.130087256803749,-0.0999730626668061,0.098070722154049,-0.061810175663087,-0.214866573631181,-0.151039029674644,-0.197455926667327,-0.0478158388395813,-0.0603198365241477,8.05132699403124e-06,-0.0207594004359522,-0.0679468919014859,-0.0721731708872635,-0.0242605071369478,0.251923247551756,-0.145280457732946,0.0941389793550786,-0.0528658098679257,0.115101344931582,-0.100521252890605,-0.0700100280723939,0.0402041883200238,-0.119398954548144,-0.0314249796995405,2.03455057332668,-0.0625813041740627,-0.0151779751371936
"Liver_12",-0.0916970450156247,-0.11884141130576,-0.00886265585286707,0.0252287857985758,-0.026580686586331,-0.206968482156425,-0.0395624818059448,0.0297297193718079,-0.136945754225703,-0.0618568799731572,0.0330872883588528,-0.082377673704468,0.189093309468982,-0.0589430571576565,-0.137732999210886,0.0297297193718079,-0.0741755741219093,-0.0652977874822729,-0.0668039169052893,0.0296954549505838,-0.173106342265202,-0.0332311451247734,-0.110684949135747,-0.167453468472486,-0.197071061271235,-0.233216535517056,-0.137424268779062,-0.23814778758369,-0.0573957071073685,-0.0208245960314695,0.173226396901663,-0.00372625884694021,-0.0623704218443323,-0.0161050122995597,-0.0363825724922777,-0.0255844788615959,-0.0508632472790953,-0.0373336626051143,-0.0503934182967877,0.0604233537288625,-0.082377673704468,-0.156171835393903,0.00493854414226124,-0.0871158837687185,-0.0703154631976699,0.0281337108267553,-0.0195169098273847,-0.0350600478728492
"Liver_13",0.0178174662305226,0.0196049614537561,0.167251111857083,0.143942194145715,0.0255013255901149,-0.199188522677956,-0.0230207744598761,0.021757389668524,-0.32031024979046,0.0471349476405675,0.213582206157784,0.250322155796669,0.49643314945352,0.00936799528721008,-0.0482299794932616,0.021757389668524,0.127392381584064,0.160658454916503,-0.0749232253579826,0.243012373350487,-0.0849620841818482,-0.171997064116567,-0.138988308607846,-0.153538353345912,-0.165454417282266,-0.228828702893613,-0.147089110862989,-0.126444087877356,-0.0258759635398228,-0.0374277022709068,0.214748957173294,-0.0211475183032991,-0.00609344827083604,0.0764856375350224,0.0103529590926278,-0.11372995338365,-0.0807726130032954,0.0103740176425824,-0.0417178778701321,0.0878418426748055,0.250322155796669,-0.183307287362688,0.0440471228577169,-0.0727299902947911,-0.0705209705738745,0.0668671239627163,0.00454228507190287,-0.0396114789270925
"Liver_14",-0.0308626828984635,0.00228125439586988,-0.0393771062506779,0.0803023226746497,-0.0439521762987824,-0.00270222976765037,-0.0359616175819345,0.0101289113093459,-0.184458105522685,0.0071397361427501,-0.0159358086545957,-0.196401592069451,-0.202723822642612,0.0982829690515406,0.187619123093767,0.0101289113093459,0.00584070338491251,0.01209337020343,0.108836470766067,0.0774790762444245,-0.0753270862389669,-0.130023296626605,-0.0337237754440384,-0.112404528649659,-0.0376934369568385,0.140526950656826,0.0686866417306907,-0.250176566708358,-0.0487139417907545,-0.0828391433250016,-0.12164523505466,-0.0797658437983003,0.0108582984351036,-0.0227814720327148,-0.00934284238475809,-0.0559837594705969,-0.066480061527787,0.0172065022724911,-0.0457646830967237,0.0154375677360643,-0.196401592069451,0.0162295836075882,-0.0617782450025097,0.00295823817996443,-0.0597003736252861,-0.260035087681503,0.0837596403655295,0.0647939599147616
"Liver_15",-0.117313218225381,-0.137751816489488,-0.0704212377506904,-0.103119466996484,-0.147542277073198,-0.207053740529924,-0.110466142217422,-0.00593887932122853,0.197517092653197,-0.155654958745193,-0.158087321809202,-0.178065629886302,-0.187005896599574,-0.0466199011959497,-0.172748158863276,-0.00593887932122854,-0.178932778799599,-0.173400192593663,0.0165032823591522,-0.119256937500856,-0.204247496127068,-0.00146064609088917,-0.122271701581905,0.0378333456398818,-0.101283049810227,-0.248563084856116,-0.151234411545837,-0.275499776082828,-0.069389076173449,-0.0572735479329289,0.00856445312179484,0.0106181413297341,-0.0874162732205649,-0.0942437813310642,-0.0255243118859498,0.196153810437666,-0.107802271605086,0.0498272012204397,-0.0711021094792941,0.00598439478642878,-0.178065629886302,-0.103928945480162,0.0258800776058311,-0.163632234779405,-0.073091782609519,-0.0883022975813673,-0.0671493525311138,-0.02720917423366
"Liver_16",0.0645413416242863,0.0694535324175605,-0.052132266560541,0.23534297228736,0.0966902123614725,-0.105138772757792,-0.023271009013239,0.0216318721862429,-0.0110809434481273,0.171511548637251,0.31874133676931,0.650276768331647,0.958417763971593,-0.028733739315254,0.00107225917042852,0.0216318721862429,0.407943478297431,0.380441176627915,0.0687700114058388,0.216677257421349,0.0776312930325135,-0.0861167929876082,-0.117688926569477,-0.237268323348601,-0.0696216615115869,-0.100964499931649,-0.0637674200003754,0.0146339861395918,0.107744665812366,0.0662172919942648,0.189939581733383,0.0998093478552041,0.291304146589465,0.162226591646813,-0.0193296166597129,-0.172747370630031,-0.0237148013178148,0.0205984628197419,0.0845432271470611,0.386737013464731,0.650276768331647,0.157604792290925,0.126903993869279,0.062962566740462,-0.00229324980866483,0.0546952084640175,0.198441264677704,0.0660674300386609
"Liver_17",0.208461276480779,0.632805665530028,-0.0594298233230386,-0.101174175822284,-0.118167798375161,-0.0451114177795108,0.000441173613228284,0.325514118468173,-0.316827026226993,-0.119141327519285,-0.539827168344222,-0.51767299381032,-0.615854400660859,-0.0494221158804688,-0.32663427100066,0.325514118468173,-0.494128590908354,-0.530877098960688,-0.138128653424779,-0.348593230644876,0.0841234512373451,-0.352222961588712,0.000209747917434727,-0.097981038808734,-0.0533755683630981,-0.197720163710552,-0.0918333323706655,-0.106949609013133,-0.171951458184067,-0.180745845937534,-0.328023310132099,-0.136069126139528,0.309049721008095,-0.210510392541748,0.305892656625919,-0.0438953541302358,-0.0328770811256404,-0.0934051751309469,-0.0138459331669488,-0.046877611408121,-0.51767299381032,-0.10586230924989,-0.145375963940645,-0.260841720239945,-0.00763394997830984,-0.0509530137180306,0.0248583941942948,-0.0759982879259374
"Liver_18",-0.0150501393512266,0.223196030282199,0.0380917564866223,-0.0616353260311112,-0.105881643590366,0.011276688181334,-0.127447602427001,-0.0357278979364164,-0.195520327637892,-0.115323483705124,-0.385649443871693,-0.442013114740716,-0.503194028042192,-0.0662453208146742,-0.201229075668762,-0.0357278979364165,-0.339059738538041,-0.366146906891078,0.117005475698911,-0.300735289540722,0.743116275901071,-0.31552543963214,0.135234764245275,0.197093884087123,0.0175324787206238,0.00333833894149436,0.0746941356808513,-0.151776115820046,-0.0577455887093648,-0.0581245647093038,-0.195260073888374,-0.0686043337166209,0.0385825727931773,-0.186777196823268,-0.00551393389543062,-0.00533326319185368,-0.117163852930567,-0.0715342772552852,-0.00552471102703111,-0.0855605375848208,-0.442013114740716,-0.074030801500255,-0.0766424340715148,-0.142829755396756,-0.0512945721075717,-0.19671188045209,-0.0749007195154035,-0.0592033628402714
"Liver_19",0.0676818865592298,-0.0559319394853608,-0.0955131518002294,0.270446103671961,0.0377442566669139,0.164116412438235,-0.0641197711039761,-0.0266071209788603,0.214338187897346,0.120782725433781,0.400723217235251,0.401691784361113,0.450641260072048,-0.182527113906349,-0.00114703571453362,-0.0266071209788603,0.396670218045665,0.408028882712521,0.0834841488062961,0.164387316024364,0.0167785974327305,-0.120016573486464,-0.107379412953732,-0.181820690444203,-0.0792018097856935,0.0405526326740784,-0.0166580292232816,0.365452128878716,0.0616182644987675,0.00762526824078423,0.339318715942191,0.077914527773905,0.191513574006388,0.11273337468466,0.103820196615324,-0.143370085255453,-0.120415477833399,-0.0132748682247721,-0.000153806186867498,0.225758830576978,0.401691784361113,0.135099479909698,0.08521429778217,-0.0580959245243007,-0.0479250976594576,0.168703696763913,0.0710253242369947,0.0206171001951174
"Liver_2",-0.0770218928552957,-0.0801452126576798,-0.0409230737790847,-0.0953214510138636,-0.132101330983289,-0.163529265655277,-0.0903923110247083,-0.0230818513594242,-0.0140244888705198,-0.153227480749652,-0.165245282434853,-0.12432008311594,-0.268960814887821,-0.00317987669635191,-0.132819341052082,-0.0230818513594242,-0.193655209966437,-0.190884895258732,-0.0328465245256098,-0.141920253208047,-0.170087073164637,0.0508532709421899,-0.0895566472102935,0.0269360438041077,-0.0552548489291786,-0.207504790781509,-0.115073222636537,-0.0995905539962306,-0.0590893820935019,-0.0240822246891932,-0.0701557145204491,0.0133349545082622,-0.0687379174122785,-0.0885585513002728,-0.000770138202295118,0.264383876742058,-0.113673483912321,0.0531457264137618,-0.0403651467199527,-0.00744518692938566,-0.12432008311594,-0.0791686384920037,0.00665447701107844,-0.147484972943006,-0.0399298421057864,0.00795560409780591,-0.0613596066769969,-0.0382420520334295
"Liver_20",0.0673168834094679,0.0198208816306156,-0.0829275422044525,0.00622860936583809,-0.103633790946341,-0.0720975762229428,-0.0169555897670776,-0.0178409896777497,0.0011339064704717,-0.00784567238643174,0.246851932198352,0.196087088096624,-0.297058889762208,-0.0615802338176293,-0.186966194903888,-0.0178409896777497,0.254289118288152,0.24376129677931,-0.0111284120010988,-0.0618143584609122,-0.109132280703951,-0.00721212247363494,-0.0949510581105171,-0.0467037124757295,-0.00925034848176182,-0.161010824981437,-0.0294709940372135,-0.342356452184732,0.0179254511781223,0.00664211816758597,0.0282256721890509,-0.0856597046916067,-0.0143838927934667,0.0546153265676875,-0.0320966261456619,-0.190761469323704,-0.060143166950993,0.10647828276102,-0.00307390411303974,-0.0229031465615862,0.196087088096624,0.0346460068414389,-0.00202559224205098,-0.110038845104855,-0.0207777335349111,1.40897522225141,-0.00441543268460821,-0.0532231681712642
"Liver_21",-0.238693103837012,-0.0274886386666925,-0.0540344353740366,-0.140909370228904,-0.260039172978393,0.0142453407931547,-0.145257759737798,-0.0344088905045027,0.123353091927903,-0.287774004971384,-0.512633771214089,-0.483872404667409,-0.641119257488386,-0.134032646263324,-0.322743669106722,-0.0344088905045027,-0.457118077333514,-0.499355238650202,0.0423345321030976,-0.413324097938974,0.653799747798395,-0.172637673974023,0.237009864512237,0.258000030849152,0.310870546960203,0.155604141885079,0.441204552013146,-0.320464650975703,-0.0309711237542522,0.0451670505344663,-0.257144707755499,0.0158604960336391,-0.039187248728519,-0.262940436410172,-0.0365859058559421,0.0862092841108679,-0.137197167072917,0.153948458772889,0.134289126452915,0.237657038376867,-0.48387240466741,0.344371916111102,0.0614398519980631,-0.102101533858622,0.219509626236043,2.50311988083136,-0.0316339605062846,0.0517366225967203
"Liver_22",-0.121386763887319,0.0598792713395985,-0.113324212700782,-0.0641916980492369,-0.104229998026423,-0.0634232151920845,-0.115442232072399,-0.0221055337209257,0.0398818582118068,-0.13270331748761,-0.173613135442966,-0.24934199898286,-0.0503012791596782,-0.114897725924439,-0.184440065216197,-0.0221055337209257,-0.176239133507266,-0.189365139605108,-0.0643856435981768,-0.135025147685136,-0.177040468105186,0.107622827423267,-0.124040852457026,0.0229613065553117,-0.0580289231743192,-0.198949816099543,0.0320614905515103,-0.307185407648986,-0.0226176202594927,-0.0209437262378793,0.0665410916549449,-0.0152139167353528,0.131433618752628,-0.00973120546863887,-0.0234727693817185,-0.192762747106699,-0.119684715889429,0.203317894949059,-0.00467170889280195,0.277381974453249,-0.24934199898286,-0.0620597332702227,0.0419975858465388,-0.0504321279098242,0.120789979014149,2.71612590250799,0.134892674656372,0.0592761943339198
"Liver_23",-0.160709526666912,-0.131920678696065,-0.0425774034765653,-0.014025330003982,-0.0736210970929343,-0.147233553143724,0.1296356774847,0.1206766159531,-0.182339260303975,-0.12073935559029,-0.310014529929437,-0.30841213464308,-0.153008870580112,0.0243650120559408,-0.194564945882118,0.1206766159531,-0.312387900847483,-0.3171152566397,-0.0944022674589659,-0.180822418403838,-0.0328063741955874,-0.0595411337150311,0.0120022586583017,-0.120275415097481,-0.131780816710246,-0.125909680003136,-0.0865802657889155,-0.0998722288525888,-0.111023112555744,-0.0799348424445073,-0.0765313194283167,-0.0485521799472101,-0.0788244572158031,-0.104339063061859,0.0113843645196135,-0.0408624376266692,0.0223411075065722,-0.0338766145735082,-0.0724097727724345,-0.0139251986595065,-0.30841213464308,-0.0217326226647469,-0.0586177557071359,-0.167097459625256,-0.000574462204065283,0.0448890493047864,-0.00629262680182123,-0.0687375788194569
"Liver_24",0.0352022587357718,0.279274205725966,-0.0481908636102668,-0.155715190186677,0.0302800831123467,-0.0109751551663212,-0.0704866994777091,-0.126416054899572,-0.150619745916375,-0.0987568290412145,-0.247190987358979,-0.332264138962118,-0.443803140965921,-0.155093321585163,-0.15204408509825,-0.126416054899572,-0.191283492648603,-0.235121569819647,-0.049900641690741,-0.1260276190814,0.20168706689614,-0.290678884557836,-0.0904841455703961,0.248559714030112,0.193360649299692,-0.0175421536591669,0.137674465209824,-0.131977925735019,0.001263190589973,-0.0607612797588235,-0.159566980095784,-0.12562242097245,0.0831456059459991,-0.193686892616216,-0.0159420752438255,-0.145233222758372,-0.0150037215388961,-0.00931173636723103,-0.10478550941723,0.105487406505535,-0.332264138962118,0.0190606760282332,-0.0794461245197021,0.101779936666345,-0.0595089371412209,-0.26082859624019,-0.0220019602771235,0.100901495162189
"Liver_25",0.159011247649644,-0.0676440313301377,0.0452337801784601,-0.0959985949538076,-0.0783074459694373,0.320068073206173,-0.0791109871500058,-0.0526880277221527,0.0920970771878435,-0.00529739528629561,0.0507987742293191,0.305293707814909,0.0781967425138851,0.758501168380836,0.274741292038685,-0.0526880277221527,0.0379912350068128,0.0958759576719784,0.0987945639281357,-0.0194282599420507,-0.0679585310711783,0.0903226833798511,0.00404142954893542,0.0525313082161925,0.045967394702245,-0.0594554487869451,-0.0818019118283611,-0.243110767392298,0.1020131543833,-0.0128538683823739,-0.0656383049464123,0.0742761194933275,0.505413481003912,0.0766856483940366,-0.010016151359056,0.0155140606383636,0.138870373001472,0.254333540044676,0.23877663904288,0.354602632439024,0.305293707814909,0.76474594593799,0.0758549812440339,-0.177772365879835,0.233677270979859,0.987227890326267,0.388416347228383,0.114353221866903
"Liver_26",0.0417988580404512,-0.0863884367442496,-0.125296762311659,-0.0319800773749087,-0.0601729955276396,0.159610254580781,-0.264540787141025,-0.164860992301829,0.153691974023983,0.0105361274869142,-0.0642979140209581,-0.0248293040001239,-0.0604905215899901,0.196138983308464,0.431720252321416,-0.164860992301829,0.00604759974589807,0.0346520595066943,0.441643203085046,0.0354759713770123,-0.215471411018328,0.00915134210476247,-0.277532795108331,0.247723203025234,0.175982278746185,0.491218344739817,0.220688606482398,-0.276710630830303,0.0955341510130709,0.0355986885034185,-0.241033467994893,0.00396447889453695,0.198993814538057,0.032570116719047,-0.0659751840474075,0.118333707762406,-0.0532563316879972,0.182912182020916,0.169123791109695,0.0564336110151358,-0.0248293040001239,0.272869311812669,0.00354111699834292,0.027182057545809,0.0291720194246896,0.108789451665203,0.137647611010546,0.154207089566208
"Liver_3",0.127778543955059,-0.122605156511718,-0.000329304833166613,-0.0926410677208798,-0.0412759017693974,0.404409403860181,0.0684869480468504,0.0398988450623649,-0.0281770477246004,-0.0401844631618647,-0.432419803584459,0.563162195917196,0.0793674793974148,0.220807402421616,0.330236387620531,0.0398988450623649,-0.248872712394866,-0.243943241626688,-0.0464072980018703,-0.259067882514843,0.0712271632110018,-0.193080022047992,-0.0330675553745461,0.0109512910139557,0.0391203817324538,-0.0793154617272945,-0.0398813620444505,-0.195538357540346,-0.00643397310908394,-0.023918309367806,-0.268565496923967,0.00491464978168241,0.661520664350237,0.153371195526525,0.0336579299031036,-0.0103108323463242,0.492869416659204,0.257822799123263,0.332755465012578,0.247302919767822,0.563162195917196,0.935928997982151,0.0525463481299341,-0.251788682613342,0.398088077195671,1.27967049815904,0.443653744016731,0.104862506322106
"Liver_4",-0.0932714137407453,0.0310602379923454,-0.0984534609591784,0.0944961838934791,-0.103749968916225,0.0728290677298791,-0.239129916354545,-0.114343070188562,-0.0428501183337821,-0.0393912520320824,-0.0970365326147081,-0.305551392745442,-0.307761469955933,-0.0762073832661056,0.160558935091299,-0.114343070188562,-0.0637324209846944,-0.0508754985967953,0.402546778880868,-0.037840276219093,-0.0153136495472167,-0.0274642427628131,-0.193888281740491,0.245944596820078,0.127090493532916,0.469239110853031,0.224467969746872,-0.329278792926013,0.0128758859791958,-0.00693767886753285,-0.113147505464646,-0.0652928543486988,-0.0547607024711374,-0.121457982384644,-0.0576984057950913,0.171525621300375,-0.219059242179999,0.0828110798607718,-0.0148400532545597,-0.068558794461745,-0.305551392745442,0.0437786751279484,-0.0359469258868671,0.0334673491265179,-0.111026041807184,-0.451735198325711,-0.0312640377444686,0.0917416170561936
"Liver_5",0.913355610814144,1.12005085485354,-0.0062726783128696,-0.128293719963806,0.159362401485374,0.0210719726381952,-0.163236442661673,0.0846792435762938,-0.420385447175092,0.00296776081143195,-0.413576399569239,-0.372842703977479,-0.588143254461194,-0.0932197925148759,-0.194156765159846,0.0846792435762938,-0.39082975572481,-0.381845054280199,-0.103823953560059,-0.32337344471289,-0.0718198123861687,-0.319425468843904,-0.0916683306376649,-0.0895944899145145,-0.131028715054734,-0.0975599075582238,-0.213504030394737,0.667055328820576,-0.14707908871113,-0.18429968884545,-0.226944546803343,-0.0538619755179589,1.40972950154105,-0.214499898356055,0.0458814829325573,0.0294296626118124,-0.107189119705708,-0.125256870956219,0.202620273665029,0.183591446119892,-0.372842703977479,-0.125968144601937,-0.0992355146116587,-0.281712927160853,-0.0316143097917849,-0.0555675227665686,-0.0520374275767025,-0.0506364463336204
"Liver_6",0.0592616235567931,0.0273582286501795,-0.00774432433524202,0.109550850672611,0.00609709548464314,0.0905444661218336,0.0401790140125375,0.045598720062492,-0.168270352170169,0.132278830068535,0.26102645131192,0.019729184947834,0.192112681136464,0.383591437021687,0.0949549151706897,0.045598720062492,0.248438805446187,0.247160571222349,0.0374558525998507,0.172415253741801,0.0866000825079247,-0.18137928554762,0.115660545653934,-0.224615427096015,-0.0912459558307153,0.0077639089590042,-0.0232587185431975,-0.189165046388446,0.0356889485691947,-0.0782238085928272,-0.0991474703004208,-0.029151505324043,0.399636755304207,0.0316159147084982,-0.00823474686569009,-0.260596743193028,0.0448649835996798,0.081016269867062,-0.0112978557524454,0.543438852470778,0.0197291849478339,0.697903918008356,0.0421959503376923,-0.148036907470869,-0.0331582096500027,0.0891519063123402,0.492325263999676,0.113786222592603
"Liver_7",-0.250540134787288,-0.0203028788365355,-0.0743000519155328,-0.140738518664688,-0.252621497900845,0.217345724333621,-0.179827974507901,-0.0937850543280223,0.246744783944813,-0.26723241759297,-0.516963168567002,-0.493499349986433,-0.697063433564216,-0.0479867634241741,-0.317906468043432,-0.0937850543280223,-0.449743734378583,-0.490479096098294,0.147200079223956,-0.436842024593608,0.311506477211755,-0.211544872913727,1.19338905309935,0.28107416681072,0.23295150570908,0.126212624723786,0.167565659882143,-0.39549612224523,-0.0495845035165868,0.0537308936240879,-0.237332252913018,0.0307471483444358,-0.083923457992271,-0.313178696056873,-0.0407999124512125,-0.168158378254697,-0.153189123676443,0.134279329682962,0.0958949479406706,0.473106251599219,-0.493499349986433,0.439570665737806,0.0290173828292666,-0.14029270092306,0.0881969339603202,2.58667211879223,-0.0148523555694836,0.00816791372500604
"Liver_8",0.354607486394403,0.0113142980529584,0.00514110268861494,0.215530187384193,0.32742524507948,0.217025217141279,-0.0815527707710304,-0.00877244410227909,-0.015655262400891,0.216099185900972,0.318839007066412,0.852344154550055,1.39489167709147,0.11498941280669,0.22499952898065,-0.00877244410227909,0.497383983013267,0.458036897644039,0.0778537316577693,0.158845381299652,0.522284052983153,-0.0667763917109526,-0.116183351092204,-0.209641383639743,-0.02288300999748,0.152356861671968,0.176593659732801,2.03329129541411,0.165263889231617,0.0656186933647129,-0.051577287981975,0.147757483040965,0.683140825167187,0.184268796776491,-0.048480404054456,-0.228786309927264,0.196824036186811,0.123857228545473,0.273879952403617,0.594614654345206,0.852344154550055,0.707676158528124,0.151638032520412,-0.0528244008393899,0.28828285946882,0.349977471441131,0.590035905585068,0.315739652157095
"Liver_9",0.0120918471873023,0.0190017414074242,0.274493142042163,-0.0305330641595203,0.0122960971910585,-0.217678830670669,-0.0444493555741281,-0.00429527492326955,-0.199827906012108,-0.025321119057012,0.182168144839178,0.0508763673481353,-0.00928543507353245,-0.0198426891312385,-0.0249070368624566,-0.00429527492326956,0.0689734802280906,0.0912503800610809,-0.0535442306159133,0.20402259161917,-0.140888216540775,-0.0534591081391145,-0.0631080164968269,-0.184305349414306,-0.165018577103737,-0.218848144544881,-0.130415356551375,-0.0271212239736225,-0.0388667784806615,-0.0316110471526594,0.0774361303899838,0.00267902211079921,0.00378084355088184,0.0799164021209943,-0.00851333269245663,-0.0829456732582899,-0.0748276618305871,0.00758082068275059,-0.0604376628640359,0.0914893553636393,0.0508763673481353,-0.157284437000222,0.00566119832073298,-0.012686375193812,-0.0711845060216353,-0.124474823314467,0.017613202305975,-0.0427166485026337
"Lung_0",0.140495588029701,-0.116699647800586,0.00822096397572456,-0.0826003821542127,-0.0241832313068864,0.144800688272694,0.09672011646945,0.0431320272742673,-0.0685075251520828,-0.00797520640433653,-0.339486410189784,0.515708794318068,-0.081377532101625,0.261753202435681,0.461847206775394,0.0431320272742673,-0.238518673825743,-0.241974744914059,-0.080770600116615,-0.234881920940233,0.0772065727207994,-0.214507986756296,-0.0174728336471108,-0.0504472050313498,-0.0365985915024916,-0.0147911347946162,-0.0268728188281304,-0.168202722741878,-0.0169682334489027,-0.0513024505884139,-0.255749662019936,0.0206022825424455,0.615099160838126,0.25244351156546,0.0405515847988546,-0.0460890472737619,0.63640665998976,0.217122600613055,0.320249900305094,0.16551869403769,0.515708794318068,0.713517486128787,0.0516112095779848,-0.229943323777461,0.355778508514648,0.807248778715141,0.378497084873467,0.135364646663717
"Lung_1",-0.0331044134481262,-0.173277183460613,-0.0748289238814017,-0.0671380446532743,-0.104169939733338,-0.220255583106654,-0.0647080513975954,-0.02821882533436,0.0862692898648685,-0.107533988846532,0.0434716579082737,0.0161031649604828,-0.173605313266173,-0.0258122773511434,0.00217315613536154,-0.02821882533436,-0.0458200292984186,-0.045492186404297,-0.0287519160295027,-0.072312719118358,-0.170720323337568,0.198145595989187,-0.119999004744124,-0.00660914967116984,-0.105649619738419,-0.0878407630313215,-0.128642213346377,-0.199006163888492,0.0004823497601346,-0.04025749574528,0.0953889755601273,0.0426080430924823,0.00535798914433431,-0.00677282489638767,-0.0081034983208692,0.411404456570869,-0.0885339291749736,0.0488670896886769,-0.021308758282425,0.0132610923290771,0.0161031649604828,-0.0453366803132485,0.0168437257476441,-0.127840355738558,-0.0192366100524623,-0.130404023311159,-0.0451104729559862,-0.0117026951579675
"Lung_10",-0.0983958060742917,-0.135588241992429,-0.0778418443914605,-0.0778179364568145,-0.11667170124513,-0.0838756382705387,-0.00955403743747014,-0.130862479395618,0.0177379755583166,-0.00739188370189167,-0.183501958854561,-0.476355241668176,-0.308131137632628,-0.0374818014681612,-0.0974787702516521,-0.130862479395618,-0.211248770203823,-0.240806809268221,0.0171585803415333,-0.117149047072677,-0.136616676345255,-0.18977750200917,-0.0617618052484562,0.00763044835906906,-0.0872262085373201,0.0215413063275005,-0.0217810866627674,-0.233525202761463,-0.0989904115140839,-0.027684175283702,-0.183423159523401,-0.0367331312762078,-0.112441695352623,-0.0709553073408392,-0.000580478743448749,-0.126824681481136,-0.0814063999388228,-0.048371070024526,0.101752850448454,0.0194203534298118,-0.476355241668176,-0.0744254119108824,0.0127350655113375,-0.0620746224922627,0.00754490866427983,-0.38092844527864,-0.0468241823630813,0.157510488858287
"Lung_11",0.0124398998521828,-0.0558353330644422,-0.0333211986823008,0.0145742083870863,0.115675232140084,-0.101865512098605,0.0125616451587545,-0.0542981639613704,-0.2440721879063,0.107278433514233,0.0948733221281461,-0.0824104917596104,0.410723556630328,-0.0700997799535348,0.106847911344975,-0.0542981639613704,0.0645861825693364,0.0358647155028392,0.0118206354465426,-0.0108863464212837,-0.112920624833398,-0.193043853555277,-0.112565377039081,-0.0451484959080308,-0.118901565078617,-0.0250822037380192,-0.0849261565918492,-0.236425439723661,-0.0185303959270572,-0.00246357449472046,0.114785722285203,-0.020524401241227,-0.0179633406651485,0.04608500754855,-0.017246860604631,-0.159376202622901,-0.0125763650457049,-0.0677114104642986,0.0525406138350381,0.00724839961679599,-0.0824104917596104,-0.100392264958971,0.00626115329152346,-0.0582290591372013,-0.0932680114313768,-0.279676697069656,-0.0169296842852594,0.0169660103558426
"Lung_12",0.286036591521689,-0.0938082887510927,-0.0917704594191518,0.14288227938636,1.2353787679292,0.0812279614998596,0.086120254521187,-0.0436343825803333,0.167805770421409,0.322023003637624,0.828083557633455,0.765048725869311,0.470208269809939,-0.0262994571676032,0.299821239071212,-0.0436343825803333,0.359325756043198,0.313682617225956,0.0752090186999108,0.236535458959396,-0.0360982632987923,-0.0390065273832179,-0.148230420994011,0.228907193596712,-0.00935425396090247,0.172207100459222,-0.0630711545748417,2.84729877713191,0.0342841379393846,-0.0144289679867921,-0.0352176745753697,0.00614400246957882,0.0718214122840336,0.138792352071476,-0.0152076366243263,0.0635585653906973,0.0665011405667046,-0.0580391440520128,0.187212371568536,0.138976810116852,0.765048725869311,-0.105248333445427,0.0364763352806902,0.34653798779354,0.0638194920609558,-0.12133497932564,0.0340289597408474,0.0586948736346074
"Lung_13",0.325928444723077,-0.0361482088695653,-0.0353362910561845,0.0174667810825079,0.176939249883856,-0.0965597261836456,0.062334610777028,0.0503670105821754,-0.0558388620772736,0.0822178158156994,0.118603589941972,0.283163558513953,0.360976556065432,0.124169007982641,0.00848491098984195,0.0503670105821754,0.0146113898039069,-0.0198584998185813,-0.0513258219476763,-0.0369619059138851,0.196201247350718,-0.153709602714549,0.126855489254157,-0.158552782298188,-0.0628099772717075,0.28301307459836,0.143203884470759,0.275515012635903,-0.0127231766095125,-0.0409648380691885,-0.129365902955778,0.0156383513836653,0.221982995015887,0.0180944019702294,0.028167272477807,-0.108711255105365,0.0964822540361304,0.0942132789106666,0.143913051189407,0.179947431314983,0.283163558513953,-0.00608191150202481,-0.00983234838548073,-0.10054530652744,0.116210671915844,0.145331788053024,0.270690953249353,0.0901248811054952
"Lung_14",0.131687537802592,-0.169327020288805,-0.0718657518347387,0.0110497622166868,0.0958962172872914,0.054983326716142,-0.0591774214336985,0.00912203137624972,0.630969562996186,0.152658707971862,0.0336471070429024,0.832272664618525,0.70229238602984,0.390478302103397,0.245582207354275,0.00912203137624972,0.0967429652518437,0.0944300344637574,0.0831821584686177,-0.0306653870165407,0.194019485949227,0.0648162370140242,0.00858478953884126,-0.147070103934345,0.028924975955217,0.387550399861646,0.105061940720262,0.589808790488885,0.095469252910949,0.00429508960196257,-0.186020561041303,0.200176882270635,0.548393179102551,0.191605470179259,-0.0159451230557338,-0.0184901127591288,0.307695055651373,0.175967561571193,0.38995596473847,0.412718773668262,0.832272664618525,0.407866676564833,0.0751330975696953,-0.0922274209045558,0.357562424881968,0.629132460463769,0.454451632605056,0.44609082523385
"Lung_15",0.116020047035013,-0.0532792711896268,-0.0468969466536035,0.0272069628841884,0.0468518722128999,-0.0433935466525175,-0.00242051509875492,0.0220857455505811,-0.0412141613682909,0.0753266313243718,0.156415976408669,-0.0481772404456105,0.172712811326519,0.0899968276135948,0.0325307305076575,0.0220857455505811,0.0856997855416606,0.0553494938689845,0.0261415048878341,0.0525911833544654,0.0404990318940423,-0.10530334448955,-0.0419374526912591,-0.113467471535024,-0.0894826254477048,0.137757339323056,0.0560930683805676,-0.0170244042122123,-0.015320850631262,-0.03404364681655,-0.0730307315627636,0.0122635574799913,0.0251434701248017,0.0657607384268448,-0.000268618905385107,-0.0698271519203645,-0.00350359250831298,0.0203263758288583,0.0673740151289337,0.0180498323018815,-0.0481772404456105,-0.0575542401654326,0.0101397964659304,-0.00188007793865014,-0.0408720847507382,-0.220865314216832,0.071273222174354,-0.0389102407183133
"Lung_16",0.0521430918876755,-0.171694301269467,-0.169720552749089,0.0435204752436452,-0.0408390282219413,-0.107132436989425,-0.104171263526524,-0.0444144349897258,0.391881928623946,0.00294364813425129,0.382183304130527,0.157940239160772,0.0283086465923946,-0.215064209416987,0.00151559077627585,-0.0444144349897258,0.315716304967083,0.323844437567728,0.0561087288485831,0.150019238946499,-0.131919166832611,0.0666556906236987,-0.103230498313056,-0.126589040324229,-0.125631506212295,0.0112055228908253,-0.0729685975058089,0.0215687370698687,0.046984573223979,-0.033217765158305,0.479981751238145,0.0671357958674708,0.0559956237966516,0.0943615364950737,-0.0404777024576975,0.0142903190996041,-0.132568742345227,0.0406757227310367,-0.0243778732227208,0.125522291454278,0.157940239160772,-0.0888399926271682,0.0725852128516758,-0.0535643177219194,-0.00739371736879586,0.365842330793857,0.0112286348670259,0.00948005833187141
"Lung_17",0.0955551172739111,-0.108330234336509,-0.0672016108092661,0.0439865263716397,-0.0424592663492978,-0.0967908445437023,0.033259385961405,0.0374397388374131,0.197455399717497,0.0605221441072626,0.430855484245904,0.424634042355214,-0.147614177654806,0.0393057215156515,-0.109515334839412,0.0374397388374131,0.404103867777951,0.399958702306894,0.012154964225122,0.0442761644495939,-0.131935057025894,0.144313158829431,-0.0660708179704182,-0.139061591122752,-0.0927877019408988,-0.120827837375459,-0.0753519789396878,-0.286455525092371,0.0205424843850713,-0.0258975922527527,0.220215725120702,-0.0459466878397348,0.00957591042957226,0.0614921420775501,0.0075293843054689,-0.157656260495228,-0.0227420427259089,0.069330921152875,-0.0344298503492728,-0.0290267198085583,0.424634042355214,-0.0391263923136373,0.0041737387467361,-0.0448325962093832,-0.00439656990069819,0.738352464939213,0.00369854792567934,-0.0510940780222729
"Lung_18",0.206978961233911,0.499567800159574,-0.0477494559024965,-0.0196609600022874,0.924546008487463,-0.237739541059173,0.0586316649871283,0.00956885021169104,-0.244584901628924,0.22315173063987,0.180245491445554,1.64703945602663,0.257236257997449,-0.0270681578305036,0.154663520372744,0.00956885021169104,0.227799362383939,0.0781760030090123,-0.0315437659706678,0.0824840115829178,0.190848584064078,-0.116187027327249,-0.0408934639647091,0.0659178354477419,-0.0521655523376648,0.354961781609402,0.121223220165304,1.66480653934242,-0.0279206271069277,-0.036142186412285,-0.187113940726515,-0.0754734505936467,0.0594888573097026,-0.087448709366126,-0.00740057618386284,0.0547552872558976,0.0374007601716284,0.030896985767015,0.131637107391417,-0.0564658785779869,1.64703945602663,-0.214598022354868,-0.000813343445609966,0.0671876038898159,-0.022485915452546,-0.125228138516373,-0.0529846151664417,0.000222669951603494
"Lung_19",-0.0852954720976723,-0.0778713525422618,-0.145450027152487,0.032891422239113,-0.210166993559295,0.179548473942637,-0.0993428208717847,-0.0765192557284525,0.203950902329207,-0.14578564283611,0.0484054669162728,0.129583981798022,-0.505254466591942,-0.286722476410727,-0.176781574103063,-0.0765192557284525,0.130861317030002,0.0870137589135225,-0.0323711451716715,0.0230679670325977,-0.266923115203785,0.522639254456789,-0.162280286646481,-0.0127894503341732,-0.0362437925142562,-0.0443654594012094,-0.0544953735206698,-0.442278023586915,0.0898431947039604,-0.0439556234347309,1.10587243970731,0.0652349996491913,0.0776509022614864,0.00447389776579186,-0.0451076588647468,-0.159222779426745,-0.173221278752347,0.333278140815216,-0.017423481823071,0.214609312813437,0.129583981798022,-0.0166532492709257,0.0418729342678508,-0.0748466185502792,0.472890626239619,2.06223699277072,0.0369242671144324,0.0367443899083697
"Lung_2",-0.0273533550323913,-0.174441264137599,-0.0630665882399988,-0.0644204436008623,-0.086806236073082,-0.220129088982897,-0.104211003536787,0.000490909220464841,0.123872587690246,-0.084746167371932,0.0583196087290211,-0.0151088453488021,0.0495669180123097,0.0144873889189098,-0.0476571237416683,0.000490909220464832,-0.0558384686574462,-0.0504598001336724,-0.0120992542655712,-0.0434014450360459,-0.206469884633151,0.0815006705217448,-0.113095781494295,-0.0580079526891229,-0.123798803961764,-0.12148579260415,-0.153110753573368,-0.210321071945217,0.00461453937422468,-0.0383951403790067,0.0507913196940611,0.0737739708672156,-0.0272486550942598,-0.0082658783465272,-0.00776149524233178,0.315073650134196,-0.117197266465861,0.0535995718960892,0.00255196926124277,0.0595609183038244,-0.0151088453488021,-0.102764182522931,0.0385995083461415,-0.0888173025210497,-0.0589968829559747,0.0104139243427813,-0.0454839702666332,-0.00638943809154191
"Lung_20",0.194962574160455,-0.0691061676791868,0.0364851461029414,0.0667708768806688,0.00806439477078305,0.086297487000707,0.0351670893631719,0.0188218101069415,-0.0878928795675738,0.0428725895297314,-0.127577469412404,0.323883135449547,0.310927923264235,0.259664021483641,0.48651250082959,0.0188218101069415,-0.0862159365617679,-0.116112633286318,-0.0440115152070426,-0.0439489356545968,0.165455667689235,-0.20302321840835,-0.0158173842933406,-0.104036753647263,-0.0432649958658483,0.0368600376571668,0.010565943214432,-0.161783199963322,0.0178973119910486,-0.0393823037704858,-0.215911204087684,0.00878020332365963,0.730551204670784,0.279353184212291,0.0287178626954472,-0.0848056209270574,0.567295987306169,0.22990598065401,0.29349093601611,0.308005045631518,0.323883135449547,0.829247928854268,0.0698911118381001,-0.211099944824208,0.286780082338121,0.930559671466411,0.5399381130344,0.182011511860572
"Lung_21",-0.0562036102595231,-0.0225023820072981,-0.0180675020111795,0.173524181090558,0.46319003692158,-0.118103931723289,0.0906595302795036,0.0157877686058489,-0.0686200161029336,0.294763087546821,0.00679769712632705,-0.107196950696115,0.0301124661007239,-0.0422103876083294,-0.111998764085432,0.0157877686058489,-0.0790291338087067,-0.114809237492072,-0.0818346291278603,-0.0184471451907574,-0.0806744697695018,-0.0794876594655461,-0.0578878464192101,-0.0624589606385464,0.299726721906856,0.200702886684663,-0.0132398933992988,-0.246193097773152,-0.0452030031348361,0.0125537126104404,-0.142649028608698,0.0311401654312502,0.030125701463117,0.0668985298450725,0.0112573519807774,-0.220738791849635,-0.0122446384005671,0.0110605121873399,0.0645211061748185,0.226135394192509,-0.107196950696115,-0.0635244127888517,-0.050700329351187,-0.107000703824484,0.460816944372491,0.859290573763745,0.061678771517208,0.00545220417178353
"Lung_22",0.487877689763529,-0.0554122040099079,-0.0873935635196223,-0.0500514591475983,1.90146874161094,-0.00545597775332745,0.0545534895505631,0.023486565308355,-0.209161132742721,0.38163332791561,1.04937234244311,2.06431868176117,0.44892551493107,0.219523097290178,0.558645472990513,0.023486565308355,0.531122519716132,0.546339368619185,-0.00254454658120116,0.284489500603387,-0.0453949144334256,-0.206697441753882,0.0919216760442788,-0.0423615461905593,-0.0156282564923414,0.197188934842567,-0.062609290553518,3.4789180285443,0.0368733128532054,-0.0362508412126072,0.019599171467694,-0.0859525876728083,0.138708940010744,0.106636696854438,-0.00485672752840993,-0.0937662289673332,0.00957791445098931,-0.0504673407508063,0.697168797143876,0.0107225681701632,2.06431868176117,-0.11810162807713,0.0655559290533858,0.349458365158068,-0.0917759650230132,-0.174289110051265,0.0865001810479918,0.10821517152327
"Lung_23",-0.00895929913255474,-0.182531582703069,-0.104357222904469,-0.0786401700179688,-0.0892932986376752,-0.122290609770238,-0.122509763439122,0.00536483450513672,0.0264433521439698,-0.0581635845513619,0.0791215445541992,-0.0165191950586081,0.145428722265347,0.0423705603632434,0.033786717394942,0.00536483450513671,0.0165512204292522,-0.0104307456077237,-0.00239873623398186,-0.025713057115987,-0.05621257727388,0.0534913463636049,-0.109443264172555,-0.0188225950484897,-0.0811750744772312,-0.0281647097919084,-0.073351818300986,-0.221700359413524,0.0521712661293668,-0.0540684352493129,0.0170705309602654,0.061366890459035,0.150425482369287,-0.0099890334402143,-0.0171576318699385,0.264639705987853,-0.0707000116593921,0.105584353425064,0.0218390231944945,0.209394812301145,-0.0165191950586081,0.155205675439359,0.0589393687068658,-0.126719150149047,-0.0269339384460389,0.0878180740837305,0.143475150795099,0.0721622873758788
"Lung_24",0.24742116733645,-0.227872106854015,-0.120084414280363,-0.144418153104459,1.01627438312808,-0.310272365998066,-0.0108457788281614,-0.144682261550659,-0.267238428386387,0.26163873127297,0.913806702851299,1.65774786849191,0.465749341403976,-0.0886429218718498,0.224185791988608,-0.144682261550659,0.304801770033769,0.426201578805436,-0.151898989500536,0.355141208222323,-0.176539591063655,0.0499836609889182,-0.216929445068706,0.068529950796018,-0.04711258629538,0.264373754837271,0.238808745605168,2.39912787203826,0.0271423828696837,-0.135478273275756,0.0245542403166812,-0.196005781018246,0.0629543503264714,0.0588004997540827,-0.186507070122137,-0.0339280036854705,-0.0149989195211316,0.0244370076680948,0.0415364721502202,-0.0419682040880277,1.65774786849191,-0.0685437720815677,-0.091698003479159,0.226742866742567,-0.0541894240343517,0.0204180446295691,0.0338429429938628,0.0453688434357558
"Lung_25",-0.126538724202152,-0.157516965679202,-0.0580146254026305,-0.0942962010579861,-0.0382659986089249,1.5368639919895,-0.100828094815018,-0.0114301899317909,0.85985659633537,-0.161243663482386,-0.254776999584889,-0.0639353669565939,0.125290474923592,0.229439656737602,-0.138706045134436,-0.0114301899317909,-0.270155274702781,-0.293208354484879,0.127154697107733,-0.206238726657597,0.887016129366347,-0.0956866105076028,-0.164312813824149,0.196186362436223,0.0293392716942752,0.11544706909238,-0.111339083036269,-0.27066616437279,0.0429419016418273,0.0459626129836969,-0.128783449238058,0.067475783279779,0.416726078934231,-0.0283238863678622,-0.00303824104163344,0.281003474969809,-0.0507784901959224,0.312276083548937,0.189089749494843,0.353003353287091,-0.0639353669565939,0.556272527537271,0.125873684269065,-0.172243465589058,0.0114836224318434,0.673692261122333,0.164845974945132,0.0405155911230481
"Lung_26",-0.104230991821276,-0.0134120344978805,0.0290430947281283,-0.0191767791309843,-0.109129955419454,-0.118021658315932,0.235920479211432,0.115859291152729,-0.185200022278342,-0.0957999022514872,-0.224081113373983,-0.413196893689657,-0.485014132310692,0.0930477424153193,-0.0565599660698687,0.115859291152729,-0.263725504871935,-0.298832257505943,-0.0796902956065828,-0.126525311913086,0.0140288756525857,-0.119461894379676,0.084961569111708,-0.239722884606128,-0.124044132329554,-0.150190446149928,-0.0874562635684259,-0.159891173014896,-0.143055149199994,-0.131329206769643,-0.174418935243177,-0.0979707849434242,-0.0528929993820795,-0.0569752620279419,0.0630538286164539,-0.140451929236403,0.0609592567780756,-0.0318558031816994,-0.101412872796079,-0.112031854243509,-0.413196893689657,-0.0334085105912409,-0.102135648629546,-0.151722268168911,0.0384717936254543,-0.0964044908338377,-0.0248210061546319,-0.0567483225200968
"Lung_27",-0.0135817741188771,0.21437280849124,0.777959413368641,-0.150137334680009,-0.103041284455689,-0.314664684839224,-0.127937940411219,-0.156536995707638,0.149541565530553,-0.0887296578236905,-0.0318077495343933,0.143588339351086,-0.204525487218605,-0.0591605427527946,-0.0694878732799558,-0.156536995707638,-0.00982722982504609,-0.0591534692012522,0.0846233171247082,-0.254454793477957,-0.215685994044019,0.244093193101577,-0.170561200362402,0.323104586229679,0.0837396473721643,-0.252711239221173,-0.0572351357037279,0.0760786918507675,0.0404964314306962,-0.0440053397725843,0.177955206111467,0.0200551868145393,0.0157229224729152,-0.0988507619849962,-0.00194364393751803,0.380522638983319,-0.118518424057204,0.181407027755685,-0.160781558581658,0.0769759442895206,0.143588339351086,0.0365085398670128,0.0292026705560044,0.0689815948721377,0.0191585045954039,1.58272323240055,-0.0986842688376786,-0.0263031692370026
"Lung_3",0.560524655148306,0.222546130500354,-0.136220463395354,0.0733206659529607,0.220164566246793,0.314088986652917,-0.142491691048136,-0.13461467997601,0.790058121043634,0.144711140258134,0.294416238615569,0.819418210503939,0.744938510662616,0.719844516005109,0.0574515699949944,-0.13461467997601,0.321667778821237,0.327350358874408,0.124351134166346,0.175115609695907,0.851566266691037,0.126318029175631,0.598824566500707,-0.0324958363750458,0.371705844658372,1.21920614688985,0.801996423531048,0.762998972688247,0.226753348084527,0.0968654262042207,-0.0703074121293071,0.274719422695333,0.634421834084538,0.0403108651799776,-0.052362994026705,0.0141590465565292,0.0608705931063753,0.325685837859331,0.368136331838076,0.606994848899792,0.819418210503939,0.21439136741843,0.133539067731485,0.0154510895938703,0.949209872957295,0.824691489476194,0.795116979088442,0.528209619895624
"Lung_4",-0.0416315355506143,-0.0632729685600662,-0.113953278675737,-0.0355441119303553,-0.07826096235962,-0.268023829170834,-0.0957238517780205,-0.0207200677592473,0.0800971923917098,-0.0609454026323664,0.0621607724687595,0.0531955650031567,0.203699890732877,-0.0802529029869369,-0.140227159915724,-0.0207200677592473,0.0589334395261499,0.0610023027950731,-0.0717172720357389,0.011215744731529,-0.20990077789504,0.228907292459453,-0.120402047804578,-0.0604300246687507,-0.0655866727662604,-0.119120563424426,0.0405892227928536,-0.330741855308844,0.0418379366700697,-0.018239518430397,0.373682011033926,0.0808304168579729,0.141985398299902,0.0810135531992162,-0.0167081119816585,-0.114836356551972,-0.114418442870499,0.248694002909551,0.0874770037135699,0.253523579242265,0.0531955650031566,-0.0245882050149151,0.0457894984271169,0.0654894471253134,0.14865897302871,1.80240765967519,0.121996846139617,0.0618254993089911
"Lung_5",0.0348664361915316,-0.0542999381566539,-0.0268607497188539,0.0367369874768402,0.0340834572547879,0.020580619954071,0.0519771950073092,0.0637350052400321,-0.152423782719132,0.112054134025043,0.21226793962258,-0.000859212265504228,0.409618616982925,0.115349358758725,0.0378017810974239,0.0637350052400321,0.166105355043888,0.122819715484821,-0.00996722569021118,0.108037031677078,0.193339547408437,-0.153863268964543,0.0633136205614715,-0.224043771052511,-0.108967583841362,0.0769533480411229,0.0939414589634295,-0.158950012080678,0.0260021113502842,-0.084960375754284,-0.0900221755111337,-0.0241581041408114,0.418841436369606,0.0282037793437001,0.00760818205024545,-0.230882422432262,0.0691297711315233,0.110277732970287,0.0126101425670941,0.406215960679178,-0.000859212265504251,0.47889753780791,0.0283369382879423,-0.14602878015603,0.063198369193422,0.13584998451692,0.505601677279583,0.176593499922673
"Lung_6",-0.0174447192025009,-0.0921548151592117,0.11115281762482,-0.0958324581739021,-0.0897515453489733,-0.261302425773676,-0.101187767354551,-0.0306412570937138,-0.0641279214562519,-0.0912967517977088,0.0777848330002631,0.00191037261035847,-0.108942982916611,-0.0264735773606868,-0.0513033575013343,-0.0306412570937138,-0.0209660984999036,-0.0313882561022453,-0.0304657962308517,0.0231902462499073,-0.197259640632146,0.111561845201632,-0.123047289911368,-0.107852855288341,-0.133906551591496,-0.0464830885244128,-0.144637297981458,-0.220805409004631,0.0237906793310587,-0.0379843003712118,0.116231528766368,0.0580770625020892,0.0871819608364278,0.0272799835019822,-0.00175805277106966,0.270203649065254,-0.0983280076907236,0.00585219126834006,-0.0105897669961505,0.0549487226462084,0.00191037261035845,-0.0612291918272787,0.00762362079985471,-0.0750128528555215,-0.0526199935188773,-0.162585680004681,-0.0541474634627573,-0.0262214614040393
"Lung_7",0.123208557936672,0.248039905520244,0.0745144692602801,0.0728862657868495,0.337572097423281,-0.164499962676299,0.0565236009585936,0.0193106781998293,-0.21680228720314,0.318059139881634,0.254411535142379,-0.0771816177500758,0.201513156495485,0.051157314935726,0.257608421843366,0.0193106781998292,0.0431694418875885,-0.0018990829534093,-0.111017530721627,0.122084079950968,0.0543692719135905,-0.0584324085898353,0.10895087889082,-0.122113868489548,-0.0758357862805711,0.259397752955302,-0.0774602840558465,0.321074688306998,-0.0117800010124153,0.0743440726445964,0.0321631987288457,0.00153544410193261,0.00558928215515871,0.0956371068317509,0.00255251884961845,-0.0289648620449309,0.243341813350227,-0.04842999049163,0.0851628525987011,0.0499069667534508,-0.0771816177500758,-0.100235331471445,0.0577453047616903,-0.0370706769697001,-0.0984215677706471,-0.140921739728629,0.00404758971569116,0.0107954546143843
"Lung_8",-0.0724861732741953,-0.155493394092641,-0.0814948981640532,-0.0154995306432646,-0.109210435832011,-0.213889848168466,-0.155844416376969,-0.00960462331860543,0.400586308004305,-0.107710019604957,-0.0414919739478675,-0.119217499342763,0.0375241433766354,-0.108647651160164,-0.0983503202124838,-0.00960462331860544,-0.0979870616478258,-0.0905862796936158,0.0400563243088718,-0.191865051639105,-0.230611568526478,0.0170173698258784,-0.141018419538411,0.0487836670442046,-0.140147710048191,-0.101818369594828,-0.176865654768249,-0.254387834685301,0.000919982204348061,-0.0442613327587921,0.0544663517234438,0.0668927137853086,-0.0476395397545176,-0.0643990808870771,-0.0124945256672654,0.370286719401604,-0.145471323462865,0.102682611240551,-0.0120710530504012,0.187747675869448,-0.119217499342763,-0.0608056831653281,0.0627573009897066,-0.0991473157576575,-0.0321751367483297,1.9390400503914,-0.0527977217580091,0.0088961482610767
"Lung_9",-0.0669522223403417,-0.0805006148859976,-0.0568736483721489,-0.0171044340384405,-0.105865143210825,-0.0538081637736312,-0.00881681649705998,-0.108681927494325,-0.0793527725585989,-0.0390378898617599,-0.165892037516718,-0.331611839729739,-0.312709168196771,0.00331920144426751,-0.0430189517971225,-0.108681927494325,-0.143860652756554,-0.173353909034771,-0.0138052227654571,-0.158997369277024,-0.120850680832605,-0.143872863703987,-0.0812554450232308,0.0532412509568711,-0.0749888534853146,0.0583927639164034,-0.104425404101166,-0.218075440768265,-0.0784958185319473,-0.0433505566565574,-0.172028418910675,-0.0156084987476531,0.190067302485125,-0.0930237683938699,-0.00428976085826263,-0.0293881996370418,-0.0910846151466193,-0.0626568902848844,0.0394692710737017,0.0175732733930128,-0.331611839729739,-0.0525726479899846,-0.0144164081428334,-0.118423363287979,0.0342023310194863,-0.330237653397259,0.0280921979620472,-0.0249937234231489
"Lymph_node_0",0.121333140699357,0.488256763884815,-0.0892041761105603,0.0170742138164482,0.380362564034085,-0.194845035355252,-0.049468034182204,-0.0659912720244926,-0.0210073705051565,0.433936338350382,0.269417604547321,0.122996076942054,0.737984569143379,0.116271257469425,0.841844901493282,-0.0659912720244926,0.208304799700799,0.16821598074802,-0.109559274686168,0.256466737391613,0.376956215555221,0.0171567376547611,-0.101163951929853,0.0381907714240021,-0.0207808619085423,0.431228309931318,0.123085727076102,0.0136709402461858,0.096204410244352,0.20191432497557,0.202517305304618,0.0452651881508349,0.234411593372065,0.421559377602505,-0.0294329955832609,0.0349480310329249,0.891468519799741,-0.111587125499196,0.076142337270241,0.0299640593178323,0.122996076942054,-0.0572400647855938,-0.000372529291474084,0.0521829427365872,-0.164691299426116,-0.20606253288378,0.210211989839532,0.23027494388923
"Lymph_node_1",0.131484897860991,0.364102989776482,0.201491817084714,-0.0180732342733138,0.356267924832252,-0.171193375277604,-0.0536963383606822,-0.0862438528901214,0.497497184103856,0.509267248317741,0.253885460255437,0.0938297869871017,0.930734627819618,0.640526183234218,0.730249805739306,-0.0862438528901214,0.195541845986662,0.195181275239083,0.0127369217415518,0.197198416353816,0.124172192526281,0.131665787024857,-0.111942775457415,0.00322427512868693,-0.029335964027889,0.530704818657268,0.0235688211992477,0.0600071485312996,0.118002723860723,0.151185894374211,0.0812757301162457,0.170348194786082,0.0823488255837284,0.260834166059864,-0.0223595782059598,0.174433811897936,0.354814980994475,-0.102130295252081,0.178347483243458,-0.00341648699243723,0.0938297869871017,-0.0939244712494879,-0.0387820962370379,0.0328946361184417,-0.147130237333727,-0.19057003746191,0.0612413953235714,0.129720961978433
"Lymph_node_10",-0.00140418380599558,-0.117688193709543,0.0125089308172772,-0.0495068869127383,-0.0415327045307423,-0.223351113542629,-0.0209595993018033,0.00404195461437514,0.201619670918042,-0.0209580865932897,0.155255980421608,0.0611837960022472,0.0866592687696799,-0.0211975830645369,-0.0606385135837108,0.00404195461437512,0.0446525605680759,0.090062744952812,-0.00102608252384341,0.00401729812218438,-0.167732254704679,-0.0396668874099952,-0.0955666026738309,-0.0481285859610779,-0.0802889062930359,-0.0568050416091305,-0.0970923613732934,-0.195472223789451,0.0110116871581963,-0.0359862915703793,0.0081447991122582,0.0291462132197355,-3.90133483775481e-06,0.0695557929717597,0.0508526844223713,0.215370868833877,-0.108648249576666,0.0176380949622301,0.0343146647613542,0.0972976013378396,0.0611837960022472,-0.107076345754893,0.032859570830421,-0.0120333446218404,-0.0558108524079932,0.0311650475955795,-0.0338174109813453,-0.0393303114857054
"Lymph_node_11",0.0055175874142756,-0.0456287787445289,-0.00956945178355124,-0.0156975422281378,0.0794391014653879,-0.169693638347485,0.021331403119486,-0.0603841633465717,-0.144391988377123,0.176482812477003,0.0842871351596433,0.0254819774353978,0.659031339607294,0.00503584198253601,0.131516764505239,-0.0603841633465717,0.0659148117075581,0.0848876781748112,0.0178375798154167,0.0811783293716647,-0.0677326535165404,-0.150858288264674,-0.142340654600344,0.103780543785442,-0.0757336454283345,0.150256342800847,-0.101671792799705,-0.19728582398253,-0.00135571562782444,0.0459955091137814,0.147813045241708,-0.0476478416609986,0.0170313270259763,0.0048372340239297,-0.0188469050670726,-0.0662468538644952,0.0109692396401646,-0.0427984833095012,0.0606688714385268,-0.0541120378292732,0.0254819774353977,-0.0997297066167498,-0.0498551670658877,0.0198635463679525,-0.112824200421128,-0.336771132842073,0.00425878065495024,0.0446127729421166
"Lymph_node_12",-0.0110919951629977,-0.00532621227518217,0.147569119629421,-0.141768894096279,-0.0274736629579768,-0.0877015434517023,0.0598504259109236,-0.0958414575600197,-0.0247472064387409,-0.0374984868454963,-0.0673807380514144,-0.288009901931718,-0.122107503565219,-0.00801753953681687,0.0719535112339358,-0.0958414575600197,-0.136946512394542,-0.0980418205551295,-0.0746218205451652,0.047442754488684,0.00600766755487755,-0.0630461571428313,-0.116769564821678,-0.0426550755263624,-0.00750011226161291,-0.0158844728545899,-0.0709851250818402,0.550648648335687,0.0339289491239063,-0.0194671098202033,-0.00441818031382076,-0.0239830779118565,-0.0774314796959877,0.00814576109580056,0.0136461430766535,0.284927068646621,0.0560893521311024,-0.063814982028238,-0.00521653563059399,-0.120161201503676,-0.288009901931718,-0.0370513674086932,-0.00616115354661026,-0.0126007986613134,0.0422468320344986,-0.203939639924704,0.008239767570043,-0.0032162539800736
"Lymph_node_13",0.213457443533982,0.850031334421137,-0.100367672682208,-0.00883469649614008,0.331570864579408,-0.268210984094145,-0.0732522261934111,-0.0942762280112902,0.0579535649558738,0.485449378633223,0.536357185363729,0.387658724067539,1.1916497929893,0.307914195584171,0.679067504739887,-0.0942762280112902,0.544560867368151,0.510805702230323,-0.0468349095305296,0.49562848290119,0.188530194409345,0.116277732731293,-0.251932819311311,-0.0824927461141888,-0.0569763021291075,-0.0987343244845626,-0.0115537644626081,-0.15339688940053,0.149820719930014,0.0588027729672221,0.303076059144448,0.0379142762508344,0.0281866778195597,0.299700665456352,-0.0492494401416999,0.0187665376206395,0.0952160930935737,-0.141481106807163,-0.0483907255902876,0.0621784357237729,0.387658724067539,-0.093791638582612,-0.0289540128659263,0.242372908362648,-0.116700695582975,-0.25321534423001,-0.000863953988782955,0.118038962095903
"Lymph_node_14",-0.0338198216343178,-0.112081980130325,-0.0854817705502187,-0.0563119085865912,-0.067028107666433,-0.21505737662609,-0.0464712277444011,-0.00105869134269782,0.317420410281785,-0.00983915869011462,0.0914090248956409,0.0896135553947907,0.329610450499318,-0.00352833896066744,-0.116174733867338,-0.00105869134269781,0.0980359159417265,0.13727275903862,-0.0425513212790546,0.0173791348854,-0.161107987540941,-0.0335926256844064,-0.0923132400361108,-0.0513024229432505,-0.0810221024708504,0.00338329136542756,0.0352897342316178,-0.309708800891095,0.035606897360905,-0.0179526735123054,0.269772172926484,0.0789997358218131,0.168140460410309,0.168665223721922,-0.0155386325506303,-0.142235507863505,-0.136674183030341,0.267187332630044,0.0758489017337892,0.234341554387535,0.0896135553947906,-0.061363782639602,0.0686032647143037,0.0928335917789603,0.115658253558869,1.55285531894024,0.139092474490149,0.0651326408792594
"Lymph_node_15",-0.0605333779185682,-0.139858167731593,0.0579512162244472,-0.0598923690956736,-0.0792346908336132,-0.0412686131467125,0.077607560767836,-0.103779800533738,0.0693374592835184,-0.0648057096747312,-0.291197472470161,-0.0972579467351554,0.0945710412442794,-0.0381590726061993,-0.199743398580534,-0.103779800533738,-0.244695933600019,-0.287156819967738,0.0785422796504943,-0.099824637711674,0.0283809834203122,0.151190960130224,-0.052971770812704,-0.00421152487399234,-0.0671567328836563,0.102606479364098,0.0229113167433388,-0.0921522876988203,-0.0313717786296416,-0.0162909926696193,-0.152559108934593,0.0797818771634713,-0.0623784900894197,-0.0755984577133532,-0.00549647269591953,0.166891214451486,0.0399531724693096,0.0291920488068962,0.0918967235720053,-0.145759157150214,-0.0972579467351554,-0.0225071726603519,-0.0856397242631211,-0.121030554429964,0.0488028943529679,-0.0532918989629431,-0.0199367722394566,-0.0774067745634316
"Lymph_node_2",0.0712932739148314,0.383647276991753,0.548951339776698,0.0144421424050535,0.332331507328034,-0.198650846872933,-0.0238604703933375,-0.0520402368192215,-0.106947084074463,0.369452926750563,0.183300876652478,0.0779726826695467,0.293565980159103,0.0267316313274095,0.391548986346301,-0.0520402368192215,0.157074590293407,0.139404544641149,-0.0763263424796305,0.189042317464168,0.0838276782950261,-0.0143455543219406,0.125262941748905,-0.00733821549113955,-0.0622053565602461,0.451527101105371,0.0866656211636955,0.627891390997908,0.0589270631759966,0.166808481938523,0.155346640176718,0.0256586719691475,-0.0212845252229574,0.0777189198950048,-0.0166206104586734,0.068583723023968,0.247345755520795,-0.10385741550751,0.116164195895893,-0.0785915027688946,0.0779726826695467,-0.109160021205282,-0.0152260356618119,0.00483824162881944,-0.156190535202478,-0.189839886695427,0.0120638822209989,0.0724474218533907
"Lymph_node_3",0.0741662788983556,-0.0701937391377854,0.000760070549360752,-0.0136464658761512,0.0273900640858373,-0.315989817714743,0.0530504862375752,-0.0862269827658814,-0.139665580058736,0.0917733314529944,0.23372467742585,0.283994011722985,0.453250237969233,-0.0616950768474569,-0.0918212806467174,-0.0862269827658814,0.197129281981771,0.209199272229317,-0.0115763386396795,0.375529418171201,-0.124162009653004,0.101286058349564,-0.112845998458276,-0.0962749481008863,-0.131970974651719,-0.076342271743843,-0.123332753391947,0.494951091477324,0.0745980556363895,0.00368609317455152,0.103320648245622,0.125841184858439,-0.135342418010485,0.128915461386105,-0.00600494636230836,-0.0696462118736779,-0.0652169367159101,-0.123583273743315,0.153938422070413,-0.197955971577147,0.283994011722985,-0.171155563690903,-0.0106954865829431,0.130124957424917,-0.118681860427789,-0.195272151396354,-0.112493413298266,-0.0984069021948253
"Lymph_node_4",-0.00199003337116091,0.168569811867118,-0.111050391152999,-0.029626394514517,0.10406039910819,-0.147938683970393,-0.0397714293471208,-0.0237111464328104,0.0857213554212948,0.166639219790332,0.129455343999346,-0.0834540266565797,0.0602805238605557,0.373474837100985,-0.114805005761444,-0.0237111464328104,0.133450041096939,0.12232542212952,0.184085624662581,0.118197234399721,-0.138523915709638,-0.123911718459131,-0.143035872469387,0.164165264467766,0.280641396931726,0.265036634819089,0.0978585620513373,-0.323195139680553,0.0820910205009975,0.0439206208929986,0.0617613908202133,0.0764594489908751,0.308162336424492,-0.0609900012198772,0.0708653209829931,-0.0740265001753291,-0.0966603424390004,0.166483825735551,0.146386638167915,0.266189483953215,-0.0834540266565797,0.273705860939204,0.101009291332726,-0.0346175684905415,0.259982512622555,0.811695540179086,0.437812327082372,0.261296540004226
"Lymph_node_5",0.022208213300368,-0.0523540208949341,-0.0479034316599087,0.0676551163500803,-0.00257880366263565,-0.0755045425230828,-0.0087217994110175,-0.0484824087574044,0.429222738009702,0.158792608212344,0.181034299857338,0.148386896815634,0.391703998968359,0.0552684135354983,0.0468639566959734,-0.0484824087574044,0.203597483307224,0.208713547283846,0.0599192224659844,0.0227999066825548,0.0256499331789683,-0.0674720781549892,-0.168569945866748,-0.0998741690889614,-0.0951537468810576,0.837197770679886,0.389285291342541,-0.118591228154197,0.0252416356389445,-0.0371297680042577,-0.0258701474579193,0.0986099448395413,-0.0566515000872059,0.13217326946571,-0.0124586691419858,-0.070390573388845,-0.0286330072076135,0.146104978976712,0.183367878139491,-0.0809751902490836,0.148386896815634,-0.153862473465722,0.0110086111047394,-0.09059055446235,-0.131320544704338,-0.555748031398703,-0.0687119131422746,-0.0796179630645407
"Lymph_node_6",0.221070307013517,0.240624567411864,0.909796893319214,-0.0043856494569657,0.113930795251875,-0.182191726332965,0.0208784918751832,-0.0757639670734805,0.105219395566565,0.253636303391547,0.379644837673611,0.291231899525761,0.801780087605909,-0.00118084673280577,0.0123169334266419,-0.0757639670734805,0.280718419660588,0.313789917660061,0.0137295032144713,0.444488430141456,0.0119855822356585,0.170298520910759,-0.0486608633007711,-0.00501315247111163,-0.0908043051048968,0.425023558490335,0.22291766318255,0.888921663061756,0.0908144319548777,-0.00919740095687656,0.184872465663124,0.117709628779612,-0.101801137079891,0.165299953742242,-0.0147404835652129,0.0173525603030928,-0.0601451130386862,0.0121784066035189,0.256207176365044,-0.134275655768986,0.291231899525761,-0.160909061736309,-0.0158238474826592,0.197154986839779,-0.133092566272561,-0.205734718090211,-0.0746836492119971,-0.0135473945602229
"Lymph_node_7",-0.0970348796041047,0.10057051843075,-0.0309492433729292,0.105701268176596,0.416175591523482,-0.140337610110634,0.00445334927788679,-0.00736176952450028,0.0229179351965939,0.102289744315634,-0.00545661613839603,-0.0946342603362017,0.0196380220914444,0.00436810417661295,-0.0964846166073236,-0.00736176952450029,-0.0515329857446039,-0.0419729553749082,-0.0437819608018432,0.0180033550917954,-0.13707075194676,-0.138907524312963,-0.113287406875504,0.0884807295082441,0.452694599694475,0.305277155851326,0.0532374267900289,-0.115172187528463,0.0240903006740718,0.0909523409866437,-0.0979345810917773,0.0740542085824844,0.0156469105235588,0.0340978624380751,0.00654547851071012,0.0470994117998234,-0.0762651607751377,0.0156293843576407,0.131985176836915,0.0904913913878926,-0.0946342603362017,-0.0376783803373511,-0.0402566899725319,-0.0979623614571954,0.274931423927499,0.794089755257024,-0.0175432440924257,0.0285637934771681
"Lymph_node_8",0.191962076423426,-0.106595561734664,0.0427404368160991,-0.0739700875852115,0.00133499003291295,0.284298279880714,0.0970021997940229,0.0475909461295572,-0.0639900522394415,-0.0302425774175168,-0.398503898128603,0.65848973540931,-0.0139654223547589,0.369574904698026,0.155463894472204,0.0475909461295572,-0.199579367096557,-0.206332474630441,-0.0676553357681853,-0.240136134600561,0.0704945124218782,-0.259402094608985,-0.0249008853850063,-0.0563470379746598,-0.0267043776505983,-0.0261062847861663,-0.0429559252803155,-0.180825465377441,-0.0498790133133212,-0.0415862462952285,-0.24311314596626,-0.0169589063432208,0.474473680520398,0.061914869151454,0.0418273538924526,-0.099886636707068,0.321382115134647,0.133144047418301,0.259007517571041,0.21972209168896,0.65848973540931,0.600899898941135,0.0611581345109865,-0.233428383510562,0.365870625152762,1.20591868850922,0.267454961281371,0.0472237231323831
"Lymph_node_9",-0.042141044913517,-0.0279806886302857,-0.0490447583983917,0.00166820509976968,-0.049343274749156,-0.130224085622189,0.013375270050071,-0.0210693493549558,0.419098173935938,0.103092692231583,0.00726937992529808,-0.246585892824237,0.156987605973974,0.0853733054461483,-0.051680346285974,-0.0210693493549558,0.00807936777991103,-0.00934113325277766,0.0594769780933207,-0.0744636765594762,-0.0436214556815953,-0.133777437298851,-0.135219054875937,-0.145037819177785,-0.0688184200640924,0.943852614678947,0.313237728257199,-0.187204604323444,-0.0372850438532877,-0.0386596692587151,-0.0471590039440754,0.0228285796045752,-0.0175986136942645,0.0351975607532671,-0.0116732145317783,-0.117254252478764,-0.105205009699291,0.055767343315398,0.190030841009823,-0.0700518028916123,-0.246585892824237,-0.15648023875186,0.0210597898093038,-0.0735167919325335,-0.102834867528095,-0.44058541507061,-0.0614800892033013,-0.0647681978382029
"Marrow_0",-0.0339950862297037,0.0509075075019096,-0.0613222842801578,0.0015347084650454,0.0312375182213604,-0.148241933136207,0.0481319218269855,-0.0423329145699774,0.374635833992041,0.111961306160507,0.0418277614759632,-0.228546538903289,0.167134928231689,0.00766782166659326,0.044035432692108,-0.0423329145699774,0.0253884164553163,0.0236782083335578,0.031147647037466,-0.0215796993372785,-0.0658733667192504,-0.244114134567351,-0.158264637499229,0.0145696005485621,0.00331093510849177,1.19918427270665,0.579319917762634,-0.199307495873426,-0.0311331170902199,0.00979115039477665,-0.0571219001647558,0.125690187595657,-0.0335135076724477,0.0141291955789905,-0.00587789628605913,0.0537436406164426,-0.0815106674580501,0.210359160334617,0.354214784596907,-0.00807517319384928,-0.228546538903289,-0.0657989101331944,0.0544784762223662,-0.029522116555239,-0.0992536607081525,-0.465561832254249,0.00517377973193469,-0.0233922877486234
"Marrow_1",-0.0738754540558106,0.0416774422350066,-0.0457710064185792,0.00362559473103763,-0.0500173261773246,-0.157967410716947,0.158285551732412,-0.0250448224306024,0.203267219301555,0.0205817970486977,-0.0733323424108488,-0.265251516360411,-0.041151950465954,-0.00640262788699154,0.072364624849093,-0.0250448224306024,-0.0714583590343164,-0.101208851302725,-0.00414913704783302,-0.0694573353447419,-0.0883591681112891,-0.248704177032189,-0.148517165908126,-0.0396264704755254,0.0914820615806062,1.213132173483,0.654836528251041,-0.219919443390157,-0.0520945819437685,0.0442548500386305,-0.0555781836688455,0.0152609468283812,-0.0315801908663387,-0.00738953376368406,0.0012240736335459,-0.0349174197290846,-0.0358054340382728,0.199159375142871,0.324817813326756,-0.0175594941331113,-0.265251516360411,-0.0944033488871146,0.0759426637047991,-0.0557871001214149,-0.0802006066956093,-0.476973714901487,-0.0283263805190495,0.0333321057654109
"Marrow_10",-0.0332234775549458,-0.180710592263273,-0.076374428662182,-0.115609052300955,-0.136297100921571,-0.236070417034656,-0.0873814414682651,0.00332038327357713,0.0980068929073567,-0.116769716515272,0.0106570807354409,-0.125124384887862,-0.146082288076892,0.0929647361577367,0.0271882665094803,0.00332038327357712,-0.0614400749383019,-0.056683217481178,-0.0202321082028366,-0.0471145542843142,-0.202826268507714,-0.186297156952656,-0.104714379944093,-0.0791354515968696,-0.110459650764926,0.0279656006763949,-0.0987454931903346,-0.308781484832061,0.000809131729248471,-0.0306992021444289,0.0209755889121128,0.0769168744204931,-0.0203914508593856,-0.0144104140449744,0.00236249736866256,0.465678994132385,-0.114702964044706,0.0793144896019104,0.0286339020210981,0.0890921815147599,-0.125124384887862,-0.0916742251303403,0.0408292009796618,-0.114010999882886,-0.0711921500126044,-0.175876722427179,-0.0432249342620073,-0.0235401660371691
"Marrow_11",0.26092547855487,0.339236603305733,0.642266756390516,-0.109995492464079,0.169892069297393,-0.145809497368367,0.00102888614237575,-0.114593814886122,-0.182486714137745,0.0737961848531481,-0.0311063838355255,-0.203222409768466,-0.197171310073808,-0.047511691764413,1.00371658243304,-0.114593814886122,-0.0607565532993262,-0.102592620455673,-0.0785509104906128,0.211934394360612,0.354418626013559,-0.194699454163168,1.12779904765228,0.0131047833255847,-0.000670170345499201,0.182393779827757,-0.0323328839417356,1.65805281290635,0.0105914354044256,0.095072342603704,0.0175249937345554,-0.0583526938068693,-0.126895333143745,-0.0856959984023436,-0.0472095690612486,-0.0909752559018234,-0.0921162951773516,-0.0818117895784743,0.0855648501062391,-0.105754357836783,-0.203222409768466,-0.0851408976605289,0.0492734815888004,0.0201022490585534,-0.161982974386835,-0.20080866229276,-0.0767018697802715,0.193582849496668
"Marrow_12",-0.012829609440318,-0.0618427068257996,-0.0669045344936839,-0.0210466855984972,0.00355868986871356,-0.0111206398652322,-0.0741213442704702,0.0248387073816554,0.555327681284512,0.0831399735656151,0.0786226908982537,0.12787758704304,0.579799895312423,0.170258834402302,-0.00963939981501354,0.0248387073816554,0.128651044436223,0.0949646416313936,0.121522296152464,-0.0344981597750358,0.195561139432004,-0.166438169059585,-0.0287700597073611,-0.118931746009509,0.0977197225874003,0.680069272024813,0.368410030441014,0.0795310143539458,0.0969296077262558,0.000727715740972243,-0.0824294541859587,0.165765125245694,0.304084079690209,0.0189229501913244,-0.0242106257268105,-0.0311775498938431,0.0163937253835184,0.187794819671126,0.301574599052114,0.39425442002077,0.12787758704304,0.434318688227013,0.083239737018676,-0.102019826764323,0.383141311976729,0.820244755465384,0.280710090845685,0.281325883734744
"Marrow_13",0.16709333761119,-0.11235696256309,0.0155762787213637,-0.0547995761312087,-0.0727397952771075,0.363064375591068,0.0758883156908591,0.0173890837080331,-0.0518643865770836,-0.0305588853488838,-0.398610436864064,1.03664436853643,-0.18765757349681,0.340291310752486,0.0997575232562235,0.0173890837080331,-0.142863921424238,-0.128873051217995,-0.0930071094378003,-0.199723736434697,0.0251920504221864,-0.284086526750769,-0.0468562114276154,0.0784467057510927,-0.0125262896092453,0.0403571298740517,0.101379440436222,-0.253202215939515,-0.0201679564386094,-0.0699466275610833,-0.256209931291812,-0.0203898248473799,0.49100878788268,0.0154559783794628,0.0322025810911738,-0.11980407492352,0.254368279666073,0.25773600535469,0.318773207295931,0.220785617373781,1.03664436853643,0.880207333201494,0.0922304459661767,-0.21635163864518,0.450306822742602,1.56365906031709,0.277452255210077,0.0376137544575941
"Marrow_14",-0.0409670854688357,-0.143848239264889,-0.101650657074586,-0.00338925301361753,-0.130538824479292,-0.207161134405694,-0.135213819645643,0.0166526191724982,0.612891320144653,-0.0744079701152422,0.0459087777746885,-0.217500305932752,0.113877261322162,0.00114334371837627,-0.0699323303651167,0.0166526191724982,-0.00356321267738118,-0.00253353185759155,0.0896273308235997,-0.135468022699533,-0.240367096065828,-0.241324353826218,-0.125238455822463,-0.0447987057711292,-0.131439399267816,-0.0574778610384478,-0.109382016548752,-0.362089671589258,0.0332817839938802,-0.0501632483169139,-0.00472420658691664,0.0761495029154937,-0.0620159158016665,-0.0451070335482785,-0.00587358898273771,0.533714306760612,-0.168893446939149,0.121551821778529,-0.00321929181319594,0.235927233887785,-0.217500305932752,-0.0946727964305935,0.0760522634364558,-0.0911525285498364,-0.0711269527674392,2.155163801305,-0.0619220445616484,-0.0312117828299168
"Marrow_15",0.0214714934092686,0.024892348109227,0.195670424323355,-0.0915193214148136,-0.0591421373118804,-0.283155498718053,0.0264712359611215,-0.0270894390163175,-0.0742890231204098,-0.0311392974696076,0.197296779756595,0.0399521971766056,-0.17002551640831,0.176387600227098,-0.0208570672468145,-0.0270894390163175,0.125625792759515,0.0976189677572218,-0.0956804864337758,-0.0136989938406531,-0.0890829999177108,-0.264323767753775,-0.0945003720662553,-0.0488094435975618,-0.0491206160615144,0.137842071611192,0.0296494517303414,-0.358615486170517,0.050452564304245,-0.00357465854092977,0.11263046495341,0.059523633498434,0.0236251769972892,0.113065777279112,-0.0133410294192381,0.0167447008027254,-0.0678151096209342,0.185006998141113,0.116714077363939,0.100081888502888,0.0399521971766056,-0.0489997757774028,0.0670614028662469,-0.0542125879980792,0.0585334453815228,0.754751547449119,0.0165786441324109,-0.0149108715558994
"Marrow_16",0.106284088321656,-0.0311308307888926,-0.0565816291274415,-0.163907630891771,-0.0387813627712655,-0.176032341746305,-0.0255598844111941,-0.119785880743821,-0.364416341518101,-0.0505813089738293,0.0547883163361222,-0.324167461055626,-0.206719914244773,-0.0636080692217909,0.455126585044774,-0.119785880743821,-0.0668755523522028,-0.0881627013721114,-0.162241523220833,0.237785600502749,-0.130371742989836,-0.187135955493163,-0.122254091578848,-0.118023858749703,-0.00283469937286918,-0.0436201412062905,-0.0250417977635577,1.32125825600865,0.0831241242579966,-0.01683086625531,0.0711106243201779,-0.00428655602341728,-0.0157765042977379,0.129668887081994,0.000955698697683287,0.131113329466794,0.0293746114111118,-0.0813845521426029,-0.0283201445324302,-0.148264672616878,-0.324167461055626,-0.0346855099099872,0.0639818813967291,0.160775535436367,0.137321825785649,-0.242132619259094,0.0450956052684963,0.0912740866218053
"Marrow_2",-0.00555226768016186,0.0672474440292239,0.503041996552166,-0.00750502750205827,-0.0179547586173716,-0.206855192182134,-0.00471552617271326,-0.103078543299601,-0.0332716541176579,0.0181659644159355,0.10031201660498,0.00678835932932087,0.201277847034957,-0.0981545509164623,-0.112901592232848,-0.103078543299601,0.0710562340160284,0.0738226589537336,-0.00193368708089089,0.252272528742025,0.110959470333369,-0.168660617281098,0.00983742610581111,-0.0415778112135224,-0.076602434147265,0.0457497626219016,-0.0503538334024902,0.425925973811882,0.0583367714615917,0.029522307219806,0.0285037293762485,0.240996582264736,-0.121396474571471,0.0518541557383639,-0.0306221203232956,0.129865043211734,-0.107635224981712,-0.0795015537542565,0.124272766549298,-0.184244198659011,0.00678835932932086,-0.144318774131385,-0.0254824808581921,0.0500295058161848,-0.106753337655548,-0.176857022564728,-0.0975757419128753,-0.107762097403719
"Marrow_3",-0.0662925182686149,0.0789600041216168,-0.0589588993138938,0.0145634997946749,0.00608815017858163,-0.134674550380172,0.0111935665231487,-0.0396898144784601,-0.189493237765805,0.0430129148898385,-0.0640869643871593,-0.313595652514413,-0.168167572909288,-0.0566064035452693,0.0331403588097619,-0.0396898144784601,-0.0387409475587958,-0.070929386008338,-0.0323469280541921,-0.0511871824257016,0.00555462379070876,-0.29004843682792,-0.128860349087724,0.0882726938693545,0.00610725679077278,0.938305032673637,0.712030632890799,-0.206084082637611,-0.0536251861164708,-0.0186395140435153,0.0107916319684463,-0.0505829736520698,-0.0535681687624949,-0.0980550374665984,-0.00481215773856091,-0.203331413150686,-0.0506061342752997,0.176087778094789,0.24030804280185,-0.0359497291540324,-0.313595652514413,-0.0951587387367856,0.0541005399150478,-0.0562838505970666,-0.100915718691521,-0.321784051046255,-0.00632320835777308,0.00949839238071999
"Marrow_4",0.213703841849589,0.176288576092725,0.841611417325167,-0.0675408320105402,-0.0344990815937361,-0.14888718130818,0.0251381072411861,-0.109277142271785,-0.111285202930473,0.0395084835565246,0.0604504108425588,-0.142148248441123,0.14417201784099,-0.0202506716200212,0.394633273849681,-0.109277142271785,0.016091569529282,0.0011257861756352,-0.0281449981913283,0.331683444913221,0.261517609184464,-0.00382788459873102,0.183043897005943,0.200064089825046,-0.0925195353466094,0.205788735394576,0.130766967556495,0.553571868775878,0.0287965089095655,0.0215580197720704,0.0569276541589342,0.100517997789918,-0.128180735085164,0.00107870466663785,-0.0320382512513399,0.0382348904290106,-0.117041851784478,-0.0501412216765837,0.156004542198773,-0.0856055283258395,-0.142148248441123,-0.151127337114336,0.0473445193756836,0.081537297777837,-0.0936982651373001,-0.212016674291864,-0.0967020593402561,0.0186874462873757
"Marrow_5",0.0590430621142713,0.335814204363229,1.25852381783048,0.0221139254937157,-0.0104757998478142,-0.14315963551905,-0.0219507717780446,-0.110142974379409,-0.040868211637999,-0.00137160881364629,-0.0297471491953603,-0.187174554642046,0.0762612473916925,-0.0586623318556441,0.197814163561473,-0.110142974379409,-0.0525278394346398,-0.0803118254610376,-0.0375913556732208,0.265321494134388,0.383298310858487,-0.0812298409708897,0.187812979493824,0.0296761509646245,-0.0631274817436879,0.438349340157875,0.279093372421513,0.539600699804965,0.0105516085761682,0.0215414432437765,0.0754147786950938,0.124907961760969,-0.109185071131192,-0.0113035628570768,-0.0277770470713564,0.120434362761364,-0.116401642503987,0.0197724662790381,0.111557234844482,-0.121960091971416,-0.187174554642046,-0.149013173055949,0.0646656525363244,-0.00854331747011929,-0.0702096685035096,-0.187702092034832,-0.0718186664989803,0.00572298922264201
"Marrow_6",-0.129936848453847,0.0405829541702935,-0.0245953137635057,-0.0351988491407497,-0.10705209592126,-0.149942286761434,0.135675047494815,-0.023551386892035,-0.130104184087472,-0.0605043454341597,-0.260052801783899,-0.402304876528516,-0.372692682351658,-0.0131093828538824,-0.0273818801817961,-0.023551386892035,-0.228944557734298,-0.276948025713258,-0.0395454364263143,-0.131895680670001,-0.050881422775745,-0.293387446821393,-0.0763409643542538,0.0303913350796664,0.0960086501919836,0.911892821483075,0.723888314264251,-0.269558953628013,-0.0938128461954955,-0.016721013471424,-0.0551582424431939,-0.0818068814906937,-0.0702954180587497,-0.119709983987008,0.00764403669481452,-0.21393540384371,0.0635669306297414,0.142572742931904,0.190964002978893,-0.0501279403677302,-0.402304876528516,-0.0949842436766364,0.0226305823808469,-0.0709069589324602,-0.0770823777802472,-0.323226322695914,-0.0150063990641457,0.0728097024734223
"Marrow_7",-0.0560912496968185,0.0715007078593608,-0.0429254428460246,0.0495542576823562,-0.0388086367497803,-0.146661919199988,-0.0539222262917624,-0.0442602949405125,0.166434240354349,-0.00699981142597159,0.0215027528729157,-0.240998001869076,0.0432912883561295,-0.0352204585961082,0.0856083347800184,-0.0442602949405125,0.0169862735613506,-0.027294962312943,0.0212282609532275,-0.0529961321050424,0.111968705700707,-0.273353770692792,-0.166913698619521,-0.102323052167665,0.0368747117398442,0.778627435189331,0.153929626680711,-0.243783664678329,-0.0248765487773419,0.0148027983760288,0.0470231697566865,0.0453129776266859,0.0820673407611741,0.012793709091012,-0.00758674576152654,0.0204358238213027,-0.151804349380047,0.0151961336832064,0.142303433409169,-0.0718598015711227,-0.240998001869076,-0.124632288487296,0.0229024422902706,-0.097788395722788,-0.107662090911582,-0.430786105097353,-0.0763573930116806,-0.0424428495834767
"Marrow_8",-0.074119783238036,-0.115070362129539,0.0231385344342102,-0.0744891169256565,-0.090574434777809,-0.240280624991455,-0.0393330138406794,0.0298782349364205,-0.193200359621328,-0.0892353007300864,-0.0163727056723901,-0.0876817862909642,0.144375708323914,-0.0165650145639191,-0.0965129695995634,0.0298782349364205,-0.0777210039089906,-0.0707968100399266,-0.0104288938824573,-0.00708088850867768,-0.151658455779085,-0.238281888567085,-0.170110002623812,-0.0445778934733397,-0.115823667244781,-0.0219935277096631,-0.0877178519546913,-0.337582734389048,0.000408098484768304,-0.0491674673129788,0.0739184347291643,0.0216843019350998,-0.0454220133785341,-0.0311325621776452,0.00691056299069552,0.254319626763457,-0.136494612256623,0.0723939916216818,0.0139359035927087,0.0591197975271055,-0.0876817862909642,-0.0623187804846359,-0.0133055335847642,0.0393312127015715,-0.0577607817811336,0.468907074159347,-0.0654414072850663,-0.0216555303800212
"Marrow_9",-0.0344448861075098,0.137994740378065,-0.105515215804249,-0.051324690358143,0.0769515346309538,-0.121192221271472,-0.0779691580328755,0.129904082257261,-0.175475552108164,0.116719016547064,0.0732831253381411,-0.198987457355605,0.0933545635313686,0.0972881307977654,-0.129476881836612,0.129904082257261,0.0861271003323709,0.0387219565747379,0.0261174628388002,0.0617896153758089,-0.114220720481808,-0.200111523695474,0.0289777444709439,0.0302012674753183,0.186591146670516,0.697597299094163,0.310812636816427,-0.29101728863188,0.0567948431830964,0.0546150280562182,-0.0427391174396941,0.112775190094318,0.202444537927437,-0.119524116260244,0.168040428381894,0.102926363574836,-0.137983508761938,0.177848884539533,0.279596340717338,0.382030223486362,-0.198987457355605,0.417294602774888,0.134420815422906,-0.109796981657327,0.362924666088666,1.0374681878353,0.217477724799704,0.144852002126925
"Medullaoblongata_0",0.0521028340797203,-0.0189139869625421,-0.0273000512345176,-0.0938346386062966,-0.0642859874556113,-0.177703447246072,-0.0833405504681987,-0.0178256129805104,-0.257381824195322,-0.075328487017108,0.142234013270786,-0.198135800397136,-0.363601988542557,0.0103782725542719,-0.0379634966512929,-0.0178256129805105,0.0921668285608141,-0.0178169454729587,-0.148343119058727,0.24774145716938,-0.116340671165124,-0.2922891265876,0.726517739963065,-0.254451870236276,-0.0972624891061613,-0.201797078787341,-0.103846115968445,-0.301873612406617,-0.0410580155215243,-0.103598128031284,0.157816218726033,-0.126102559752495,-0.104773699698564,-0.00898783059194949,0.0391656508468645,-0.142976257637937,-0.00446253749508917,-0.0499722574013331,-0.186905519793871,-0.0258069549742688,-0.198135800397136,-0.194729566815831,-0.0507654505360411,-0.177948558972837,-0.05457059461699,-0.187645846348147,-0.0470773568388828,-0.0864646503920434
"Medullaoblongata_1",-0.322388101521287,-0.176333177257156,-0.123380977634185,-0.223497517789024,-0.335946978591062,-0.0870887997440891,-0.253314709827878,-0.177101464091499,-0.151057782731131,-0.358088935852403,-0.556758038498632,-0.656639806560443,-0.684817109104889,-0.168779923222269,-0.461248378420137,-0.177101464091499,-0.479210688754345,-0.549505039661997,-0.227983247680512,-0.251055592466938,0.188743498109108,-0.317256695798395,1.39464856005221,-0.0164782836754284,0.364030068092805,-0.353524906093155,-0.022449792628677,-0.491877325649589,0.0121899979772414,-0.0582548695878508,-0.20182410273159,-0.184219615817279,-0.24872654235182,-0.347009426574489,-0.0546396297940063,-0.0484056063810245,-0.146398702822007,-0.139189885151292,-0.339917162787303,-0.320350186477791,-0.656639806560443,-0.0328802860408532,-0.0823635682219587,-0.155939843287157,-0.0380524126211397,-0.492889831599002,-0.235392495486739,-0.23401273620657
"Medullaoblongata_10",-0.0588563999201716,-0.0730122650587414,0.121045833164482,0.121066264576431,-0.0741221092808319,-0.016154904419748,0.103490433812979,-0.0593303867426176,0.0710038663396829,-0.0749627021373446,-0.0527555996229318,-0.205391202452173,0.136919582181096,-0.0683071672160439,0.0221181058024568,-0.0593303867426177,-0.0575566577569209,-0.152089644380908,-0.111547228331041,0.770848073842384,-0.225184733544423,0.393462165755814,0.167656877875402,-0.360810671910952,-0.109236056418049,-0.336805585110833,-0.157172541673861,-0.379177012921265,-0.028412323819906,-0.0522203680871543,0.0366765586082943,-0.14551853984008,-0.0451482741589746,0.0277067319327124,0.442740038171637,-0.177835151588623,0.0357220720622166,-0.0203076612014324,-0.252655536797173,-0.0173988420280295,-0.205391202452174,-0.216960621562415,-0.0206402780510949,0.172386460433699,-0.0942962413457958,-0.346336651994375,-0.0905743005362209,-0.0828283304562226
"Medullaoblongata_11",-0.0272157309712449,9.3371891271117e-05,-0.0209031712170093,-0.0656547724697982,0.223207909067066,-0.102727988103217,0.138631428660032,0.0851982228303645,-0.32615812614922,-0.0859133062105738,-0.326588551595678,-0.361375975077578,-0.246839472852994,0.0196934563823447,-0.227152950294427,0.0851982228303645,-0.235585663893306,-0.345355210466213,-0.0526270770890324,-0.175166094239156,-0.0176611045490085,-0.221001333506942,0.236165102127283,-0.175881332213763,0.0333833360658764,0.0279782306830075,0.105430599685113,-0.282186606098001,-0.0791745933089821,-0.114778086826961,-0.0839168981748229,-0.099871722364606,0.121346028154823,-0.139855215853221,-0.0223075854250698,-0.158687753217472,-0.0164465901775742,0.117493575305659,-0.0815600681924309,0.352428185841997,-0.361375975077578,0.160143220566804,-0.0337042166256189,-0.158795860146433,0.101689924042369,0.0793132868322376,0.121028251858774,0.0582235998212147
"Medullaoblongata_12",-0.266501324211737,-0.145122144057138,-0.0878381386858668,-0.123425564897223,-0.324962574254904,0.150482545487687,0.0856847901727307,-0.0120022930372083,0.101047311689697,-0.311330729163978,-0.516006543587681,-0.618554967473784,-0.565272617708534,0.0841432685203376,-0.418692297751816,-0.0120022930372084,-0.478337005220005,-0.525440373050623,-0.0805291406130643,-0.205826072716861,-0.264020427536998,-0.0657639385368498,-0.0457068768020383,-0.203265894330436,-0.020430946482589,-0.481952676723737,0.00759148057722705,-0.393694048317121,-0.135580432734014,-0.103088322085575,-0.250104658118299,-0.210751083046373,-0.20644287000111,-0.261952015578257,-0.0262043351133378,-0.179341656164555,-0.0843959990021591,-0.0751346761981631,-0.320254890288839,-0.219990838665141,-0.618554967473784,0.0587064275734096,-0.1295111512582,-0.1155745588261,-0.060167057352005,-0.649320236180913,-0.1394988132293,-0.150162700700441
"Medullaoblongata_13",-0.140321982033483,-0.137444508203215,-0.0432813946494084,-0.2067521139674,-0.216893513199323,0.0189933141790973,-0.0882182439749271,-0.0333562649300471,-0.176430707135252,-0.288603162129392,-0.489180271637453,-0.622122461500729,-0.623163939824495,-0.00400979165137796,-0.326904910611513,-0.0333562649300471,-0.466788084494586,-0.554432871639916,-0.050986779572545,-0.28621853040826,-0.156397339154058,-0.27866085483993,-0.0670288970228097,-0.107265829351984,0.247919549012488,-0.289852941729347,0.254743733405287,0.0840922987664706,-0.0797060816760077,-0.118827844755346,-0.269401413041203,-0.203908436878966,-0.166486807334562,-0.234656576441615,0.00297161939671441,0.0825812654643854,-0.0939786507970442,-0.0842773457451702,-0.248960910739122,0.0292714951458981,-0.622122461500729,-0.0264022150529313,-0.124848644563381,-0.191168693228397,0.0016778591868055,-0.247298078907549,-0.0358550316483101,-0.0980294705072883
"Medullaoblongata_14",-0.162319893248044,-0.106481756787526,-0.0431251195849501,-0.0199380094416756,-0.158158428271378,-0.0617537512512987,0.0110352707506541,0.122615266921286,-0.323703427181168,-0.189378710196905,-0.361809028273926,-0.427207993312731,-0.519987190538626,-0.0255854814116024,-0.223946336478649,0.122615266921286,-0.33246408450115,-0.375661536416681,-0.033596561810833,-0.182836290163142,0.246564833371686,-0.259729659534264,0.379226172109248,0.0539837782160838,0.105023774225305,-0.162363832248179,0.0775338955922466,-0.300845773382258,-0.0785851019711221,-0.106625899829691,-0.253843747824638,-0.0877599549032203,-0.13860720433745,-0.151608803910897,0.371100802037127,-0.0616656890520975,-0.0301644881109599,-0.0383511157039661,-0.0776100263753637,-0.0896692207059046,-0.427207993312731,-0.065856172764613,-0.0541373097836292,-0.0662305650438558,-0.0445362781750689,-0.346543784307716,-0.0758113132580996,-0.121097718692197
"Medullaoblongata_15",-0.189669039194204,-0.164664065769214,-0.0382307042224347,0.0383459885867329,-0.172574097426492,-0.168968230805636,-0.0468669838002512,-0.0343326181322703,-0.107980268204637,-0.229452651778688,-0.344765115884138,-0.407660148145039,-0.457572970686179,-0.0579702897197569,-0.28045446235414,-0.0343326181322703,-0.284718816504109,-0.335243049373029,-0.093831651338379,-0.315757701772627,-0.0156597640157407,-0.213873138439155,0.0153109591319468,-0.0352404678560862,-0.0540552347288856,-0.239391614714417,0.0297842802025434,-0.332420371398542,-0.0851163104596928,-0.054211464499622,-0.259159170205429,-0.0623404535926949,-0.170783423478617,-0.220581096407043,-0.00629550471883064,0.219705171529339,-0.0707452902664547,0.081806502506266,-0.126703803554742,-0.0553876297346155,-0.407660148145039,-0.068719705362852,-0.00467176137499964,-0.175369792660182,0.00185624547245468,0.592640954321482,-0.0859676925092279,-0.0576130126100464
"Medullaoblongata_2",-0.227102607296212,-0.0367744852927086,-0.0592861254698171,-0.0837629871843036,-0.066181810852161,-0.104910014780165,-0.0437134820875297,-0.0635978274344783,-0.0611520273142573,-0.273759395619959,-0.517027693979381,-0.567852007474384,-0.581691836561781,-0.132368156859694,-0.3505213731495,-0.0635978274344783,-0.459565054046489,-0.529753431172341,-0.00581720830537775,-0.338111755173561,-0.0194281635093855,-0.231077554122722,0.140126169936241,0.133856787282926,0.473148768865259,0.052727782634366,0.477740395602315,-0.43106747846398,-0.051483341666761,0.0334580344742267,-0.1660642887423,-0.098246688809984,-0.0330998549807164,-0.274629704350723,-0.0317798368650941,-0.181810648304698,-0.117621085669871,0.231614699019539,-0.0310561803978774,0.431044199723233,-0.567852007474384,0.424781255996413,0.0199064243901374,0.112507639844281,0.232507237149667,1.88551871707413,-0.0490436521972498,0.016023544527684
"Medullaoblongata_3",-0.266773732783238,-0.102923323824496,-0.0565603846428341,-0.137070219562421,-0.27883717234353,-0.0307940883146187,-0.146418257256133,-0.142061012998828,-0.395352508297423,-0.308582958394523,-0.521167026687882,-0.558951505281479,-0.647303141191447,-0.105602500379404,-0.405299317440174,-0.142061012998828,-0.439096794816021,-0.529170220718147,-0.209904710840727,-0.24573885477499,0.318188389574986,-0.311322779122353,2.09420154529987,0.042835654497029,0.11204877429275,-0.324295962805866,0.114523718068901,-0.427865217706415,-0.0327312916897178,-0.0803224012064281,-0.227534318753167,-0.183956380819913,-0.259640252316591,-0.301475708746213,-0.00907095739836958,-0.0744400444110757,-0.0978760843665605,-0.0757731141241812,-0.275687950355943,-0.13309373890126,-0.558951505281479,-0.0912368085167962,-0.0334957658952646,-0.117571920359161,-0.0235615247080211,-0.475696996122021,-0.195019994910615,-0.214906013548708
"Medullaoblongata_4",-0.303257468082598,-0.145493152587057,-0.0790268774870004,-0.145425267863718,-0.301402279582771,-0.072134095017173,-0.188029724871972,-0.161827188055049,-0.296524503662939,-0.334231817043444,-0.549667605778477,-0.601913819580839,-0.670170412303174,-0.134771177844835,-0.440829389343334,-0.161827188055049,-0.463453801925783,-0.546997787754564,-0.221615703358671,-0.26433177506425,0.409721436052918,-0.334644085389892,2.08124716019696,0.0269883113617044,0.259498022664986,-0.334350774865807,0.101725775678367,-0.460345174689545,0.00652455827587483,-0.070948910099548,-0.236614738783751,-0.195530596122107,-0.271952123712147,-0.326547686909674,-0.0198047149151274,-0.0914457862819382,-0.129149906932832,-0.0904443610489272,-0.302773418470139,-0.22196706577625,-0.601913819580839,-0.0620171682541095,-0.0203041517480489,-0.134496246813813,-0.0391600931802227,-0.494026919776029,-0.219013190153006,-0.22698660094553
"Medullaoblongata_5",-0.262117622733745,-0.114861976777778,-0.0789580314494046,-0.161100712017992,-0.295880693831068,-0.0125337580555005,-0.202177803714082,-0.181609726677634,-0.352465937225995,-0.320579300890084,-0.489651396110823,-0.568906341781092,-0.653806916473622,-0.130323160248262,-0.4036113945735,-0.181609726677634,-0.409481856688848,-0.518502272501863,-0.216634678785636,-0.200076319933078,0.350178543937436,-0.304887944375345,2.09904970625016,0.0342675477698848,0.154095364814557,-0.336365714266129,0.115001275321005,-0.458118445142025,-0.0026803813700435,-0.0718922988905409,-0.170842515697235,-0.183552187239292,-0.266538935387575,-0.316965212301209,-0.0279379224239188,-0.07836020075087,-0.106466198288445,-0.0840196039186242,-0.293369263999599,-0.137978548201806,-0.568906341781092,-0.0906063259853379,-0.0293646790088416,-0.101509035100881,-0.0385168534301369,-0.516848029583937,-0.208562766049881,-0.222074863123896
"Medullaoblongata_6",-0.281492680526212,-0.138641882601479,-0.103535865365822,-0.169816033204084,-0.307867573590194,-0.0588694933213218,-0.256074642381384,-0.169373753167491,-0.223033438528187,-0.331497998100731,-0.483702092225495,-0.606775972638223,-0.650059627150339,-0.14525664642229,-0.421699345796962,-0.169373753167491,-0.415528006516879,-0.509715201420004,-0.224447173110021,-0.188262062463767,0.420349574365543,-0.315241948192291,1.97989243363086,0.018553652454505,0.323188993898743,-0.327277462477127,0.0667442220157319,-0.482343084733906,0.0328047392560935,-0.0592392016451202,-0.12866784111559,-0.184341695411352,-0.264508838639498,-0.326673279082056,-0.0424015915219378,-0.063378158931754,-0.134235057019611,-0.0963000202598441,-0.320285551294649,-0.246266772122602,-0.606775972638223,-0.0751164304827444,-0.0302366242835746,-0.116169640928509,-0.0487315626161009,-0.511316667715743,-0.230045613408756,-0.235936261198052
"Medullaoblongata_7",-0.283426738986604,-0.0993740161540731,-0.0547310310549262,-0.296177914649717,-0.379716288734469,-0.0870504396122447,-0.137950231211292,-0.202679039950449,0.234513173752818,-0.367509963284917,-0.591180331304086,-0.755326646389036,-0.696519752330345,-0.0821684104354794,-0.523245769313499,-0.202679039950449,-0.529087011934118,-0.614270586904714,0.205330001606466,-0.355637557599959,-0.335708756099036,-0.28545870136261,-0.219564807613344,0.00251562677424789,0.0800939321880281,-0.50286639308987,0.18149458604802,-0.427311936681518,0.0121911724382879,0.043868639517499,-0.308546163485308,-0.209338198041318,-0.286033517070275,-0.399431694479132,-0.0248262043358141,0.204166629196494,-0.141505943875313,0.0267744499467079,-0.257418723628971,-0.265458939159472,-0.755326646389036,0.12140627007413,-0.10253524983702,-0.164457405329578,-0.0708877772048764,-0.594983718785252,-0.225507561808409,0.163153108540765
"Medullaoblongata_8",-0.3693019066066,-0.189523687972616,-0.179435318447657,-0.344727006398683,-0.397091733356109,-0.0655544131169191,-0.359417556732034,-0.188395220026218,-0.0308244917807484,-0.410444314245232,-0.64345225769354,-0.721877746178679,-0.725370333345287,-0.186545810645238,-0.507112249663048,-0.188395220026218,-0.556031879513722,-0.622737501585209,-0.228742909688813,-0.295112337063378,0.0467599365989624,-0.344257966331975,0.349581866404478,-0.040038974383209,0.484382465460159,-0.418347123770634,-0.0858916618195599,-0.531345326644202,0.00648089002406925,-0.0442302198107122,-0.260292341285241,-0.177540957708329,-0.228463543729128,-0.400904501510067,-0.0746076408790423,-0.0907779762946193,-0.179816139754535,-0.193150648285296,-0.386712846159508,-0.369518242215832,-0.721877746178679,0.0113281235141976,-0.138826239777228,-0.191355469860952,-0.0300852223671873,-0.612308294245844,-0.271687137948062,-0.256165226976931
"Medullaoblongata_9",0.101227559127755,0.0296183151592518,-0.00859666876725157,-0.103093336920249,0.0199988832673768,-0.150786660279477,0.0769746252794002,-0.0538275389869588,0.0981699653344785,-0.026426215624873,0.194135984301152,-0.307204858673986,-0.241436225270059,0.0231202063770682,-0.0537773116018647,-0.0538275389869589,0.254923087164462,0.143190987960352,0.01139209483932,0.154117207959373,-0.136698332951158,-0.239840041563044,0.0653412159518877,-0.282773845203383,-0.137233479023564,-0.174009110334659,-0.140546499864204,-0.276089432200522,-0.00921784842395794,-0.00454891152420451,0.0897330549065321,-0.108499981537971,-0.0820180455436371,-0.00163059664040569,-0.00151928780675258,-0.0529203402860997,-0.0122041638534679,-0.0931254609804796,-0.161692048826436,0.00689623282894711,-0.307204858673986,-0.123066266415845,-0.0236258194981883,-0.0462801798518541,-0.0506260747311726,-0.171920909001111,-0.0484197071329507,0.105907162817084
"Omasum_0",0.396441789368108,0.417168638182054,0.347095253108846,-0.0326204150980481,0.267645079859475,-0.158032654578821,-0.127595976354599,-0.195171407880952,-0.0603800911956032,0.375884068141213,0.258718080775175,0.0941613447311155,0.444677728952733,-0.0786983407170978,0.699556770716046,-0.195171407880952,0.266070014171101,0.264988410613085,0.0693194861838099,0.2052117355032,0.102169848497126,0.199195477916259,0.283272391604569,0.0142136796087122,-0.00209643844481783,0.316280971564297,0.00687310238800276,0.090079205690543,0.115126172257068,0.214779302032285,-0.0309926826769728,0.205390180386377,-0.107580784397167,-0.0592930148703315,-0.0323626373040412,-0.00345189823883099,-0.149684945797257,-0.0612282648660464,0.178183924804708,-0.0816279055183935,0.0941613447311155,-0.0182422520459764,-0.0319189385339034,0.0385840405689497,-0.0446146697938475,-0.338956102510375,-0.0475572664820187,0.156224250836822
"Omasum_1",-0.0571352582206332,-0.0744935836498221,-0.0695744292027543,0.0632407329291619,-0.038469575607448,-0.0271044579262464,-0.0548611274656032,-0.0566060169857758,0.234326829520984,0.00888518561598105,-0.0131690361469353,-0.246030240341585,-0.0135612448469776,-0.0280153821590965,0.0830592607450121,-0.0566060169857758,-0.0282032072589871,-0.017482922552584,0.120852870619387,-0.123090465863633,0.172242682285286,0.144542397600359,-0.155851201965807,-0.0221330656532062,-0.0122692347637235,0.103014165092031,0.0268451404036762,-0.294367035581183,-0.0203873153085479,0.0167139105987036,-0.0637842746851534,0.00757376776430064,-0.101706770729842,0.00236138795381003,-0.0189455708011361,0.0376696437341194,-0.118484633071031,-0.0672313346841366,0.0974915512681994,-0.0778944658501207,-0.246030240341585,-0.0723062779366865,0.031334257506185,-0.0468776992288999,-0.0289933586121945,-0.477633018392055,-0.0188191559560505,-0.0517038971937648
"Omasum_10",0.155598334361522,0.169428931537253,0.863238352699872,0.00191819451462089,0.0163840515255534,-0.122625038516894,-0.0169857460527059,-0.0484847853208951,-0.106028085030069,0.078681414869593,0.131188109886837,0.00504267912981969,0.310909760464761,-0.0515610077984189,0.237072235531914,-0.0484847853208951,0.0537705325150221,0.0746910523838237,-0.0264299005571295,0.203876682739404,0.302160055793417,0.246174757910694,-0.105946562475505,-0.0984419745927115,-0.0721770722729897,-0.0196927150803453,-0.129193054321909,-0.0011555190858191,0.0508281884005164,0.00537573259494769,0.00822527482890881,0.12589248722511,-0.0877036215386532,0.166777190357841,-0.0128274783854778,0.00412779891973112,-0.0521696693058693,-0.0869492524226207,0.108574616759972,-0.130038638602363,0.00504267912981966,-0.154289355713395,-0.0257736511598366,0.098006233757057,-0.0313623461428385,-0.197141780883315,-0.0882270534920428,-0.00924835683547406
"Omasum_11",-0.0443646798241865,-0.0705684501513145,-0.0902361609284725,0.05916967258852,-0.043541388736016,-0.0604456352445608,-0.0752097479417234,-0.0404776862359593,0.170886623697272,-0.00730053592036176,0.000656246601090069,-0.295952621757164,-0.0495879451532527,-0.0479301461463992,0.195970599800444,-0.0404776862359593,-0.0258438358123465,-0.0251310700210858,0.153257772377686,-0.122498469676095,0.0506138219212278,0.0423761807556614,-0.149654314173735,-0.0296871488231018,0.0422051509117446,0.44014926908554,-0.0299735883097541,-0.310557328005816,-0.00341051226048757,0.0230970037757332,-0.0416352095526843,0.0128996934691773,-0.09200872676352,-0.00251754694283231,-0.0228585463081676,0.0155450315479348,-0.161360165767157,-0.0732085515565772,0.046112076636154,-0.0539527957091199,-0.295952621757164,-0.0985235826529091,0.00976379654168944,-0.0259590197849627,-0.0403736963310676,-0.407433649000355,0.0313683316225623,0.0159304560701212
"Omasum_12",0.0135914603733221,-0.0675448803651249,-0.0187468585705042,0.0555193655238801,0.0781920714544749,0.0707366182447522,-0.0143031932092132,0.0192431618830939,0.229163250828081,0.0558246929473862,0.0199482416840068,0.363484623921058,0.327385893400522,0.113652868299767,-0.0503011832205128,0.0192431618830939,0.0482394195776,0.0657028654182592,0.0346058079201397,0.0028386056504271,0.0236449690484135,0.241637217478432,-0.0712648028367054,-0.0668008456323192,0.075196656796054,0.26764037314819,0.132372599033066,-0.130073315474173,0.0369368573187961,0.0122278578519594,-0.0627439982159958,0.0670909704222706,0.294146376770275,0.0177446879146123,-0.0162172561863285,-0.0106608848164944,0.000713690591017164,0.0947716000439349,0.221692808743885,0.384053116375355,0.363484623921058,0.192621984741731,0.0773643597811386,-0.0697689990360784,0.267336885838835,0.714245993561253,0.192170846671039,0.13761389346158
"Omasum_13",0.183502681925356,-0.0989622747263501,0.0515620288589041,0.078165241355146,0.0477650499162901,-0.165478236069632,0.120800515689106,0.0362439185020268,0.147894320426245,0.130561963267953,0.381594326600374,0.286010939159593,-0.0201921594413079,0.0268160347767393,-0.11451154417233,0.0362439185020268,0.231096633121918,0.268902443610768,0.00201512476225683,0.0499654250235372,-0.077814286081244,0.342275883876273,-0.0437207579821651,-0.225504761244492,-0.129498494701549,-0.104263957819401,-0.118353924563515,-0.268885776202684,-0.0474675574617831,-0.00711824174572348,-0.0191189091910738,-0.0677043335946329,-0.0593919649774389,-0.0475819260173829,0.0240970375234525,-0.226585993956176,-0.0185711893544991,-0.035883330516537,-0.0114579225272163,-0.0674689595121512,0.286010939159593,-0.108821257091128,-0.00876237822274968,-0.111235881812921,-0.0531755801602153,-0.00549795573887595,0.00101789347217846,-0.0726129117292515
"Omasum_14",0.173079630256989,0.108814124426538,-0.0819937461141278,0.443058042429531,0.179750731867338,1.60248097699467,0.00473995613280384,-0.0514907072378237,-0.37579068021114,0.245845983185167,0.479941875450106,0.849267689752621,0.541811526945327,-0.0264917395762877,0.149504478673623,-0.0514907072378237,0.447723746259666,0.564385873969226,0.0688869069097088,0.0336153940185817,0.00478302342820307,0.0856202609907971,0.275252384525355,0.3328216263732,0.0421710712307541,0.105328971177582,-0.182388410142799,0.207316010955784,0.041698753512148,0.0855865198993612,0.00123841368598112,0.00282737033165547,0.0228118634771691,0.0576812238212794,-0.014654659556808,-0.0401517509601316,0.0178311068761156,-0.102166774005017,0.103588431980366,-0.0508334210629438,0.849267689752621,-0.109965442555958,0.102494590573443,0.0146948320886922,-0.0423801798968857,-0.123872384386043,-0.00555412329798386,0.0222529834537819
"Omasum_15",-0.0314252708020386,-0.0879496894305569,-0.00401262495139218,0.160000658169218,0.41413845932075,-0.155250737682996,0.15777728050211,0.060728872466911,-0.244048204241468,0.259433403156509,-0.038808961089482,-0.1733646162062,-0.0581513265822195,0.0132804712385155,-0.173179877597444,0.060728872466911,-0.0561442384009636,-0.0339346616276732,-0.107019717459083,-0.135202591602061,-0.0708009811373561,-0.0448234462563836,-0.0289501273905055,-0.176770184855479,0.194865524409776,-0.00194136286908886,-0.138518351980368,-0.250218706355405,-0.100905331885459,-0.0134350747853059,-0.142694155377335,-0.0310684831484017,0.0258525301258004,-0.0623804177240389,0.0155240673848536,-0.261893351112662,-0.0253886410248702,0.0219887924580966,0.032395419835401,0.015105704938968,-0.1733646162062,-0.10068310002316,-0.00916444298495693,-0.169685587639535,0.402133579116693,0.208353446398967,0.0485437477774983,-0.011383873072444
"Omasum_16",0.0574500820176229,-0.239371181099533,-0.110529319002349,0.144231996283551,-0.0859880457322355,-0.0667602179737112,-0.036209162858797,-0.0422930594037171,0.0952029097530116,0.037657127685243,0.534053216300473,0.16812704193051,-0.313436142708843,-0.223543035846102,0.012931236864562,-0.0422930594037171,0.534124781179603,0.514000065030764,0.0346124928541514,0.260793681845673,-0.174077382606572,-0.0480012555164139,-0.118329517863339,-0.205437669616762,-0.212226703677629,-0.203899906647701,-0.0632175141224821,-0.0951601617373615,-0.0105616458309679,-0.0399889930170975,0.177648270427307,0.165719151205319,-0.0251762097925585,0.140249133359504,-0.0349836407038589,0.0274273769569882,-0.112100405884485,-0.0627122171556976,-0.0453866492770583,-0.00984394543171455,0.16812704193051,-0.205256001254162,0.225321819208485,-0.00282303715694942,-0.120606807714477,-0.157445026329654,-0.0970906729205811,-0.092487966815141
"Omasum_2",0.00978227288195043,-0.15310206484672,-0.0237563095914142,-0.00937639150359225,-0.0688907374655045,-0.119363753945903,0.0376322757657432,0.0235185734372246,-0.123129840158367,-0.0370780096944738,0.106391761039076,0.171423521950009,-0.112491467538081,0.0654335114758187,-0.0417910269455495,0.0235185734372246,0.0847297689676071,0.103283518691616,-0.0365076455151622,0.0338374907004263,-0.115303168071458,0.119478561537501,-0.0559178209959097,-0.134812633265558,-0.150386010937728,-0.116436530915655,-0.120103519895906,-0.16655444597257,-0.032367493079487,-0.0268620132082832,0.0542376967711483,0.00674652172630583,-0.0109942526192086,0.0768964777081859,0.0114392663975277,0.0731908098904451,-0.0469984093149036,-0.0271533594449729,-0.0200408082849631,-0.028046887713335,0.171423521950009,-0.12028034356595,0.097798766468947,-0.0400976507475907,-0.0430005144377931,-0.139512210383439,-0.0289502717651098,-0.0568883981773865
"Omasum_3",0.249243743654021,0.114220606510105,-0.0549080930101654,0.862881673491224,0.248973620143402,1.20594851201558,0.0571471515031278,-0.0227975808252331,-0.434804047471023,0.320927461568829,0.654773768009301,0.965405835173134,0.728166199949733,0.0105888640278268,0.131296393710573,-0.0227975808252331,0.607834801667002,0.740905494335942,-0.027449318479591,0.228588092884312,-0.111756439879832,-0.116342771721971,0.127096515544145,-0.0335919270169801,-0.119440264674253,0.0115399831801205,-0.214183671789322,0.315335784358936,0.0238581419780653,-0.0159262462875848,0.0516123867465708,0.0155500472326477,-0.0235975226068144,0.224720709819431,-0.00475718550223218,-0.217767553551261,0.0982901124006469,-0.102333188888071,0.021129384598154,-0.143339936375607,0.965405835173134,-0.177709191678768,0.0150271165321926,0.162608910447472,-0.0924710919084274,-0.137740624955814,-0.0349146633923233,-0.0288302028686074
"Omasum_4",-0.0165516462987635,-0.0345737720652992,0.101787989761673,0.0591225725360014,0.111079274092645,-0.1284206772956,0.0366893442758937,-0.0499880736990324,-0.266843077355101,0.111948693812162,-0.00188985123150926,-0.240237768554016,0.227508158863945,-0.103402497187339,0.0645660978969158,-0.0499880736990324,-0.0411404607865621,-0.0259410509141477,0.122403167864463,-0.0217777884983759,-0.131302153050145,-0.110843376882305,-0.115058180996736,-0.0062717035041376,-0.0652901735132325,0.00251813260070001,-0.140668035841141,-0.321638856698295,-0.0372551448413457,-0.0110942419829731,0.0525624010505327,-0.0339545599916367,-0.0218946107267385,-0.061567743206803,0.00119191589879462,-0.122219361833906,-0.00162666284839445,-0.0992731542186154,0.00663940079300775,-0.0185710269900956,-0.240237768554016,-0.0879072510689577,-0.0171469055069804,-0.0165302671459442,-0.110831938592916,-0.274584847253289,0.00680132593389916,0.0347710977044023
"Omasum_5",0.428606979238993,0.0320061766810974,-0.133529396600156,1.35205219389553,0.2878218657498,1.19655328311213,0.0146285052798116,-0.0934045752751149,-0.342112285064428,0.399946821198155,1.06047404391614,1.31489292118472,0.528586269085407,-0.0939022059780561,0.0639017778145921,-0.093404575275115,0.980536232333481,1.14809039103841,-0.0186540824532212,0.3340395433015,-0.161141867040103,-0.0351090347980083,-0.0635718211291039,-0.0805214527911804,-0.150050646939865,0.0712096074547483,-0.159776751968706,1.39137602361777,0.0598610919868113,-0.0241748603015175,0.275050096542525,0.070785325110089,-0.0552479699216819,0.485750690334593,-0.0464592573824613,-0.256890105602567,0.208896556474709,-0.153948249796509,-0.0305884040274437,-0.198226487382393,1.31489292118472,-0.157443812802784,0.0200731169731008,0.215771493793461,-0.128696018907708,-0.151804282727435,-0.0994140630561507,-0.0798426098669421
"Omasum_6",0.591675069782368,0.0644216060459578,-0.0641316536698387,1.07538190408478,0.447055619707719,1.270780148836,0.0454413567542502,-0.00263962052684668,-0.246684582120563,0.460452891388131,1.07700541734872,2.15974719343342,0.68024800673306,0.057962622100768,0.0300878852233603,-0.00263962052684669,0.961964266953342,1.16381110719559,-0.0515420032505896,0.363194996096602,-0.14239192745263,-0.00355083135051828,-0.054706020279673,-0.193756134807981,-0.103543213578132,-0.0297325066165126,-0.211267254051335,1.51523359178368,0.0455091235661987,-0.00959350447996966,-0.0115405546876883,0.0418529054534396,-0.052029829729187,0.634501699696268,-0.0385445575469661,-0.239249428748268,0.427878543740454,-0.114275567782052,0.0307238192684727,-0.195047700889731,2.15974719343342,-0.180690004654535,0.00067396594998964,0.271119519364476,-0.0822943182056231,-0.137693426770512,-0.0411977385105601,-0.0707912422949554
"Omasum_7",0.301138978590768,0.218642417382256,0.0209265327987918,0.160788017073716,0.355380591149966,-0.203696081317042,0.0656560028355393,0.0337132541055493,-0.287796392980803,0.424489397196146,0.15965112384964,-0.0596772582975142,0.524667690000013,-0.0136605582979456,0.281798738751453,0.0337132541055493,0.0679520573161722,0.0589933943048997,-0.0734602114907996,0.201924604950966,-0.0770479540378623,0.0928671146386111,-0.0211302534997864,-0.136825963371081,-0.133633809102056,0.0818813810504476,-0.162589899541088,-0.0999198117314283,0.00523493013735124,0.0750924901999044,0.0897319399587486,0.0183660301205574,-0.108233041744742,0.00771644848693103,0.0460972249731318,-0.122720371641915,0.0291732637266896,-0.10224645871261,0.0553878534725091,-0.00403444528165353,-0.0596772582975142,-0.0829669229665899,-0.00731768752456091,-0.0103862228677582,-0.110584381162296,-0.155441746613799,-0.0605060241037062,-0.0144874564038183
"Omasum_8",0.215446524028677,0.124443135445762,0.0635603568343599,0.00286615017778933,0.157393224851287,-0.124960254023281,-0.0696341033071421,-0.121942812963032,-0.0844927684502471,0.20438384217094,0.103547726396399,0.0379806810392484,0.280849313876051,0.0219950253421882,0.229569439837311,-0.121942812963032,0.0482243894831961,0.0672641394624582,0.0434367517897786,0.0673887246618134,0.118362483624625,0.127976163483287,0.347045138561636,0.0622843170185235,-0.0431813446615837,0.257168399750546,-0.0183113812762736,0.00133444753959983,0.0539305335997603,0.12528174174473,-0.101360443107807,0.139031107271349,-0.101076690964081,-0.0293930016583568,-0.00956697871787998,-0.0609279143962421,-0.0845355965895216,-0.0520933043343686,0.133113080560183,-0.101230855757515,0.0379806810392484,-0.0652284896422509,0.011755877014078,-0.0234685453998369,-0.0613496047241108,-0.295021474588141,-0.0220930788041645,0.0337621566751716
"Omasum_9",-0.00562764715137944,-0.123886738323368,0.0020446320122156,0.00237333330701425,-0.034512385875251,-0.185983292927728,0.0313858988034553,0.0426234871718206,-0.084344215262868,-0.0279630092422923,0.0659429358260616,-0.0852617954613559,0.0444240310373462,0.00889326011186116,-0.116750335190886,0.0426234871718206,-0.0889015501799923,-0.0611784137433793,-0.0440796572216919,0.0725592112327966,-0.129533446710443,0.176256533531492,-0.0628497488868524,-0.151713064821362,-0.170215572478468,-0.120887004960369,-0.143546677929687,-0.223039476245416,-0.0537621212280696,-0.0484762991764069,0.0612733701604135,-0.00923973715718722,-0.0697656731739763,0.0231394801872396,0.00252357948493678,0.0535461191807493,-0.0439714454833405,-0.0173805321314635,-0.044379544663457,-0.0365813553939318,-0.0852617954613559,-0.124791521247964,-0.0171945100561156,-0.0996875902804446,-0.0594146383822601,-0.0780799215890681,-0.0505208629893535,-0.0691500070787451
"Ovary_0",0.362192061719564,0.725259247119528,-0.0908999284758799,-0.279765993225091,0.38442376174943,0.0133511273482927,-0.0220703852479424,-0.0323965727632345,-0.309788773062466,0.473180765402229,0.923438910604073,0.521889707894428,0.319338689114237,-0.123999124312968,0.0388319126625689,-0.0323965727632345,0.928962224171544,1.05079969574677,-0.0702347776243069,0.341298414276613,-0.171031373442315,-0.179387361436474,-0.353439000235463,-0.131575902342025,-0.120012353947454,-0.221166484533798,-0.12836213053072,-0.383484944945881,0.0191349713646927,0.0652380259193463,0.33324513358053,-0.0426721759540802,-0.0665926959380416,0.1939705780984,-0.00129376136920947,-0.326854809013115,-0.117420349095884,-0.0611754806704512,-0.215101187995815,-0.137146815491649,0.521889707894428,-0.158593605213757,-0.00348946039457027,0.336136009076005,-0.153008169555183,-0.369121444173747,-0.0665643566641466,-0.00997367077795413
"Ovary_1",0.0340570284714497,-0.0111192001893802,-0.0885054980193814,-0.0698709669252683,-0.0415948241571513,-0.152111789573702,-0.177361155518913,-0.0869779061724786,-0.268695174698846,0.0358648065071485,0.253330703660847,0.364229395573538,0.037348183828155,-0.136388312954143,0.0877203110306046,-0.0869779061724786,0.246479061079024,0.308538191545045,0.0544892729846349,0.232864113039062,0.274720670643519,-0.212770090908111,-0.0881882382937031,-0.0203790884754818,-0.113717270072753,-0.212949501815607,-0.183383690531313,-0.276593803727055,0.0940555395317955,0.0410632886547371,0.282037627414604,0.217810647194371,-0.11377244227886,0.134597372977554,-0.0244201919892753,-0.145139730154305,-0.123667652993662,-0.136042807295942,-0.117944566809629,-0.161085283765018,0.364229395573538,-0.202217180940771,-0.0454240505330617,0.155537312728566,-0.118242879148797,-0.240485687405182,-0.0736654986007155,0.00494779775677591
"Ovary_10",0.108753065874095,0.0580810745577443,-0.00294638157397456,-0.00801016181653088,0.165122965092065,0.0266802468530169,0.0214915418750868,0.0301207094201841,-0.122160792678216,0.102750138479453,0.147750780968505,0.123438456898829,0.591215644741021,0.0290936423546432,-0.043857857532807,0.0301207094201841,0.192804762787727,0.192609791846508,-0.00384057520794847,-0.0345204346966734,0.00594426362541619,-0.0746017966564061,-0.0257043022606447,-0.1171849249883,0.0960210401688334,0.0135161213362444,0.0263402640593281,-0.102652068171584,0.0171957530102754,0.00520791673341779,0.0927246501383873,0.0230566678116763,0.358775140531135,0.0348591629974599,-0.0100981666052622,-0.189900449632878,-0.0378319458493995,0.0930630767366274,-0.0196850993273047,0.332663747909124,0.123438456898829,0.385237331070063,0.0542726650167779,0.0407569175529829,0.131255823532449,0.581307923252763,0.253079812430916,0.147753645158341
"Ovary_11",0.266250935443438,0.491722038173175,-0.132614523026967,-0.268728683632239,0.317044180743786,0.0370810991451385,0.00700963586396655,-0.0400782340286581,-0.231717254965932,0.36868210942433,0.900117286956723,0.576622265171746,0.249825482211958,-0.173207119724288,-0.00223630017346966,-0.0400782340286581,0.875793100173812,0.938399697311648,-0.0291074063457704,0.433848391451314,-0.149924352979422,-0.254634050497061,-0.323568906307939,-0.210845351677367,-0.201359133886841,-0.13644230785597,-0.0439249074591276,0.260541185649409,0.0300603481034933,-0.00152378372037667,0.552798047561323,-0.0485388607464908,-0.0651424733917995,0.276182797019519,-0.0681436920440241,-0.404407878250617,-0.0601629147233515,-0.114613144116531,-0.22179465812043,-0.216358523347681,0.576622265171746,-0.200470925968176,-0.0342642906224148,0.325923131893352,-0.17813512518307,-0.361892607211119,0.0430309902351358,-0.0572869469441392
"Ovary_12",0.0255482103583711,0.200394773790936,0.0151126297980022,0.0165140470192041,0.0874861242721455,-0.132848563319063,0.0706508523820562,-0.0449565121660924,-0.0948099179127039,0.220092507524732,0.263976556592288,0.133073565574245,0.177284663638907,-0.0708860031296011,-0.0535083244239161,-0.0449565121660924,0.233507027185199,0.284216082320099,0.000524016171093831,0.134243075832877,-0.10266853088179,0.105018393733135,-0.165081912549441,-0.0247571310737046,-0.120483247056301,0.0875933225669807,-0.172831042161452,-0.313356697448355,0.0234769433479998,0.0819211598660703,0.270860561877289,0.0836988135161178,-0.118295373306087,0.0851456298245184,-0.0134854477210983,-0.0580074475397145,-0.061114027661077,-0.143516748971958,0.0810886478274675,-0.124431940192591,0.133073565574245,-0.159096301478777,-0.0306318394330722,0.177082777444639,0.00965932121008595,-0.176180359383902,-0.0875014256075706,-0.0842608833195514
"Ovary_13",0.454170985625724,-0.132967898961724,-0.0151652096546728,-0.187073146621213,0.0941400711181486,0.251637105424092,0.0268135746811113,-0.0301589791289724,0.076008446351205,0.362554634272581,1.24973762305179,1.00465112611956,0.453736482905389,-0.119175939897884,0.606945503920555,-0.0301589791289724,1.26878452149007,1.3228057582449,-0.150869619034961,0.499797712082024,-0.299788675764632,0.151049726480558,1.10459917461482,-0.154800624422038,-0.0119092704943653,-0.0739273415616215,-0.0719639658216508,-0.415834088781459,0.0713698030307403,0.0525559796172829,1.42622590628112,0.141114195046203,-0.048134688825686,0.452339372122027,-0.0278671292002563,-0.313407605939843,-0.0313230064624635,-0.115743107033872,-0.182828928334418,-0.132731783536549,1.00465112611956,-0.149091026993622,0.0199251253062148,0.285232050873474,-0.0267721387042071,-0.286649497596787,-0.0475831683850099,0.110477643142327
"Ovary_14",-0.0825023311630811,-0.110079516183553,0.00859333301273852,-0.0250843350247218,-0.0975126417412753,-0.16595059884861,-0.0465320081948702,0.0186639881326706,-0.0101787959580186,-0.0988808958811415,-0.0589034261118449,-0.0243286144721265,-0.102092936578938,-0.00644595381879668,-0.125799609697356,0.0186639881326706,-0.0936123613092265,-0.0758366393451405,-0.0197022103397739,-0.0695537633655103,-0.147852949603568,0.0136430968523009,-0.104098314661436,-0.0139131854568208,-0.0903840175652414,-0.12896361012973,-0.130985885095091,-0.253522926360578,-0.044434030519888,-0.0519936828756455,0.0789888942104052,0.0145901600534812,-0.067864457302468,-0.0477632280367034,0.0012159174342801,0.17574532496287,-0.111790643248507,0.0589093817104492,-0.0436552928993814,0.00180792215507858,-0.0243286144721265,-0.0962046803146013,0.0350170391128631,-0.126093426051354,-0.0669113163930406,0.108964231531904,-0.0384252827584574,-0.0290856649965856
"Ovary_15",0.241459647293644,0.157731370723543,-0.0268138777967781,-0.142024351183136,0.143468485336152,-0.111331065748056,0.175507655985388,0.119717953195782,-0.262408959269969,0.251791884448188,0.256350083538454,0.0455482103537056,1.311356054327,0.0491049434832065,0.00760106154567628,0.119717953195782,0.330385257076617,0.429877253872081,-0.0970941991159582,-0.0847733655933217,-0.00603274623575601,-0.203721587155414,0.060369151546198,-0.158634124026245,-0.100939120419063,-0.20516003193175,-0.070661655420435,-0.314594709910235,-0.0861683784201654,-0.144327113076276,-0.108044133132084,-0.125457324416833,0.000406941321066267,0.228848019173298,0.0451505838043106,-0.179361891343248,0.0206814625426147,-0.0692658577744091,-0.0797988738907543,-0.109033858294258,0.0455482103537056,-0.14269040969219,0.0466295584396321,0.501529459040812,-0.00628508285129224,-0.0847881206945993,0.0156838167571045,-0.0861441812780194
"Ovary_16",0.0225312702682435,-0.0849416533716856,0.0301117292972019,-0.0225585286765126,0.0956342737948885,-0.0669952101329369,0.215067100141425,0.124591685557161,-0.213991719240676,0.0857837932667615,-0.146155330509622,-0.303522774877864,1.18570405686317,0.0854886799959215,-0.0855814431712714,0.124591685557161,-0.111253087443306,-0.0977231889829975,-0.0747252054005819,-0.175423230245427,0.0167283844433417,-0.199276890738396,0.111339544861918,-0.20369693896036,-0.128051696001941,-0.168498400915375,-0.0478067418970946,-0.248423152035252,-0.135124025144891,-0.153337785941665,-0.222649094781876,-0.130238990901496,-0.0505977550106833,0.0238732168136923,0.0474954266458065,-0.142244138478954,0.0481606600548068,-0.0682253447325736,-0.0990873343384508,-0.113545301856378,-0.303522774877864,-0.103559952933734,-0.00319230125220712,0.0682888804074816,0.0262317754801619,-0.0807170368180591,-0.00655849083177298,-0.0826111598144905
"Ovary_17",0.0187504606478433,0.18974773616361,0.147076069339321,-0.0824157698202623,0.11526419174328,0.00867449115823402,0.016273256462885,-0.0756147118046526,-0.326105824046439,0.145676788437743,0.216679945998935,-0.0510012728149446,0.364271623443759,-0.0673681034008756,0.00674868077783069,-0.0756147118046526,0.188560095385788,0.226537148204283,0.108648760102274,0.0590532200346078,-0.110064835652707,-0.114892584208013,-0.148003165287471,-0.0411881660139768,-0.071741859251796,-0.109201918473431,-0.126882220268168,-0.415994779599239,-0.00793797164956052,-0.0121147539449067,0.276391585072554,-0.0268726459723505,-0.00216890367912505,0.0378550077041073,-0.0264478536375109,-0.175263968698124,-0.0420737279243007,-0.0904016548713198,-0.0613990304355385,-0.040920052125885,-0.0510012728149447,-0.0926709121888192,-0.0115872005757563,0.250336426923443,-0.0908456843907902,-0.392047477579049,0.0501990973017988,0.118592612967798
"Ovary_18",-0.0447902832410745,-0.0605346092801792,-0.0273925805869701,0.0192964350381277,0.0669081385117243,-0.170418132146517,-0.00914115408396034,0.0948296732818773,-0.111773825264402,-0.0540346317807809,0.00288824458530676,-0.113809339498022,-0.155113437147812,0.0745698313807764,0.0772095882721419,0.0948296732818773,-0.0112537414025285,0.0362858041271726,0.0659747619421077,-0.09078330502438,0.0998070663269255,0.0381453711515314,0.0238022536781546,-0.0384574576538435,-0.0522836054099516,-0.117091314342093,0.0831683036537555,-0.264130305995836,-0.00984306518310456,-0.0358375535875727,-0.071915499305829,0.0333514777619021,-0.120783306852083,-0.00212396665352346,-0.00831421295258787,-0.0829200495123609,-0.0333834248179677,-0.0661052209510774,-0.0773358856183219,-0.13124866488308,-0.113809339498022,-0.114143172003447,-0.0426781435512905,0.0527589592542516,-0.0673966384577123,-0.257498446014265,-0.0225116138301643,-0.0118006225288953
"Ovary_19",0.229865468342355,-0.0278219806057439,-0.079485678252742,0.0524691948316187,0.497545699847839,-0.17725463070898,0.0485565647018022,-0.0333391723807929,-0.259163593180458,0.357496318595097,0.583456499973348,0.442440939287021,0.432678364575987,-0.0950661742487647,0.10441946115231,-0.0333391723807929,0.534987423457714,0.606205055360355,-0.0145413878479705,0.314071411975117,-0.18289217704637,0.197426355952629,-0.0953527412271255,0.0229498112022093,-0.0702594758889545,0.145757432847681,-0.186768728709147,-0.247347243732899,0.0143090941599353,0.044886457704544,0.398879594298626,-0.0297171432812606,-0.0888225123308803,0.177418031913239,-0.0183678745514265,-0.233400199494291,-0.0592921537381537,-0.136960767927622,-0.0505119244592483,-0.157235064583324,0.442440939287021,-0.18848082317435,0.0556408302863832,0.227328674144153,-0.0821967869036453,-0.288120228305675,-0.103105040529859,-0.0622971333201934
"Ovary_2",-0.0584449238730826,0.0789953143629783,-0.0754847300826573,-0.0354799797804507,-0.00670593322530012,-0.0307421097823398,-0.0460649068903975,-0.0506640175408284,-0.159547193205877,-0.00803923473109069,0.0162145404110723,-0.169406088053642,-0.126611949289664,-0.124156153355728,-0.0124701078008297,-0.0506640175408284,0.0391480689104382,0.0450085185291835,0.225314042669191,-0.088123769665148,0.040954186882216,-0.21215980977337,-0.162279216187796,0.0764822531472483,-0.0672303756543016,-0.0439757015921946,0.00341917275954418,-0.396031217520548,-0.0334925801316663,-0.0254088026768491,0.0586537831438145,-0.0452310394441422,-0.102393444875287,-0.0404766893411824,-0.0131728400521309,-0.059972260174704,-0.086536264435564,-0.11250918379561,0.00777757267565636,-0.0885559327848526,-0.169406088053642,-0.101630752049607,0.0443732515784146,0.205358685777622,-0.110365362150072,-0.480949510631897,-0.0258361395164088,-0.0302482013484821
"Ovary_20",0.157811188735239,-0.00626331707252675,-0.0763447884395935,0.39695213994642,0.348965844458186,-0.112028857697098,0.0949767012325445,0.00173875137358739,-0.126576191077594,0.323022054574036,0.604394647799842,0.306436946356096,0.746264323390679,0.0381039310160749,0.00456478374608763,0.00173875137358739,0.512444434613724,0.548299875306783,-0.0424026929708668,0.49537234274821,-0.154084289030474,0.0710681364843181,-0.203650559440613,-0.237160550722436,-0.130900686185215,-0.0980180828741963,-0.174493062115716,-0.228067625171104,0.0321262789742278,-0.0378367070625758,0.372831364223757,0.00327748068266259,-0.0830124219235145,0.386311151423644,-0.0150430183249736,-0.271255508381102,-0.0394621100628985,-0.0958583193492717,0.00663395943709666,-0.0856803206823726,0.306436946356096,-0.112090200150054,-0.0103918870759095,0.286167287791848,-0.118441815163118,-0.238846529088559,-0.0871379389301456,-0.0941106975873473
"Ovary_21",-0.116093813643949,-0.109401919167041,-0.0851377182627635,0.0359637292990124,-0.0599110358545794,-0.144913924476289,0.0722469064241651,-0.0393762005332119,0.0426259994329563,-0.0572975455552939,-0.0674507877823083,-0.371842970119034,0.118691061229177,-0.152688892826088,-0.101563629339884,-0.0393762005332119,-0.0776468980211345,-0.103383299647555,0.119839980017294,-0.192035062994293,-0.124661828081992,-0.0932391929456919,-0.109806423527823,-0.101252909341403,-0.164159253107479,0.126966759605635,-0.139290119425708,-0.307716662490238,-0.0312515523384425,-0.00588048766446761,0.0303612823634067,0.0487101221447815,-0.120138348917883,0.00201392496777394,-0.04182914373138,-0.0636739154196793,-0.0900724342329042,-0.15925693968303,0.148284087950769,-0.0739842953152716,-0.371842970119034,0.00586934035542418,0.0656633590336207,-0.0651606559767369,-0.129809474924465,-0.419131822407353,-0.0530656589029702,-0.11715972895447
"Ovary_3",-0.0759561620315399,-0.0308932389907352,-0.0856346883281624,0.0179879453494394,-0.03627521502053,-0.122788295774317,-0.0721601628469867,-0.0855127583491488,0.394831388447236,-0.0169990346149071,0.00886637006786727,-0.0667079300181558,0.328009993667838,-0.108368397355149,0.0497853911056011,-0.0855127583491488,0.010124784392058,0.0262638399370152,0.238100829040128,-0.0783275601565295,0.142640798041642,0.00552528403811147,-0.214029075112775,0.000468170119670277,-0.0681826364133952,0.199343414605657,-0.130127442122971,-0.285247309168184,-0.00253990129584816,-0.0166983640024974,0.0210797284082169,0.0922989415999327,-0.0670920087680614,0.0234943832845029,-0.0196992345409437,0.100435483335963,-0.128823537819427,-0.0562298284349586,0.17424920025901,-0.0573857110238662,-0.0667079300181558,-0.126516810466229,0.0555912209188377,0.125417851838005,-0.111706506812773,-0.544823487542081,-0.00118266894905435,-0.0636736561454403
"Ovary_4",-0.0388504038460108,0.124517151108932,-0.0844669387396235,0.0703656905747202,0.0265705534471874,-0.101428700996866,-0.0866270695033895,-0.0650122224228734,-0.0624447057395843,0.0415334365567407,0.113416963620546,-0.160300824953704,0.157832806712391,-0.119306515370145,0.0286291395760416,-0.0650122224228734,0.115472568364548,0.10876848529787,0.140532594714217,-0.0596139507910948,0.0934776087843482,-0.156445902555819,-0.183218249587441,-0.0493396066182319,-0.0428249571951505,0.177695785674442,-0.137400839985241,-0.323566344325305,-0.0124462454063196,0.000147980477866124,0.0807679495159266,0.0213132497398729,-0.0601795841101794,0.022740901128962,-0.0227828006330284,0.0284950257133412,-0.141485960331796,-0.113808878611911,0.0464360732513106,-0.0607492572461464,-0.160300824953704,-0.132206830953484,0.0694318304065329,0.149863356228621,-0.11775982494299,-0.452707650260248,-0.0461756420190598,-0.0088054438416826
"Ovary_5",-0.0484817015895157,-0.0359069641274845,-0.019126610638396,0.00589574243706049,-0.034323476656942,-0.133134606636434,0.0845820161307421,0.0765193059732727,-0.252944369916429,-0.0502013855115994,-0.0751760279613911,-0.206194469066931,-0.222355965914253,0.0286930957742694,-0.079893161033348,0.0765193059732727,-0.0624227987949638,-0.0572006783589109,0.00345586362161402,-0.0960863182537898,0.0885267744269274,-0.183713688152534,-0.00764952833879058,-0.121256184490167,-0.107030177048866,-0.101395228616411,-0.022842955723148,-0.276806439024594,-0.0743658423893436,-0.0663566667055959,-0.0788827719926348,-0.00650799040419201,-0.0775448859517071,-0.00146608823786699,0.0203496428264367,-0.125748208665914,-0.0162190816069337,-0.0742579659216508,-0.082737865542668,-0.101720641257251,-0.206194469066931,-0.116743562722705,-0.0427527732130749,0.0504022163175644,-0.031721490536198,-0.20865688814998,-0.0191356297939233,-0.0541065698642672
"Ovary_6",-0.0404519526286437,0.103593446743381,-0.098044169894654,0.115715431158772,0.013844713094627,-0.153941075331144,-0.0904171797286522,-0.0912044310370293,0.355842590348637,0.0865015754378935,0.148742112466912,-0.0320895200868055,0.388510735993012,-0.1342424641749,0.0148123194674581,-0.0912044310370293,0.17090949824834,0.176654833783281,0.283770136385767,-0.0704695870957744,0.0783418477729388,0.182342580914396,-0.232639210435256,-0.0981505472692081,-0.0996031080172207,0.154201533291863,-0.204753962128456,-0.382357792797401,-0.00176290755862,-0.0266575753537155,0.0692980614771208,0.0844439164080578,-0.0809074966159678,0.0410912245741184,-0.0292618235580591,0.0475992939140057,-0.140143758489398,-0.110571136133924,0.163008814815758,-0.0256529568607095,-0.0320895200868055,-0.124002527609444,0.081564629988202,0.198945134927612,-0.143457953621399,-0.525537908819914,-0.0416650014285693,-0.0307535757379499
"Ovary_7",0.108231187386219,0.272712360430091,0.878729906567166,-0.023331588129247,-0.0162755921931757,-0.176954872377118,-0.0733866840069962,-0.0669110235760527,-0.150356057021864,0.0874931770297639,0.157362600565384,0.0517410265881098,0.229596625011644,-0.0853962446681145,0.0884968321145695,-0.0669110235760527,0.124519778665904,0.164160443284581,0.0373865124971229,0.151176539060954,0.264772980843684,-0.108704909976388,-0.102221158582007,0.00685538253023616,-0.0948686126368558,0.0189281223955893,-0.129469090653578,-0.195616857307562,0.0465627877186483,-0.000201771982920098,0.231682208035293,0.112984297533052,-0.0896289998707659,0.106888309700611,-0.00639616107810028,-0.028764478009563,-0.115561004411876,-0.109749711300283,0.0404718418437871,-0.135076761001871,0.0517410265881098,-0.164424656238929,-0.0526034403509203,0.159649251400952,-0.0826389098210347,-0.206102239146357,-0.0406046392632952,0.00693226056482776
"Ovary_8",0.239350466808057,0.171713803767839,-0.00873531898535829,-0.0831857421512634,0.413761889715156,0.125586519677248,0.147788569210069,0.0354061881716047,-0.227674180389212,0.321505033442242,0.654091372402858,0.035895982065424,0.794690134595259,-0.247845517981631,0.264451832222112,0.0354061881716047,0.597863242730699,0.652635205907643,-0.075742698918591,0.18051354333701,-0.121888625510848,-0.129883036667338,-0.0898047043055107,-0.24701042490562,-0.137562205305479,-0.163984705598351,-0.118825842083569,-0.339766487883517,-0.0354953706304217,-0.0630107250666036,0.146963225900289,-0.0535492056490725,-0.0489468615398562,0.124101030985755,0.0192620154230684,-0.164419551925078,0.0172960156735333,-0.0879600513593003,-0.170790462660827,-0.12400556306471,0.035895982065424,-0.116823880839196,0.010073447881194,0.124642443519363,-0.0515318155002592,-0.232878741886754,-0.0146557399950182,0.0149034378929541
"Ovary_9",0.260853143705616,0.47040436222914,-0.127048437903725,-0.0263386747643184,0.267660980712725,-0.0871128228586236,0.000344934762181833,-0.0519745963007329,-0.169992360517653,0.390668012268483,0.879336010255301,0.333216103765156,0.0981707177083935,-0.279705953125486,0.00411812256263542,-0.0519745963007329,0.86620856681319,0.95081481784326,0.0195276341060726,0.277257197743806,-0.153376992957111,-0.122599264000986,-0.282545887639032,-0.188905663370421,-0.185037731637231,-0.0821849959591939,-0.124134380225622,-0.415896441328886,0.0287631061397128,0.0155663578499299,0.63166388541576,0.0202170934727563,-0.0716363190081735,0.174919240070258,-0.0362735449190556,-0.300137207508223,-0.172051803072503,-0.150555789936315,-0.160502282465279,-0.120047619405919,0.333216103765156,-0.164817506060555,0.0212922627863741,0.288165842515124,-0.18285465238733,-0.359801459670973,-0.089380403845408,-0.0399978346347679
"Oviduct_0",0.0409610719271342,0.359668506188097,-0.0735964801583069,-0.0216049663155031,0.140552023438513,-0.220377197456381,-0.0550401462554659,-0.0831467809235849,-0.143391806897129,0.201549540282401,0.165279861772387,0.146804811605069,0.38942069209361,-0.0349877509268185,0.130287186892802,-0.0831467809235849,0.21095005556445,0.195811938438728,-0.107837392523797,0.090884780016059,0.199024078696681,-0.2470252336351,0.0177138715433006,0.00719419654594852,-0.0294556044044682,0.0677578434772978,0.0456563413212538,0.554435402365882,0.0372045044715238,0.157759408671693,0.137758691684026,-0.0147959772466559,-0.108355414067826,-0.0174505101837868,-0.0494422121201228,-0.0345665470364406,-0.110860825170528,-0.133751611749845,0.0100257745354795,-0.0481315875273119,0.146804811605069,-0.105873805826625,-0.0157122724293945,0.0889756137739846,-0.135570294721623,-0.21837035167909,-0.0389272666387946,0.0392754386492866
"Oviduct_1",0.0501539555675348,-0.0258971729204101,0.0155023544447005,0.0426294434758413,0.0661072011490799,-0.181999743890096,-0.0135915717777127,-0.0800871384916079,-0.205878091864474,0.154872418565104,0.164568305611747,0.0976874284872288,0.741677560734822,-0.120740194278239,0.226689527751074,-0.0800871384916079,0.156493736735343,0.189952677934909,0.00167227267710737,0.0883049679800995,-0.0884829188767895,-0.262346969143909,-0.168584540447366,-0.00817116781782606,-0.000451401338837095,0.265972544785054,-0.0936748147850146,-0.314854830487751,0.0325570817778915,0.0115397176593078,0.265367655659364,-0.0487767128911375,0.0322548201214623,0.0465531945001391,-0.0263594122873345,-0.152850259764011,-0.0302923959371878,-0.0776169770495152,0.00966646598199008,-0.0597618242513744,0.0976874284872288,-0.124142102656476,-0.0306623425867453,0.0826658856951913,-0.133528362305293,-0.420323545936733,0.00309631110697382,0.0857011384779074
"Oviduct_10",-0.0455005852734775,0.121709166858938,-0.0570235584619562,-0.0174656262053034,0.0794181528512906,-0.143280014143561,-0.0230902402629314,-0.0121626573969544,-0.149732899761858,0.0880672947836448,0.0354139467320497,-0.0601495152177688,0.206905429267761,-0.00212397016923125,-0.0807233658190042,-0.0121626573969544,0.0445533992326024,0.0394741521613152,0.0127832397132752,0.0217015158631482,-0.0614364183189497,-0.0577948895301579,-0.0683675140623079,-0.027066307811012,0.153749296061121,0.201261528221937,0.0256778745267271,-0.202591674327459,0.0309174213251413,0.0142453126656408,-0.00418827873601629,0.0619034156798991,0.253467659662016,-0.0456730229062054,-0.0376240446791318,-0.0166551189533087,-0.0488968418923027,0.0585050959528974,0.131788939800974,0.206270434212155,-0.0601495152177688,0.223788475508751,0.052839770734476,-0.0439476060795806,0.116503325727818,0.492856803250861,0.266532757577231,0.215231298998533
"Oviduct_11",-0.0175964771446551,-0.110955218655807,-0.0163154319624246,-0.00467658696872045,-0.081379774904262,-0.21679209347339,-0.0809867485817206,-0.00595152315456257,-0.00425414958214603,-0.0623607174467301,0.0841341666599192,0.166448320451574,-0.0372068170516063,-0.0210437454058192,-0.0148710021748963,-0.00595152315456258,0.0402675907407315,0.0658125444334128,-0.0595287273528818,-0.00716704520734367,-0.185075457257349,-0.164235936154662,-0.103271658425125,-0.0536269596128467,-0.113510484053961,-0.106406717373387,-0.127901015025248,-0.256237128451018,0.0154526318254132,-0.0476317567867591,0.104964048000664,0.0329828580972264,0.00751924485237242,0.00980168014326882,-0.000904440651233593,0.237901565224764,-0.130547800900541,0.0534471150281519,-0.00274065880036948,0.108747406363021,0.166448320451574,-0.100105788294087,0.0611258659513836,-0.130094445414291,-0.0766078831288752,0.0709116589049162,-0.028783794034159,0.0135673100176692
"Oviduct_12",0.0315071520527724,-0.0960531068731962,-0.0912055908956798,-0.0253899354618776,0.0651856044217586,-0.362202355142709,0.0252344042127867,-0.0581576567188695,-0.291954712940624,0.035957452267105,0.177840605864453,0.169127853648851,0.306542630919995,-0.0928677202287601,0.117073079115221,-0.0581576567188695,0.13937871696513,0.146881970940767,-0.0928141533668282,0.285439838222943,-0.0385109902378977,-0.222523002145933,-0.132722280428525,-0.171355743784492,-0.127817518423545,-0.158720270993658,-0.176152240599718,0.44024878924466,0.0594703576553531,0.0354120533406218,0.179570307116753,0.139934295976665,-0.13260443874217,0.174051020213208,-0.019131125803918,-0.0692944020141912,-0.036585401882981,-0.119479337750793,0.0241851665350971,-0.176969969968541,0.169127853648851,-0.146130177040013,-0.0566066625664482,0.169346017458355,-0.0707859993858031,-0.182068050298008,-0.0973159511892524,-0.037812033958596
"Oviduct_13",0.0501427772299701,-0.00646096051342395,-0.0705599522741119,-0.0844558991843447,0.0200996603234128,0.0753820899276571,-0.0356298378692028,0.00565916999513226,0.453838643455216,0.112346498636926,-0.0574268945221074,0.21235752688596,0.28020440258568,0.902421857953149,0.0413529919847451,0.00565916999513224,0.015133606467338,0.017542740954896,0.143936024540184,0.0091999632367702,0.0310126546776157,-0.0811552635480355,-0.119746493780209,-0.00179154920659842,0.136288286992104,0.118014866541525,0.0364900369904408,-0.057975482999901,0.0668877126345267,0.0360913618262397,-0.0998454255215983,0.0871933269484095,0.424253536210624,-0.0162278428626903,-0.0381338220947131,0.0858382567439758,0.0948320476370402,0.160277225988313,0.262345594408586,0.338420899731699,0.21235752688596,0.545871715494401,0.102276584575371,-0.0530755981087962,0.299170596162242,0.907223434971538,0.348765799886426,0.224471621285322
"Oviduct_14",-0.0147531780036629,0.0214212068651189,-0.0710819565236415,-0.000845225480738719,-0.0161585714373404,-0.201925758395827,-0.0281777919776767,-0.0877966649448843,-0.0884847098421003,0.0401111095492773,0.185636111776451,0.204023194244401,0.122050503383053,0.0251585486754126,0.00506053081946949,-0.0877966649448843,0.216697947943809,0.206614006802819,0.0705170584320956,0.258786670944142,0.028388780461158,-0.235936436082585,-0.173998496119692,0.132797080817331,-0.0554940156739411,-0.09946439558499,-0.0495748924114442,0.010378611901534,0.0132072042067987,0.0894232913346434,0.179513472281591,-0.0146815963051983,-0.112072208587322,0.0709456150579967,-0.0631391482562054,-0.219192964985446,-0.0290985738790575,-0.111909741994712,-0.0557336129605889,-0.178459613816788,0.204023194244401,-0.173515353523529,-0.0261707898394075,0.101413935640547,-0.13355500838039,-0.17899778779654,-0.00525447333681834,0.0335873464830106
"Oviduct_15",0.103913157132092,0.579141901280002,-0.104746829800257,0.0264614041408512,0.305432945675674,-0.261956448762634,0.00462471235256204,-0.057234481753161,-0.158486646882565,0.435931273204038,0.364017068047164,0.305092801120739,0.857692190709428,0.0453642244749547,0.206360197118696,-0.057234481753161,0.378195489268818,0.368271705850705,-0.0948308113220402,0.323881837498395,-0.0412397731559367,-0.14516974205103,0.00141330895171443,-0.15560246417929,-0.0863012115458682,0.0695764808951831,-0.157184530143048,0.865565337483947,0.0794196924258112,0.133295723372628,0.16354835655255,0.0433629689806013,-0.0762653034847745,0.123931005167132,-0.0365404683782552,-0.152119652067157,0.00459833020609712,-0.105922073013581,0.0655462045212666,-0.0567869329746286,0.305092801120739,-0.118599083101596,-0.00661041363108582,0.0806520890508211,-0.181657580287443,-0.210331803126584,-0.0554976414366591,-0.00267812478153452
"Oviduct_16",-0.0218103845479011,0.087498711807518,-0.0559880763832765,-0.107451563337243,-0.0131150449331845,-0.270405596643037,0.0965090900386216,-0.101339340896026,-0.18321363555293,0.0634805120935737,0.058141660541482,-0.0348719927138353,0.0743108726335389,-0.0972850226312121,-0.00792935716938367,-0.101339340896026,0.104216384087703,0.102869478743122,-0.00185144239022432,0.0689196130992846,0.0754055494533615,-0.112240895559475,-0.100466006998475,-0.141377111203424,-0.0294320713896087,-0.161068772608314,-0.0841404065801381,1.25069670980817,0.0229344067163828,-0.00124210811361784,0.0793816866528196,-0.0819182547998111,-0.0923261061166624,0.0621094996727051,-0.00519861041975611,-0.0432893834993052,-0.0111434525859243,-0.125209223952291,-0.00945698011886124,-0.0477023707419429,-0.0348719927138353,0.0726894841251172,-0.0315227714280131,0.058829553530885,-0.00796737942550486,-0.201418791798359,-0.0375919528659407,-0.072571825155056
"Oviduct_2",0.107964042883296,0.509211536557078,-0.0883008257677826,0.0116337473181531,0.307535714702914,-0.250084499361796,-0.0979338747029771,-0.0712487558273669,-0.173949809417239,0.354742480858913,0.261359662827704,0.115864204673156,0.59062164514986,-0.0477665622840084,0.438875802487534,-0.0712487558273669,0.218250100188502,0.182171123628052,-0.142701282168093,0.202241439099446,0.43924541520317,-0.188737346773462,-0.0188057388965279,0.0588193150930114,-0.0563136405259268,0.306869815933758,0.0601975785697538,0.431195142779553,0.0557094646199082,0.167904907919,0.2231336498795,-0.000301733232987389,-0.0144723974442755,0.122623148974466,-0.0348719657200855,0.0656641815710289,0.444361913665649,-0.116035832021483,0.0675299228452794,0.0598454920325211,0.115864204673156,-0.103219076874047,0.020862862782774,0.0896598419385294,-0.178726026668222,-0.233551660867893,0.0857849388668834,0.180683228039133
"Oviduct_3",0.0567773833978465,0.387126037062721,0.0751431557227614,-0.0335217964743443,0.224483084526831,-0.246482980462345,-0.0748350035811698,-0.0946333047455198,-0.0102555261928707,0.346431166922525,0.198607768103965,0.125016399103388,0.524856835335897,0.0605150017354084,0.20197459680689,-0.0946333047455198,0.20694627826001,0.189915836149418,-0.0861443926564778,0.130114104357077,0.22260478586563,-0.183898283473509,0.0400706455961216,-0.00129373961067722,-0.0700911057307442,0.21982882966771,-0.0187063037891862,0.632776902528446,0.0539299384031896,0.176649231732561,0.0773455866791957,0.0556765769544365,-0.0994678938255394,0.0115007805781702,-0.0306041110599949,0.0826540660247266,-0.0549524518163435,-0.117186661694649,0.117459281999384,-0.0253902023877011,0.125016399103388,-0.0958032599353668,-0.029718680057408,0.0609369073556335,-0.152702174452881,-0.216693886325113,-0.0293045178658783,0.0505780664644148
"Oviduct_4",-0.0663278773598863,-0.0482978397561656,-0.0547056502510589,0.0463846651158691,-0.0239841531739164,-0.140488129636025,0.0454289140332789,-0.0525998497663163,0.000918840149172027,0.00709523455562153,-0.0243660718118595,-0.0566234903484784,0.110182412309826,-0.0717440892043026,0.129492338420997,-0.0525998497663164,-0.0061444511230313,0.00448483672711809,0.0255188616361521,-0.0878012505563393,0.149676106767152,-0.239734660257133,-0.165272401843889,-0.018670274606433,0.0224057415109706,0.280881064807803,0.0287968731259986,-0.324834830839639,-0.0128890615128425,0.00309493339022521,-0.0114058056805712,0.0547009606612401,-0.0557246078670569,-0.0194962547754065,-0.0080169378212316,0.0220382907047705,-0.0884569199402796,-0.00632627728036645,0.0386468806238899,-0.0711216440582021,-0.0566234903484784,-0.120579763383367,-0.00318179289084865,-0.0185315668940133,-0.0808585045606776,-0.549828541920322,-0.0147435452017667,-0.0642829571855603
"Oviduct_5",0.195238334718818,0.392823225152918,0.0290934237340208,0.0616020095406792,0.337439184773438,-0.253406894317918,-0.050713770080847,-0.0593875564585453,-0.082438592246506,0.431073016982502,0.510281902916175,0.694501312898023,0.939373737353075,0.0441157580274811,0.209544694910483,-0.0593875564585453,0.586329341191191,0.566190847887596,-0.059491155917743,0.37675146924689,-0.0464441589986308,-0.174983086063839,-0.150273608466588,-0.142654668497849,-0.104960505769305,0.0579041728624859,-0.10523088638184,0.827969764807125,0.0939499680922813,0.141596193936541,0.0301422558539696,0.0446927179072124,-0.0463056029597649,0.212192360937536,-0.0551127227651639,-0.101152494096555,-0.0318304946198531,-0.0720223403839085,0.0957771784690809,-0.0182348173462772,0.694501312898023,-0.106542065172792,0.0584699234959817,0.169036349093083,-0.140366175028145,-0.264656609476805,-0.0219407592131699,0.0313457004160418
"Oviduct_6",0.187734729721485,0.473394496276648,0.015442658193035,0.0370789477477496,0.367322451417898,-0.228814865631692,0.00175709734196773,-0.00910408191332316,-0.178144340172763,0.436959354873973,0.448366742931533,0.431622753090952,0.93443908365688,0.0363188116293147,0.471534421251952,-0.00910408191332317,0.438916660949015,0.41519387590636,-0.111797489089531,0.347106752918966,0.0859792200341625,-0.176462833523038,-0.106640971001153,-0.13450890207406,-0.117822107194213,0.172551366572452,-0.120660983047632,0.445141923903804,0.0666286322628563,0.0934579393508876,0.128859554641515,0.0199036181041909,0.0163979574912442,0.224167441343231,-0.0276573299335773,-0.0801549272966577,0.166954350530962,-0.076770851414293,0.0376984233775845,0.0228486752940988,0.431622753090952,-0.117294972540901,0.0221390812119411,0.137391207825934,-0.152275807557444,-0.21574306492883,0.0119819404344553,0.07694577102203
"Oviduct_7",0.227351923976234,0.144121660809547,0.624987887077192,-0.0478581540639576,0.0776785372815146,-0.138741030530474,-0.0166130754724953,-0.0705346250330681,-0.214454941119062,0.107735169077487,0.25078440631515,0.110097454906851,0.385452716014184,-0.0672141794299717,0.209451355921057,-0.0705346250330681,0.149905654993563,0.170453591054467,-0.0866117827582477,0.26771087248614,0.258243361619227,-0.1366836112237,-0.0087515511312666,-0.00812804795621459,-0.0716169071748004,0.263154896461898,0.150316495064457,0.240580185988405,0.0536276877382218,0.00644323907245463,0.13864124687825,0.115914272664783,-0.0753555542496883,0.093117070885019,-0.020786544998203,0.0133319399976106,-0.0489922113840007,0.000287561866408459,0.144594829638116,-0.112726810827442,0.110097454906851,-0.141782682319575,-0.050672067288552,0.145789648265136,-0.104730929842283,-0.200624682683005,-0.0588315879193113,0.0440008615854182
"Oviduct_8",-0.101570728825807,-0.0252102880236428,-0.0329488505613984,-0.0105552561480791,-0.0527012666928544,-0.156284827103163,0.109783248309494,-0.0150273184545136,-0.0345672959473306,-0.0106805862304098,-0.109470034473022,-0.327936930868966,-0.0543310031482447,-0.0670016252082521,0.0242912584134576,-0.0150273184545137,-0.123849096404277,-0.136245222732698,0.0129178284733777,-0.109770591196336,0.0315538476796331,-0.194511153531141,-0.118952966378509,-0.0882350923266563,0.0120266615238059,0.464584612652756,0.168173475886647,-0.25737694406564,-0.0418492382632013,0.00065236206113236,-0.0521449313464992,-0.0129163026355581,-0.0378142049704113,-0.0224731860808433,0.00537537917142589,-0.0209944848760684,-0.0801667460684537,-0.00343188981644771,0.0737372109286334,-0.0660671949623792,-0.327936930868966,-0.100947175740739,0.0200563920470132,-0.0396736316696448,-0.069191226337212,-0.438352196341322,-0.0451098363075127,-0.015535908899501
"Oviduct_9",-0.049624389716296,0.0785041180361664,0.0121288423777415,0.0856654949245894,0.470948907290708,-0.149590570839412,0.0178467919800015,-0.0234498037595328,-0.177578215155631,0.117141900364869,0.0381513380387225,0.0555985316058851,0.0493278832907115,0.00491804933412049,-0.0528884344878403,-0.0234498037595328,0.0115172155091102,0.046042431707173,-0.0573129068391142,0.00919712772613374,-0.117411704761976,-0.197285920216556,-0.0895081138311899,0.0433309679175628,0.430908989669885,0.111727802465545,0.0410327408474198,-0.0490002538811971,-0.00756616784926935,0.0948636184679142,-0.0741855613660814,0.00735448840450709,0.0833931664306772,-0.0708853604453625,-0.00650539635621639,-0.069499107999044,-0.0539410406206188,0.0566963006446636,0.0605894299227459,0.138278350030849,0.0555985316058851,-0.0349558440004425,-0.0220426463997753,-0.0718244655566714,0.439763687694483,1.06097102890264,0.0335013651407376,0.123540903694479
"Palpebralconjunctiva_0",0.193999186023135,0.743342329424578,0.0814548472850248,-0.182431643006428,0.401643744835632,-0.0952394119848669,0.0655207952121343,0.0285245242717679,-0.185421422153756,0.351607316213434,0.217229758179936,-0.033468421580827,0.470179876639744,-0.0391862755002682,0.185689364767806,0.0285245242717679,0.212213517870106,0.141706489366452,-0.122167694159942,0.1835658019784,0.0189636212340307,-0.151596630444281,-0.0676167939496816,-0.14703260570117,-0.0862216002124745,0.0905769107886436,-0.0987485519367562,-0.17800506874967,0.030346268285358,0.0827910441514642,-0.0729017254029022,0.0135018067216848,-0.0864665240801214,-0.00703435394014275,-0.0151304939519605,-0.107344220654945,0.0439952521268876,-0.076834038505541,0.046403186985856,-0.0032768735096491,-0.033468421580827,-0.0763846746890376,-0.0291243578327122,0.00322554177015995,-0.126331533219309,-0.128112243798036,-0.0703765385297437,-0.0307790016887767
"Palpebralconjunctiva_1",0.0182979900647658,-0.0311006374426198,-0.0519899032089445,-0.0841531135897728,0.397004040713951,-0.176866579741428,0.0980807996862806,-0.000892692817994307,-0.140637535396463,0.261129357293958,0.0486939317847114,-0.210925766802733,0.0163180938199161,-0.144793130350707,-0.143840797544956,-0.000892692817994313,-0.0446634914598566,-0.0920833808788815,-0.126822020075096,0.162991170183468,-0.10707146777472,-0.0694273253998718,-0.0626400916551548,-0.0998531820792051,0.265607339602533,0.245444654293652,-0.133895733477964,-0.315969329310393,-0.0428688447339295,0.0824890566791912,-0.0811295947552992,0.0410051639007068,-0.0110002936772449,0.145977241229837,-0.00646102042256169,-0.223225075586605,0.0272254099162153,-0.0420676140897434,0.0990172869102792,0.0720469301209537,-0.210925766802733,-0.114325478482322,-0.031633305376982,-0.0466963523265453,0.522312195419643,0.386513976497676,-0.028445590132015,-0.0313351195588554
"Palpebralconjunctiva_10",0.0213800128482296,-0.127882567917392,-0.0788192830086293,-0.108713127972183,-0.000224575737732364,-0.232937136416523,-0.010421643100979,-0.00204080076261653,-0.13180742446813,-0.0219685494633149,0.0825582648355967,-0.180848650304157,0.0648418230961494,-0.061268355729907,-0.163118276779888,-0.00204080076261653,-0.047984929248457,-0.0722949050803304,-0.0753550982354643,0.100033630384065,-0.194933903905282,-0.0286382748889137,-0.0938843795590069,-0.197460364686037,-0.144812255583169,-0.0711021215786351,-0.186953898565214,-0.237846953133828,-0.0155398791222981,-0.015280770803693,0.123075381248463,0.079571431243045,-0.0883478537481833,0.145023205150332,0.276073494563079,0.0627645483211834,0.0989587417168401,-0.0226059788616603,0.0613525586303225,0.0548465257196149,-0.180848650304157,-0.228545311431315,-0.00961073479189782,-0.0199348308431012,-0.0796353586314395,-0.0557585010772234,-0.0471184043596381,-0.0709779194095558
"Palpebralconjunctiva_11",0.642937435305522,-0.186468710939638,-0.0743846792429721,-0.175216117759252,0.750364369913324,3.01858444466562,-0.0121434903462899,0.0719881596016485,1.23907695713989,0.175764146747733,0.679391470530567,-0.0950559676386541,0.40673703809397,0.227030434085517,0.117792430678289,0.0719881596016484,0.433181305451886,0.304229017021664,0.212577122295054,0.504369118189297,-0.131155204693193,-0.0486938358328794,-0.124313315091404,0.44220237813518,-0.072529909695484,-0.0379300275674797,-0.0934541572904261,2.34622058729666,0.0827790951137331,-0.0551528438080183,0.0484038208490916,0.055464936958078,0.3640707154999,0.661707598202204,-0.00824847896071696,-0.114099156569284,1.03881516386998,-0.0423309590371497,0.288154795309758,0.325171923997828,-0.0950559676386541,-0.0212596519908491,0.0350361421165293,0.262860909527595,0.0953829894498626,-0.157290543273945,-0.0409560181344155,-0.0853106352896559
"Palpebralconjunctiva_12",-0.00588761753614046,-0.069572949935765,0.184002907774316,-0.0948792370007082,0.119922847892462,-0.125645185732669,0.0520153501563769,0.186192145696441,-0.279936130289209,0.115782463385574,-0.0944245893004445,-0.1203260133633,0.794114336710562,-0.0240978170283939,-0.121023598116895,0.186192145696441,-0.0607296761613442,-0.0993634880790873,-0.0350100054463067,-0.0233156723652993,-0.108787476389728,-0.263679916961656,-0.125333610931104,-0.115508956291668,-0.0775972168905928,0.0254823145429712,-0.130294102752703,-0.407505520311858,-0.0573216287563063,0.02944805670771,0.138472468834314,0.00664857299633064,-0.108143103690448,-0.0794954131615374,-0.0465779158524573,-0.176908389478169,0.0234048338280653,-0.110399795684923,0.000304066631264656,-0.037487332740122,-0.1203260133633,-0.113400877393972,-0.00290774869997149,-0.0297178961217266,-0.0562227034484011,-0.282237937575674,-0.0482927486334676,-0.0930261240701315
"Palpebralconjunctiva_2",0.101809134558767,-0.0243523499275477,-0.102252844023157,-0.179863350987656,0.158648137056987,-0.0724560903368124,-0.0502814556824497,-0.0373907431685716,-0.095709052823756,0.259730574380931,0.222602226357132,-0.0257770316568626,0.255850157913519,-0.16205227891311,-0.0318290550553016,-0.0373907431685716,0.199199038087668,0.150674116764394,0.00130636790727505,0.00522657304204517,-0.148752976360469,-0.24892711635667,-0.162863820514451,-0.14846459262323,-0.179994620058886,0.0862050824788679,-0.184919854534323,-0.282098904129808,0.0158943780503924,0.043082007929667,0.088208795142951,0.202653055209361,-0.0667706779681941,0.155346258703741,0.0119540460431468,-0.169094144607547,0.0192360688480214,-0.0920014992525767,0.143828357186295,0.0481979229471591,-0.0257770316568626,-0.161815088813096,0.068420849232217,-0.0108531806319462,-0.120154316641982,-0.422927963566493,0.132126005471595,-0.106752589201057
"Palpebralconjunctiva_3",0.326732639606231,0.645974192776827,0.0956854686816897,-0.160074078156499,0.385583189581966,-0.181737477840284,0.0357922390661701,0.00448527886525995,-0.211187779467017,0.345007668164431,0.204108325208862,0.0875425265257825,0.701875625977736,-0.0676331186387418,0.496412668028054,0.00448527886525995,0.204598174008086,0.161440817193136,-0.0682279553009582,0.239320990562667,-0.0393521872467289,-0.136790152743238,-0.0528122630389788,-0.180436979073328,-0.0812822351717474,0.117527090389797,-0.142571941041129,0.0115592053559892,0.0326755892941236,0.119427505805511,-0.122768741106628,0.0672347708202196,-0.0738492316211792,-0.0329559248746377,-0.0254999063087308,-0.114236850646793,0.00883422253744746,-0.0585578724818261,0.0685028686614763,-0.00204828323093966,0.0875425265257824,-0.0597192379106433,-0.00163736061110608,0.00745397629247456,-0.121278477205395,-0.178984218424521,-0.069643449648161,0.0534133577866143
"Palpebralconjunctiva_4",0.417277597178456,-0.0924099801754312,-0.0745922206491485,-0.128951520817896,0.544320584959625,0.619181966344455,0.0232286680083668,-0.0606887440466729,0.172782589185917,0.162417498537337,0.487403456843802,0.157495110951291,0.318691711748228,-0.0554207209957477,0.0941415867268895,-0.060688744046673,0.365965420432807,0.374577018697302,-0.00662479320672862,0.21837840147196,-0.158937851974325,-0.0714358334017453,-0.106532478181805,0.226579714375216,-0.0183912245731566,-0.0519531015099418,-0.120895789475927,1.04754982610788,0.0285226427201714,-0.0434188024575595,0.0895156643036315,0.0487294740464789,0.253291933053649,0.33634152312267,-0.0367327136779759,-0.170403803546506,0.409556485320723,-0.0950647490900055,0.193024697444544,0.154620192458517,0.157495110951291,-0.145773442939771,0.0114965115101875,0.132055080936193,0.144228188795703,-0.0920921317525741,0.00120997720842771,-0.0539016452541452
"Palpebralconjunctiva_5",0.021461152579794,-0.0497387075171459,-0.0253233769503266,-0.15021947617763,0.12688798032942,-0.211927953940868,-0.00136697720807149,0.0561354346875502,-0.255410427936589,0.0969528308009079,0.0105040926579654,-0.0498947434904004,0.304326786599284,-0.12461833977306,-0.0282005743336767,0.0561354346875502,0.0389278976184047,-0.0238727285179064,-0.00685670681119818,-0.0212527546846331,-0.0521874814038814,-0.235323541812494,-0.118187640682643,-0.15924233986879,-0.105184713457052,-0.0098493371830294,-0.196966409787151,-0.294701136488902,-0.032596017618036,0.038090729487881,-0.0218772569330644,0.114878978279415,-0.0984154452888801,0.0262309521206869,0.000478316569774217,-0.0873668853973447,0.00302140178570621,-0.112643032019787,0.0708312569576042,0.00117527626272952,-0.0498947434904004,-0.162248725375157,0.0213212131350535,-0.0882998283982691,-0.0949397852874591,-0.374526610029421,-0.00825598062518442,-0.105396660749548
"Palpebralconjunctiva_6",0.0360191942641705,-0.165170996004254,-0.0405738780132933,-0.0935039082291497,-0.0433606616070689,-0.220551964400113,0.0230283211649474,0.0305483225752361,-0.180397198138199,-0.068545247449723,0.000668077918959962,-0.0489648069995307,-0.10849197784507,-0.0337971594085089,-0.0969615197989204,0.0305483225752361,-0.0821875659871872,-0.0909745696281027,-0.0276611353764731,0.0473070892615118,-0.140428260652406,-0.0229017345161574,-0.00305005846282874,-0.146039817393779,-0.101493205887791,-0.0927309721442199,-0.148893974795788,-0.175096708810738,-0.0220741079957212,-0.026344380856169,0.198517621423379,0.0314596383737753,-0.0395460038842249,0.00610676951222118,0.115801327742168,0.109362457692881,0.0136101008790538,-0.0441754233147548,-0.0115359739540239,0.031750696602352,-0.0489648069995307,-0.178771777427494,-0.0130433273379199,-0.0536003054380318,-0.0668350783498253,-0.0981546876234043,-0.0425721450558336,-0.0543061615343087
"Palpebralconjunctiva_7",0.0799919723415305,-0.15889738270601,-0.0461124211624634,-0.110461224004121,-0.00817800383783191,-0.130954256704238,0.0224654616680143,0.00797147164650548,-0.141558670290503,-0.0321701750119382,0.0992803668125267,-0.0306812243168613,-0.0285352548351579,0.0377957186959787,-0.144423804648229,0.00797147164650546,-0.0182346054027625,-0.0237600344974717,-0.0534416140398045,0.154051149945167,-0.15766271938904,0.0115601570148075,-0.0746295364590849,-0.189008823474679,-0.137739303002449,-0.0244835564378778,-0.154615694933634,-0.0244939695986907,-0.00497719910102017,-0.0277069320722875,0.250288992364768,0.0510666420130395,-0.048014093849299,0.0647900702987728,-0.00747539724347483,-0.0342812475122144,0.0573200781683242,-0.0368022403595365,-0.000747599711061004,0.0225933302406142,-0.0306812243168614,-0.185837751541584,-0.00939328708796472,-0.00826749722856878,-0.0484188324669833,-0.112852329880651,-0.0439065000475405,-0.0760652005026363
"Palpebralconjunctiva_8",0.133571326770123,0.392076090955972,0.730236939843309,-0.070381423506759,0.275667090940995,-0.162917557758899,0.0352416047446566,-0.0256555635919475,-0.0819315297253433,0.231635758799819,0.0794732858550674,-0.21057543555021,0.571494207042009,-0.0680723099201925,0.188318326680129,-0.0256555635919475,0.0343914809024997,-0.0305959781370426,0.00344991305083224,0.232588795508311,-0.0333559563495358,-0.20334888634267,0.0516032256027229,-0.191666898735286,-0.106302569780095,0.0763950083050899,-0.134157282487494,0.0470179284154271,0.0160189733068911,0.0883567634146368,-0.00992077314291577,0.104668630648221,-0.0601258183552751,0.0388047686868449,-0.0275750091267691,-0.103062730247118,0.0373299346178185,-0.0554987908985902,0.0992389742936801,0.00509091271605001,-0.21057543555021,-0.104931144386021,-0.000710412227685591,0.00773100528163129,-0.0459940167253447,-0.129264931911868,-0.049171382419498,-0.0333256642154454
"Palpebralconjunctiva_9",0.169311913407181,-0.127184076982936,-0.0223002029403628,-0.104684213836915,0.0383933749767678,-0.0079248014257367,0.10908820417791,0.0480494310902944,0.0410305456001543,0.0653643244042674,0.221109684118643,0.36483147469299,0.00251620003524132,0.0169420054131955,-0.137848620148349,0.0480494310902944,0.196154861234198,0.18503826739808,-0.0575641896514841,-0.0616400590454486,-0.120714298120167,-0.0386558863809257,-0.0379628612048571,-0.189444142053178,-0.105407943147327,-0.0390710067622779,-0.110094029350501,-0.194976022620847,-0.0293431449527561,-0.0106874222313967,-0.14665388299783,-0.0407250960881825,-0.0572339816400418,-0.0561069437264465,-0.0357150460571419,-0.182977046218287,0.058807341815029,-0.0253237199463497,0.0067214161111578,-0.0258017476000807,0.36483147469299,-0.118122807982762,-0.0538443407853235,-0.117085745914408,0.0245349086048556,0.0897027382603005,-0.013650270858168,-0.0880910767754408
"Pancreas_0",-0.0411151611582577,0.0444454002849909,0.0263042736144325,-0.0235714810327677,-0.0814962873360746,-0.0147464516469003,0.218951201004417,0.119462533448928,-0.26169163077913,-0.0047126337083925,-0.0509756480334189,-0.207628436305299,-0.379559970482744,0.0127823503054565,-0.135352969561951,0.119462533448928,-0.0499062467498219,-0.0231278489667086,-0.0955456565572967,-0.0762597411591036,0.00191286826833185,-0.189391901701936,0.0492150912407272,-0.217184731628118,-0.130918643218028,-0.101602112610466,-0.0955128048090722,-0.288047359213499,-0.138266442072529,-0.142768904501946,-0.223930709791085,-0.138569665684999,-0.112622074525878,-0.110766379941342,0.0517633195001127,0.0628774818011988,0.057181713730343,-0.0839688587680802,-0.125309577639737,-0.126329199792775,-0.207628436305299,-0.150246972464664,-0.0599796463883512,-0.222105974890179,-0.00351228056927349,-0.0504149774709053,-0.0350984441702375,-0.0632261898531114
"Pancreas_1",-0.0700304333734758,0.002856401671601,0.0341297126381487,-0.0198333456591319,-0.0871213347957339,-0.0422335260002331,0.236274425075203,0.130703055335782,-0.254354694362677,-0.0384398758674627,-0.128952165808103,-0.279560891027195,-0.42847007059503,0.0422424764051453,-0.164230038307203,0.130703055335782,-0.119173521691185,-0.102693538018939,-0.0951413627833804,-0.13236287060236,0.0171273662431327,-0.197851765083944,0.0696134009309566,-0.209474027607872,-0.136290191635022,-0.112140254592557,-0.0857640134529738,-0.268026612802354,-0.155270684291044,-0.158413626932895,-0.246625039127264,-0.144115230827051,-0.109981436173018,-0.128705035463795,0.0562192350524457,-0.0225075479266926,0.0596025418022341,-0.0754297506473325,-0.12926264963719,-0.12853540912245,-0.279560891027195,-0.143043368327609,-0.0791256582013874,-0.240164092879285,0.00839478978514743,-0.0431093520064521,-0.0297300755194982,-0.0812036804480077
"Pancreas_10",-0.182448434114719,-0.0581006411584102,-0.0576294056946133,-0.0971394578192787,-0.229515210417174,0.0757316379461411,0.117709891138095,-0.0271249334684111,-0.361216874364232,-0.192660185358341,-0.417441830959093,-0.423517899613754,-0.593445130240949,-0.0761051714559408,-0.145761566932766,-0.0271249334684111,-0.376260145939167,-0.3896913063149,-0.145700552072854,-0.260074536581428,0.0845652034816039,-0.0128802043428356,-0.0922497135328729,0.145228024600272,0.262515755170417,-0.179744867123272,-0.0180890739443094,-0.393401599663267,-0.0994248201682373,-0.0382640741758892,-0.216630110258111,-0.168611191349032,-0.107698963195572,-0.216569393460054,0.00789117298710575,0.233815766848436,-0.0490412489112204,0.0277290231632935,-0.213646984952714,-0.129742330679172,-0.423517899613754,-0.015219281751708,-0.0411194258257076,0.00154133923976294,0.00749296661765345,-0.124517652575172,-0.089179286115569,0.0910386503970188
"Pancreas_11",0.0263303857241931,0.016180703971271,-0.0876596236307204,-0.223549191314334,-0.129246166824322,-0.119969713320255,-0.0374624925122672,-0.0513509824229279,0.274390906871284,0.0533992877301489,0.279442046325773,0.387498415601087,-0.0957807720142876,-0.0122566632123343,-0.0911876271467873,-0.0513509824229279,0.330049196535708,0.357225740952832,-0.0680198040673416,0.58165558723098,-0.208833873604161,0.147098843139298,-0.166746461824143,0.00775188210236444,-0.0148623166953668,-0.145960426065202,-0.10707983688563,-0.424588059606921,-0.0322592512734054,-0.059007242941022,0.0136369540231341,-0.120463024113747,-0.142332013292177,-0.015356356675586,-0.016521409862042,-0.175828832260567,-0.089827918347164,-0.062845476627823,-0.259457246759975,-0.20353588581277,0.387498415601087,-0.0327672135400249,-0.0579947503060007,0.129362424638399,0.0142567992766972,-0.361901006045522,-0.127426996451176,-0.103494620299004
"Pancreas_12",-0.0212921519425671,0.189189108944946,0.341491445503205,0.00445774949819922,0.0022245890511782,-0.199249127505208,-0.0347304043513221,-0.110201097251537,-0.082893521383568,0.101259448134784,-0.0274368207129395,-0.0691955962083226,0.338173517963917,-0.182064829098199,0.127026632806595,-0.110201097251537,-0.0444589676428926,-0.0269825369309791,0.195416677608099,0.101162924115294,0.0063235848299658,-0.178870570806542,-0.219360494041992,0.271901307835993,0.092835998280332,0.0426325617916269,-0.0282224260133659,-0.449735273959619,0.00918723119246458,0.00525115201979735,0.198870077848438,-0.0424528233637202,-0.00553254765489019,-0.0361827083550959,-0.0343800316318903,-0.171394256588513,-0.0911415754102132,-0.0734995904014345,-0.00710871019268554,-0.104146241516912,-0.0691955962083226,-0.0740852492689325,-0.0249948836723603,0.0570281727781298,-0.148487094914595,-0.387036134771439,-0.00854826883627843,0.0853204316795646
"Pancreas_13",-0.0980191697314853,-0.116854637819126,-0.104624074841903,-0.0275348375327802,-0.166411467128506,-0.212476491771838,-0.274440697859166,-0.0766092561523497,0.429877602094218,-0.141538003164117,-0.0275199276952788,-0.0040298680647869,-0.124563470989484,-0.147994947944187,-0.190371713632033,-0.0766092561523497,-0.0454959458251143,-0.0289337372676239,0.0674535447412798,-0.16306441641536,-0.317163364346486,-0.111265466436188,-0.196351220272921,0.110636428044378,-0.129493488975483,-0.21763126938849,-0.222932577458254,-0.301653025940113,0.00317211793819047,-0.0606703013656708,0.0779616737092352,0.0412354447106546,-0.136354457050974,-0.11348986215469,-0.0462076820547502,0.429705691210552,-0.25047693651732,0.166382396697905,-0.0751486972599666,0.217077758863153,-0.00402986806478691,-0.163810388186709,0.0877296872297242,-0.207274935392345,-0.0933760943595997,2.49569412945693,-0.138880199793567,0.00771034313384468
"Pancreas_14",-0.161965372588754,-0.0951854718273498,0.0501841787547051,-0.156003092880451,-0.175653571334615,-0.221722077287517,-0.144238684617182,-0.0837849524650263,0.050683727966265,-0.190519233507063,-0.199092576396611,-0.155314314537861,-0.184148836408332,-0.157674941811385,-0.242633623699897,-0.0837849524650263,-0.211139998727455,-0.225212956930587,-0.0299956496901315,-0.11382221628625,-0.240112996985636,0.322088171992248,-0.199973803431142,0.188061746055962,-0.0145842464970006,-0.230562548881889,-0.190761450598834,-0.379520911771161,-0.0475030293087032,0.0266556068109598,0.0576683277184838,-0.0240748813958912,-0.164367859333269,-0.142040582986487,-0.0137806385907059,0.257719420629125,-0.162848496488873,0.157942682574186,-0.117858462348986,-0.0973385361505514,-0.155314314537861,-0.0560799155304024,0.0667803380118085,0.0424136367114481,-0.0576000368740774,-0.181163575447924,-0.0950059715636482,-0.00651994984129091
"Pancreas_15",-0.0597098260407495,-0.00183564811492218,0.036561025121127,-0.00712165067995141,-0.0882075751780043,-0.0623357011002777,0.223486359743502,0.13293270130794,-0.258085441850425,-0.0227462613774186,-0.0762182192125056,-0.20568949388819,-0.476945237688921,0.020369127735258,-0.180363536457473,0.13293270130794,-0.0534119281811513,-0.0220648717303964,-0.0934752989702352,-0.148340623048467,0.00714281073986053,-0.170203362760561,0.0675110127882591,-0.221602944855031,-0.132576567533494,-0.10250958133478,-0.0902903112720193,-0.295019593913853,-0.154387192022681,-0.148038640153261,-0.236498037576264,-0.144852510833846,-0.116661337198967,-0.126020111517562,0.0559127735177339,0.0417937433492333,0.0628989150599377,-0.0785549524538279,-0.132755124008613,-0.127467972306678,-0.205689493888191,-0.141088544935597,-0.0650786012658629,-0.238952130880577,-0.00426885917063206,-0.0522507106824783,-0.0325458048117955,-0.0785051976780249
"Pancreas_16",-0.112624362292065,-0.0240443959058904,-0.0922629894798091,-0.0482821029302754,-0.136350367644373,-0.0498862733496223,-0.112040969543716,-0.100411005933649,0.158894745872799,-0.081877673508447,-0.1797814902717,-0.394212569664056,-0.379508385461942,-0.128961188344937,-0.0443085569914672,-0.100411005933649,-0.175246875075791,-0.197410308640805,0.329124958840501,-0.154697491525978,0.285027107086984,0.0150814783865683,-0.140779474122668,-0.0119687708542868,0.00541991873384955,0.153309898328852,0.152757385895201,-0.41263671153126,-0.0333604575688347,-0.043111407780773,-0.0667707945530205,-0.0493682559704985,-0.107314405729832,-0.112510746727319,-0.0187751698173538,-0.161536446384343,-0.20236432504034,-0.101826476964653,0.137842896668097,-0.0792140365591781,-0.394212569664056,-0.0968193564295386,0.0408139423294081,0.141318980279235,0.0288940373261357,-0.53169643374465,-0.108730702871548,0.0254602332693382
"Pancreas_17",0.143053897723502,0.120591335928246,-0.0193995536646134,-0.0122566032746177,0.128248988315265,0.0112067235371023,0.124243456410319,0.0635128915052149,-0.167612880517696,0.0969068366407652,0.21960058045973,0.800889764432494,-0.00600460513725466,0.174805195333351,0.42301141567986,0.0635128915052149,0.167784868783959,0.297363776936216,-0.133004348449958,0.377741848904692,-0.076227519547405,-0.212193988475088,-0.0125807882169493,-0.201411016247993,-0.102016151316652,0.00140318948790634,-0.110534815226655,-0.152551981337742,-0.0525705018470749,-0.0798356842002044,-0.100648083126164,-0.0833273285811015,0.0864795558246301,0.109884307307395,0.0338445669916381,-0.147712079126543,0.119471501399923,-0.067597322152715,-0.0989124186967839,-0.0876587480176952,0.800889764432494,-0.143204515253253,-0.00922970831825336,-0.0130545383637693,-0.0637594438202083,-0.0377470571604418,0.0532464745086304,0.0698682142135555
"Pancreas_18",-0.0394069905130762,-0.0811146033397579,-0.0293398106814465,-0.333298508540623,-0.138102552579794,0.100337871134706,0.0450315145851785,-0.213891824418226,-0.0310351884258976,0.0783204976475028,0.320395724966443,0.0722564687593136,-0.242418863793903,-0.158788176341795,-0.0708733369921017,-0.213891824418226,0.317488774641152,0.35569342838425,-0.0443725199304064,0.600449326137148,-0.228606530241587,0.173570243866466,-0.313015278062946,0.142383563757174,0.123515823580788,-0.21717334164394,0.124571789631795,-0.534109894760743,0.0499392169074831,-0.0326120642517706,0.00861874828627144,-0.195274340984178,-0.119899059312556,-0.0602460978112845,-0.0352723821974042,-0.154105992804253,-0.130984878375749,-0.0944389993227758,-0.297963148263361,-0.221684580603668,0.0722564687593136,-0.105810192512725,-0.00928814471616965,0.0937808701509292,0.155071873574673,-0.488534512215918,-0.12717037570145,-0.0291334812388199
"Pancreas_19",-0.0440935163102809,-0.134122619897955,-0.108767220922152,-0.15683947608365,-0.0125918305026572,0.0260060896420161,-0.225389683309204,-0.0843425845859189,0.0320595646861944,-0.0109319685560548,0.0125053852291017,-0.0152433976363322,0.654637979157799,-0.162013762645467,0.0247927769559439,-0.0843425845859189,0.0717615252629476,-0.0119516284524543,0.0541696827030332,-0.201253052390372,0.385907986198304,0.148542554379107,-0.0588118437900641,0.125882781034579,0.0306865520805682,0.188787077975917,0.554094062957311,1.00086139761077,0.145512935604154,0.0641824584091783,-0.122372610371987,0.151449339087402,0.494655523279198,0.0395767028640623,-0.0445772546225681,-0.066347946011351,0.0489227520192995,0.272575093439946,0.269246229000789,0.656824164640556,-0.0152433976363322,0.471091363686285,0.195500987282701,-0.0336633561375414,0.605182252538581,2.17481628392241,0.481076736819282,0.423705248205284
"Pancreas_2",-0.0683037096521519,-0.0191359662647299,0.0328407442551294,-0.0478845948343142,-0.0769719983178501,-0.0409789536800576,0.210599067184362,0.110650749906599,-0.217536588011481,-0.0391558763182995,-0.167773866589817,-0.213804126484032,-0.327954251254506,0.0744659388066962,-0.116931106710059,0.110650749906599,-0.169342017677205,-0.169039808031385,-0.0851582126750637,-0.067112025752604,0.00422208943607358,-0.136321866614836,0.0636376194891035,-0.187269729352746,-0.126013225966406,-0.105870333372903,-0.0786880557582686,-0.269901670780772,-0.132105422433133,-0.131108711761734,-0.212991857910257,-0.129430168297607,-0.0870299240645943,-0.107821873741913,0.0497534079559145,-0.0584273309132338,0.106574214347701,-0.0692081094695825,-0.112400155874026,-0.108192686808224,-0.213804126484032,-0.110380832307541,-0.0758506705279317,-0.196853646652221,-0.00323939373955066,-0.0551347082613807,-0.00320187020855276,-0.0468043123345202
"Pancreas_20",0.0441365107468572,-0.120369054281728,-0.00981236824267564,0.124127839669143,0.107231134537337,-0.246982077774396,0.138666032197433,0.0694766474557773,-0.156858113156325,0.0554105241965785,0.0576348246570942,0.120650607889722,0.57498512125234,0.0280911374207789,-0.031007521703943,0.0694766474557773,0.0740734673048358,0.0258271961531852,-0.0264361097044333,0.0911224248828001,0.0587097794934937,-0.249441905497087,0.0185400610277662,-0.148748289284814,-0.0789314466764046,-0.0782519786928416,-0.0698519039495277,-0.122341394352616,-0.0261795750477059,-0.0845902975396352,-0.14167378225839,-0.000553262257954892,0.141933577660286,0.0157157932879359,0.0298792373701378,-0.226445490634214,-0.0362874338753033,-0.0075483514538302,-0.0653430468448189,0.265790193868906,0.120650607889722,-0.0313314299547403,-0.0462995359310044,-0.154757594834579,0.062654049465698,0.0820268560785322,0.112758164371109,0.0325538003504854
"Pancreas_3",-0.0636117877754459,-0.0146584406028894,0.0344270880939066,-0.00837907702533673,-0.0858608872941884,-0.078732650528818,0.236472329139884,0.129639905506578,-0.245488785985475,-0.0297717136459141,-0.111887369291976,-0.222782053908989,-0.437663334739935,0.0450942973324848,-0.164344643458562,0.129639905506578,-0.102636286024803,-0.0809630738431716,-0.0976719291068887,-0.102263894883464,0.010807449365257,-0.188603322029275,0.0734472269898801,-0.21686688902479,-0.14117657437317,-0.120295235413876,-0.0919053376720196,-0.280445240396083,-0.148900853892124,-0.158050130304918,-0.243860104779377,-0.134802039696984,-0.118993546110168,-0.121420623877782,0.0563509236436828,-0.0159743053064794,0.0570009991052945,-0.0828802602242098,-0.124961552222786,-0.132024919286609,-0.222782053908989,-0.161348665865839,-0.0769823690603266,-0.253242862436092,0.00676917853781693,-0.0503226991608257,-0.0337769501268652,-0.0818126059203153
"Pancreas_4",0.156548619020705,-0.146187874701676,-0.0126884677584243,-0.10766577740617,-0.0568496456025494,0.184967960065637,0.0371778904942611,0.0488098877683849,-0.0884764933544706,-0.0898148914950777,-0.457923952211746,0.624188186106435,0.0319852630664289,-0.0419565490645355,0.326643289449424,0.0488098877683849,-0.254812866893459,-0.245358991915805,-0.0841156214666655,-0.282412357013459,0.109478020281674,-0.288117412333151,-0.0561459141241624,0.0108787999357814,-0.112019241325491,-0.131498857443509,-0.0810985239588603,-0.249776419401092,-0.0726525317466741,-0.0304008662061685,-0.291792286839595,-0.0165998165144376,0.660385263871169,0.157610357212811,0.0444568077831254,-0.0152249300107669,0.524685067735695,0.189204668097986,0.263941677405519,0.290942443532528,0.624188186106435,0.917510763661497,0.101562206753837,-0.273896722877877,0.586449199398615,1.89577481156393,0.345416997078132,0.0963745209840929
"Pancreas_5",-0.021034994464849,0.101823841346587,0.0128407364618053,-0.0459339623094062,-0.10066382526632,0.0357420540243355,0.167607409771402,0.0871573508998549,-0.258105546695004,0.00672866344581903,-0.0244171591205569,-0.211752413031498,-0.37652391998348,-0.0363616433130119,-0.132383585488966,0.0871573508998549,-0.0271745981533873,0.0166706023245293,-0.105235572325977,-0.072572679936299,-0.00818898045084653,-0.100501306434108,0.0126405734710297,-0.172664656064005,-0.0886985701102683,-0.0961250446628976,-0.100955973277996,-0.337522329469752,-0.109039799955039,-0.110471985519542,-0.18933133044379,-0.133678609960823,-0.125523011206744,-0.13178140227094,0.0407261026815301,0.17380943905804,0.0279673341766137,-0.07541275982496,-0.136026839722045,-0.131398791422848,-0.211752413031498,-0.142339869659053,-0.0475132349516912,-0.182000222430795,-0.000407834030660731,-0.0565810147051929,-0.0546389282166643,-0.00752371838708051
"Pancreas_6",-0.0172741637275172,0.323474908666666,-0.0970295354599321,-0.0173629435263472,0.112981092850311,-0.236618435718548,-0.162333299380467,-0.0828654528936936,-0.185641381030865,0.245459426432119,-0.0255996645258349,-0.203804669550051,0.104066658278979,-0.106092119546393,0.187078017909792,-0.0828654528936936,-0.135106707300604,-0.183352984587718,-0.114689270044534,-0.00784978944696731,0.560404180407704,0.000471209313711417,0.129838452386349,0.293798751379124,0.0266111637208048,0.592632480365614,0.261790426717435,0.0564832041220905,0.048535174202067,0.208021817371347,0.0480893460699526,0.0163566406553585,-0.142304677575981,-0.106824950892041,-0.0208640822562529,0.0691779173277214,0.943591954913825,-0.0633168134263898,0.232996937051002,0.0213432231363444,-0.203804669550051,-0.0333123659167724,0.0682360205498426,-0.0220186898398644,-0.173660802654549,-0.225359839506366,0.241809146439253,0.307324845535447
"Pancreas_7",-0.0532826896949091,-0.032031632287326,-0.090579481096812,-0.112696561536417,-0.0650410496339785,-0.114127726906794,-0.20293161104188,-0.0777227144460419,0.0373688477050503,-0.0634000564795049,-0.129222068974723,0.187387561595541,0.308992568258538,-0.122493254669499,-0.249387978098017,-0.0777227144460419,-0.0440680382244719,-0.0904975275200584,0.0659348005739029,-0.104264558221432,0.302378513306426,0.439571847177529,-0.129988149494945,0.157058789002907,0.576491231041453,0.236822459384235,0.494187322032003,-0.260977428463302,0.07509836991534,0.154147817854461,0.0247858203190704,0.182607857620141,0.454742246572633,-0.137916104436769,-0.0767657212631938,0.0770776821158475,-0.172606273787805,0.193818898410295,0.310844637885574,0.684810823445855,0.187387561595541,0.756880189985475,0.144578713071451,0.0161294729833453,0.616400788730238,1.92253719366017,0.216476571670957,0.209933071275699
"Pancreas_8",0.129231350771007,0.152845949726853,-0.146838100530851,-0.152328818251602,0.11621428858902,-0.158844899321023,-0.1505818145253,-0.219419888449944,-0.244267434636518,-0.10151218770585,-0.0567200801663211,-0.229739797567559,-0.435120834200193,-0.362060613197126,0.465627965648063,-0.219419888449944,0.00565493309662805,-0.00242023014411889,-0.0823361757491272,-0.0190464481594011,0.364434815888159,0.0284880950725964,-0.300158767045594,0.274997484462292,0.374351171608279,-0.22481890498646,0.0268039914527878,0.522710761872676,0.0526635079744044,0.0347359206083988,-0.191656073122744,-0.131022993577618,-0.065816337992406,-0.22852576198967,-0.0478326711121011,0.0119508664740697,-0.14720805473907,-0.0312520267432415,-0.243519884354867,0.155389048355082,-0.229739797567559,0.154800675406173,0.0316661327994932,0.217801303123119,-0.0926007799506046,-0.231864886591094,-0.0463016952840146,0.184317440021403
"Pancreas_9",-0.126359278647733,-0.157029273233732,-0.0274952217550858,-0.116688171415633,-0.173027823268953,-0.217349932494177,-0.160117935691449,-0.0254986247966069,0.154128699969806,-0.180145777976851,-0.135476606822219,-0.0903380936616931,-0.272596097169019,-0.101425972470065,-0.168463074284365,-0.0254986247966069,-0.135222847528911,-0.151061827852288,0.0470152997454296,-0.0939894104009209,-0.235024257712059,0.191621619693524,-0.162687879377136,0.0577139518005705,-0.0513779638693868,-0.211414891843149,-0.145599373442594,-0.287404138588509,-0.0365083552057295,-0.0392447251176783,0.080748148247887,0.0208415707378432,-0.0664040858599324,-0.133262177468276,-0.0226375198466934,0.326643974636715,-0.177233353189716,0.0754481402980137,-0.0957398894925662,-0.00280660620060865,-0.0903380936616931,-0.107320204671892,0.0427157879517884,-0.196707317465852,-0.0606300505812438,-0.0945278222835721,-0.0847943911916391,0.00307627045068758
"Pbmc_0",0.280235957556894,-0.131229154924719,-0.0863643972040422,-0.0177633840097159,0.105126723517236,0.454658489505479,-0.216426267273729,-0.0353562288955534,0.0013789489555234,-0.0319754991417745,-0.0749026908648182,0.511057840058212,0.932983794256206,0.130693160395121,-0.0321912069046501,-0.0353562288955534,0.106874003134451,0.0399149777617563,0.0624330629764053,-0.0531454500822273,0.778091169881221,-0.294785275780099,-0.215487764677257,0.150162180710021,0.0826038770280632,0.0465670718778514,0.255715411967528,1.54693648438222,0.107436613041045,0.149181739401044,-0.10591101538227,0.111079876644992,0.669518557987021,-0.0497853185711091,-0.0352765448785388,0.101771303101957,0.0229898184422993,0.266536994133027,0.206205491185263,0.582434906863032,0.511057840058212,0.641488161558937,0.109381026561514,-0.130181071542741,0.308113345785515,2.88765898808319,0.509887443842215,0.432863245600197
"Pbmc_1",-0.0652893245631494,0.175170058246096,-0.10326544874265,-0.0269880389097244,-0.0650184514512518,-0.145297887198889,-0.231203353734861,-0.0396412604977841,0.441863110522519,-0.063025337581465,0.0883042013735569,-0.0699471953425466,0.135650191637592,-0.126297410985337,-0.21999761405986,-0.0396412604977841,0.136701285674142,0.124087049935123,-0.00645987985800053,-0.0147837949444991,-0.254289038247428,-0.22089238510968,-0.149407671917865,0.0170418265077094,-0.0958154374363034,-0.271089187756797,0.00243692618240076,-0.331457138998153,0.00438426534102708,-0.027743579260518,0.396945689003004,-0.0381623541103635,0.28537079116754,0.122970502731459,-0.0268725135344764,-0.312413498719068,-0.161962507561023,0.320358276658633,-0.0111673297648483,0.47161195955863,-0.0699471953425467,-0.0510796247115044,0.0680251233977808,0.0265641758102872,0.0347302142468988,4.75384196751448,0.269145099072128,0.146408966291291
"Pbmc_10",-0.0768108297341912,-0.172071861918865,-0.0658045843796652,-0.149639626534715,-0.176639919562768,-0.230920977654744,-0.164290173197662,-0.0356099717444361,0.214423411560695,-0.191904264677956,-0.0965803058287159,-0.0948051985645448,-0.29122551365738,-0.108485473479296,-0.110539012244327,-0.0356099717444361,-0.137357774210274,-0.139043001895338,-0.030927007387462,-0.118866902597181,-0.195662665194709,-0.327092405523087,-0.102075958710266,0.218611306267047,-0.039694633286288,-0.321360229786363,-0.100113830000411,-0.278088143828876,-0.0587609373096645,-0.0895022678979629,0.0317577398836453,-0.0516324096179034,-0.136402990889758,-0.101362519219549,-0.00755164558043929,0.288813630785837,-0.157746267079864,-0.064865270469464,-0.141747391463108,-0.0737626471462025,-0.0948051985645448,-0.153995975371649,-0.0336054423515076,-0.178765884617527,-0.0161259089559648,-0.0885760870993666,-0.0440530011780889,-0.0126763443117126
"Pbmc_11",-0.211005150412001,-0.154152152209383,-0.0515971121511095,-0.156399495089863,-0.228510644246317,-0.17248427574738,-0.113995529757076,-0.0486418366537201,0.0934298792074553,-0.294314979891127,-0.459835090212815,-0.446521964151223,-0.531591164421436,-0.0924655081097782,-0.29856269177504,-0.0486418366537201,-0.404015432694897,-0.455422183714852,-0.0320697908129125,-0.327291955862747,-0.14650128952749,-0.268849704918939,-0.0714944291993631,0.365687989279845,0.0380876474891298,-0.311661189222173,-0.0625740565610934,-0.308914760403711,-0.113018362303599,-0.154057824503438,-0.16800463567714,-0.0886252883609615,-0.209953459538624,-0.22839840177929,0.000357367240302179,0.464821393607806,-0.130498319278432,-0.027167639704326,-0.161515506988426,-0.152548981383206,-0.446521964151223,-0.0784757465910163,-0.0436887628794551,-0.266178062902927,0.0549656764301527,-0.046569007992367,-0.111152611877433,-0.0375222916346091
"Pbmc_12",0.212907695631715,-0.149560671326493,-0.0525601527146397,0.0956925937419079,0.294739473681204,-0.00598183234146883,-0.0700271133418383,0.0390503506911819,-0.158614975682099,0.0440740478102565,-0.066946839089667,0.383603200150837,1.1819162743337,0.019821489399044,0.0410212543460894,0.0390503506911819,0.0377753306702582,-0.0120927500999406,-0.0441690746594453,0.0497329130793389,0.425848415094328,-0.176326989721054,-0.0648217518176672,-0.116971771060895,-0.10328176882203,-0.0912937376442359,-0.03336582149073,1.39451368477569,0.0198518410871879,0.0290465113251063,-0.169051062256507,0.0770681856447367,0.625139203892506,0.0579684929544553,-0.0149005247532339,-0.0860526670195619,0.161041439960773,0.150803189116016,0.287016057369545,0.531363580023645,0.383603200150837,0.418920479658482,0.0690758775788099,-0.155836708613197,0.158422112426225,0.984827552837041,0.501311300020393,0.32677021041866
"Pbmc_13",-0.0434419643555041,-0.0807607365724092,-0.0317008860737871,-0.116018409808691,-0.0643118285220721,-0.234755239630191,-0.150623152561332,-0.0741724443915687,0.212671231185481,-0.179208926169334,-0.0800332578481888,0.227178925386959,-0.308283611882417,-0.162474145959832,-0.172159675552679,-0.0741724443915687,-0.0278728885815149,-0.0803078805076666,0.0521138929268198,-0.129395595269628,-0.172841534131372,-0.38317076185439,-0.130401785452006,0.288435552828857,0.0771281504977327,-0.298000700324807,-0.0934757668490512,0.0567281194323987,-0.0437179365709856,-0.0634147503440471,0.22862049033699,-0.0627215739964623,-0.133775114526498,-0.123740009929047,-0.0119698908976789,0.0136268616751089,-0.203456422305699,0.0439214763130582,-0.227649626701777,0.085442179366478,0.227178925386959,-0.0961218024060703,0.00322736504786935,-0.0123298330276114,-0.0400623623375052,1.9312943568442,-0.0543464753468783,0.0876773124054216
"Pbmc_14",-0.0640459432744834,-0.113611131539392,-0.0678205188421779,-0.128976876232528,-0.069079392391394,-0.241347479007691,-0.196818454146996,-0.0419929029239544,0.0362639585415316,-0.136644962904672,0.005776911422279,-0.0301036533616722,-0.0703331331891099,-0.120753566088995,-0.152584082794494,-0.0419929029239544,0.00931851708664909,-0.0113286976951326,-0.0209461102128788,-0.0334186577616735,-0.226653474158855,-0.311571299811161,-0.124336400404328,-0.113633546302407,-0.0758064606632271,-0.303712911207662,-0.0845221739719431,-0.139861776770507,-0.0612846790981902,-0.104887498691497,0.192182860728739,-0.0458785222266748,-0.0424323356418289,-0.0740637272151083,-0.0228090339711818,0.107904697876775,-0.155075846209385,-0.00564073856523606,-0.124196951779875,0.0430634214118168,-0.0301036533616722,-0.149683834167378,0.000214458994457442,-0.208839124873604,-0.0999399087365624,-0.0597116135795465,-0.0706968561691796,0.00471310495011836
"Pbmc_15",0.0428464244011425,-0.154700056466157,-0.177684636921195,0.160822543639636,0.0188926496690177,-0.0659349674345231,-0.148191826662628,-0.0603415633240915,0.556665518156261,0.0405933862989959,0.457545636253952,0.286419946178321,0.315392328652429,-0.180151622505031,-0.00875939723322864,-0.0603415633240915,0.424183944829112,0.46754152303145,0.0777867789757334,0.162654689485982,-0.184344038572663,-0.195115590412842,-0.0764148417182087,-0.166105894708903,-0.192546343709234,-0.12808388975188,-0.150547360351509,0.157286322443203,-0.013802377162386,-0.0302708783584924,0.552903635381871,0.0214582086641498,-0.0358752422955426,0.11367912472077,-0.058134671697133,-0.0375273152101946,-0.159667795599153,-0.0612759515977608,-0.109126308435698,0.078129358541149,0.286419946178321,-0.220662310538841,0.0396527714927557,-0.129320487521867,-0.130024370561984,0.0942054613822011,-0.0581133968421261,-0.0231376891186896
"Pbmc_16",-0.0960728077447958,-0.14794187612279,-0.021371149010357,-0.112498187540512,-0.128141215359742,-0.212114340772759,-0.191232453998378,-0.0538734363389583,0.266947575626638,-0.163298660859601,-0.0694692670995655,-0.0154972033932442,-0.121148711985489,-0.112033049581833,-0.169372396839043,-0.0538734363389583,-0.0382565997668072,-0.0563377936228101,0.0135566826398252,-0.135500608989143,-0.258627681635709,-0.248566206506512,-0.118420834159016,-0.0518970094161118,-0.0885924602001246,-0.299068597618255,-0.119885110495998,-0.116639442703163,-0.0702974070131006,-0.0279841471254513,0.0759729249347711,0.00210501637801232,-0.100147936659521,-0.101270863861858,-0.0272735135622758,0.259558993396966,-0.173448964583674,-0.020198172868676,-0.0860296603493992,0.0317039050636516,-0.0154972033932441,-0.11743596280379,0.0389451422479293,-0.238677731524652,-0.071358639152403,-0.100068748542904,-0.0850048306877485,0.00206489568957554
"Pbmc_17",0.24757393453459,-0.0654576240605098,-0.126114520026005,0.394333271280866,0.0199970940733565,-0.106218913776126,-0.0463747630241367,-0.0364804515560939,0.0675742945282402,0.207121862700346,0.980590412576038,0.869856676862765,0.0199507775740437,-0.110762665399073,-0.0905731153291791,-0.0364804515560939,0.876502092041436,0.942115368312515,0.0209874097038619,0.278367056658879,-0.165853687590968,-0.0943084170878706,-0.106562891135109,-0.239846629974441,-0.15332688728083,-0.176031181553544,-0.130879810468676,-0.372360016405045,0.0597476806735458,0.0569507373979024,0.381217181787006,-0.0674533746179911,-0.0179887397481719,0.300598493257862,-0.0430427463788849,-0.312260515837207,-0.0633921364881544,-0.0164185102129745,-0.0491409298771291,0.0303638489803447,0.869856676862765,-0.12116715553164,0.0287052106111529,0.0978264293247542,-0.104511656148182,0.622120312647918,-0.0133235675094934,-0.0786700957107876
"Pbmc_18",-0.101793928695552,0.0121620645875404,0.251434484596823,-0.0911650282122354,0.0135496903272835,-0.24929054929329,-0.044106656933321,-0.0446447839353474,-0.130753479794959,-0.0975257581012652,-0.0710183472184299,-0.0445831391083642,-0.0547464855549525,-0.0471581071886265,-0.0992835668654358,-0.0446447839353475,-0.107418739817538,-0.110500379925071,-0.0614128656929933,0.107941191272752,-0.164551068401264,-0.197346394483766,-0.057803109175692,-0.183226921314107,-0.194445723052827,-0.256313450702613,-0.0880045521338363,-0.304144793268075,-0.0757854168513444,-0.074625073017657,0.0188692214890689,-0.0222479916968333,-0.0682653213735357,-0.0541215783957373,-0.021343889646511,-0.139736706607191,-0.0412907876111522,-0.0133991640768065,-0.124241161494503,0.0647365249740284,-0.0445831391083642,-0.188136453360369,-0.0202439056790722,-0.047263491162532,-0.095413915779218,-0.0227344584451046,-0.00659910556080763,-0.0362796348311401
"Pbmc_19",0.207621648863914,-0.154713904872082,-0.0116182985422651,-0.10113014679873,-0.0220994431028074,-0.016921215918782,0.0144434733450195,0.109207286239144,-0.0663588558117366,-0.109565125012252,-0.445647372327432,0.720847803978341,0.161795383272413,0.14053743821255,0.11066069325303,0.109207286239144,-0.217980035389378,-0.220679524800407,-0.0961542052749602,-0.340202390523785,0.183012735855111,-0.343992870708383,-0.0521259496371275,0.014421454174636,-0.113291182529133,-0.122986368737564,-0.106820195995198,-0.180377700228651,-0.0859247899375026,-0.0482480220054765,-0.278954933724804,-0.0332391755480382,0.651218090961344,0.0387288745983143,0.0408675950540759,-0.129969816182488,0.291174706029007,0.197897127017559,0.20107601448904,0.349985979758029,0.720847803978341,1.16008201208994,0.0392628395300165,-0.285628026308664,0.327798889393751,2.46788492825059,0.339285082560995,0.0871375287499617
"Pbmc_2",-0.083993589109881,0.0310567016823725,0.230984463265013,-0.183608777284395,-0.102870832385049,-0.22519896312473,-0.18687942534923,-0.0696456867366093,-0.181332638484896,-0.153848385665223,-0.0556095391550755,-0.08412513123451,-0.254672701246677,-0.111452334994514,-0.167001025581172,-0.0696456867366093,-0.0687750787290159,-0.10733642422382,0.0116154449396025,-0.0107010680296037,-0.194193116849313,-0.316463835050242,-0.115193175147302,-0.014152825179034,-0.060248428670031,-0.317299403968392,-0.124056478805456,-0.26115374389421,-0.0679978042326093,-0.101322336949579,0.0766638826443512,-0.0392657218360073,-0.0950443568243394,-0.060436273464906,-0.00915425065028954,0.0138194551138606,-0.155662911869779,-0.0243044368847554,-0.165910893043982,0.00444740074252698,-0.08412513123451,-0.147084758578117,-0.0247301878092509,-0.0844244360654437,-0.0753199991408472,-0.0374809193617102,-0.0613892729130948,-0.0138471528278776
"Pbmc_20",-0.155019703393782,-0.164682924223709,-0.0587974200026241,-0.125289075241327,-0.0778671134731566,1.35110639128767,-0.14885845903169,0.0235356031076185,0.45440570650862,-0.196631470240189,-0.46523813382389,-0.264220091294654,0.187231624747008,0.415502770604058,-0.26184221299491,0.0235356031076185,-0.384604085909877,-0.408840777239268,0.0408916126137327,-0.392388888863504,2.15178653078168,-0.377420408971557,-0.135885590481949,0.376769018357476,0.0457064518505642,0.000411873936149405,-0.059693404070104,-0.304172035168239,-0.0812024256836027,0.0380241442768891,-0.272406458180175,0.0140620641455122,0.385390465667813,-0.214833063433749,0.546681459462206,0.271817000103744,-0.121666566081792,0.245322281881987,0.0396742099966937,0.495192875446468,-0.264220091294654,0.671709359605223,0.0758689771001498,-0.245498004778422,0.115036777335043,1.44896230856362,0.215656967825073,0.0844587771234549
"Pbmc_21",-0.0615307293311365,-0.103823752631222,-0.0608339737830699,0.0450343944098503,0.0444222741846789,-0.093084085798143,-0.121614975995002,-0.0150385849984063,0.100981455336873,0.0374431980576162,0.0904197208933459,0.358200223068633,1.01577581475321,-0.0531613531564357,-0.139670448918769,-0.0150385849984063,0.249327968369698,0.16594181642428,0.0750339408629596,-0.0381605269494659,0.477166341673117,-0.297905003165522,-0.180305868239148,-0.0145108768380319,0.0371717198599213,-0.149628776746553,0.0702468207526788,0.252078355889154,0.0806936904500197,0.090872193292756,0.0814151868919782,0.0804136133358885,0.308639081146915,0.0382389203363386,-0.0385907818857314,-0.0385676191044678,-0.113318514686676,0.12616086705692,0.0809236693575166,0.413791810639145,0.358200223068633,0.292819692539905,0.127696542079459,-0.014599514684509,0.0814161694018264,1.80054224369244,0.191011638369928,0.211754394617096
"Pbmc_3",-0.128273111418583,-0.110729805777651,-0.0868102602350531,-0.0581329140156763,-0.00222140685175135,0.034817247119641,-0.203880590397199,-0.0531379397993635,-0.127334916356416,-0.0801885482297377,-0.098318225700042,-0.165638393373363,0.794336279510633,-0.111961000883697,-0.0762200678997227,-0.0531379397993636,-0.053665099017886,-0.165958089746343,-0.0212921010556225,-0.099890860039605,0.986400091862612,-0.285195738543171,0.0354490133905785,0.0832979083945114,0.00454786956144094,-0.0790887835379623,0.376273148014902,0.84574822975453,0.121950787293129,0.0304402602807236,-0.0873479529290209,0.0888961793901965,0.382913379258769,-0.017896058565136,-0.0365485550721411,0.0981571575717197,0.0213630973274432,0.194161510993051,0.208067423282718,0.618609318137264,-0.165638393373363,0.335099551981774,0.161131191335307,-0.0225370833044504,0.474790749668446,2.54851136090181,0.326200572978263,0.276641887277277
"Pbmc_4",-0.0549475580897978,-0.151940822909405,-0.0715004754128244,-0.0895665614083475,-0.0972960174165919,-0.233101694807553,-0.157414199898438,-0.0481573687745466,0.10853580200787,-0.13716888981548,-0.00440941452694641,0.00297421094640079,-0.0968467104795311,-0.0856821371567683,-0.06734557123606,-0.0481573687745466,-0.0224403140376502,-0.0161719334603615,-0.0222049311163491,-0.0731210618283018,-0.187141743061858,-0.280526115118566,-0.0996858265099257,0.0260713762794371,-0.0897742228679752,-0.310369214355969,-0.119352667641624,-0.201988399456105,-0.071827864821621,-0.101980212282978,0.158519186090116,-0.0426929936677806,-0.0633640949813414,-0.0851331827235419,-0.017728220377844,0.13989573569351,-0.145255362846649,-0.0177803179625233,-0.140695257824355,0.026556530790289,0.00297421094640076,-0.15801154552364,-0.00568265044704069,-0.192404984155189,-0.0718324822562652,-0.0835954001266996,-0.0345782405041754,-0.00149080364466556
"Pbmc_5",0.548522306026911,-0.196043595023068,-0.0548851476484538,-0.0840985857903652,0.107396542985278,0.746228316680281,-0.152641250345096,0.0221271461173027,-0.0859340337035283,-0.0572996877801364,-0.270898591091301,0.908467103942414,0.797392966452394,0.113202412719976,0.0140696646526392,0.0221271461173027,-0.0139229699819038,-0.0737190977049954,-0.0299051971878701,-0.114108449615685,0.598863037147469,-0.312642199280387,-0.149913985326359,0.103479048289398,0.0391520238508506,0.0827899168303199,0.125179494236144,1.24323048916701,0.0592706538469196,0.117272685936642,-0.205194100571491,0.102605017875346,0.64824502909816,-0.0654609875736893,0.00431636136505469,0.229479313938408,0.106863659392716,0.238856794832388,0.295790941761729,0.606180948233309,0.908467103942414,0.494999600010549,0.138026118948019,-0.178459247184657,0.378823000724077,2.77287015569855,0.461479532156101,0.369759229027095
"Pbmc_6",-0.106191715838408,-0.122781401910994,-0.09597426062864,-0.0271563268137479,-0.150288572810816,-0.225373832809239,-0.246403412196156,-0.0325654599583489,0.631390403195366,-0.167019121882042,-0.145379569926297,-0.218532121772371,-0.0767634969004223,-0.154956187370861,-0.180430959899289,-0.0325654599583489,-0.129636518675712,-0.140194143905095,0.108081362282823,-0.1833255225193,-0.244892886259398,-0.34039676459013,-0.140987791166018,0.0887159092834942,-0.0897723969894618,-0.242043483668055,-0.140937855880804,-0.327440148768108,-0.0591990145097606,-0.0751178580173298,0.180680166093851,-0.0416271000441765,-0.110879093579926,-0.145008131675773,-0.0199061311809878,0.221695766690439,-0.211431621384253,0.0504866832486265,-0.123383035797824,0.288627910307596,-0.218532121772371,-0.170067456866473,0.0264369477810247,-0.168140574408899,-0.0731416036561081,2.75205726240508,-0.0767584621598072,0.00969778801065005
"Pbmc_7",-0.100200789095846,-0.156338073218592,-0.0728561282583436,-0.096124775375181,-0.0929342010350141,-0.187907208875048,-0.170791297244814,-0.0056978334782896,0.677764220634714,-0.135895329058194,-0.136556230118262,-0.15870084488469,0.0971916322180692,-0.115093875866325,-0.15510708816307,-0.00569783347828961,-0.114342309206951,-0.138355749045512,0.0797786327991241,-0.0842284044169315,-0.221525056457103,-0.27918495667068,-0.0898580482432243,-0.0413521316002861,-0.112552047327802,-0.259803520055905,-0.137079328113408,-0.315145187220707,-0.0763019622058329,-0.0931896443482134,0.138737438098056,-0.027541742196449,-0.0601283623735469,-0.106777518916737,-0.00215424394595436,0.104724950549995,-0.151521262028526,-0.00994049254325627,-0.122795293436502,0.0925762419268447,-0.15870084488469,-0.159385125980945,0.0115695569898154,-0.191372569949042,-0.0877131710116795,-0.0784160211107749,-0.0483607897808398,0.0118210488553249
"Pbmc_8",-0.0965719112084134,0.278442423449103,-0.0968051599785518,-0.0138060458328372,-0.0445802862403436,-0.216830797426097,-0.218237503453153,-0.0262919581458576,-0.0688599441868052,-0.0884429735332682,-0.0743610617412584,-0.0904441070822474,0.0559023661308998,-0.117253964734322,-0.204120417201703,-0.0262919581458576,-0.0288608458006643,-0.0572821255620887,-0.0883576309198267,-0.100668907375516,-0.197621115621005,-0.260142980900071,-0.11651098877656,0.0473389301508471,-0.0651555672144373,-0.242588235355711,0.00482081647085923,-0.306803200627237,-0.0100666421908907,-0.053945485475908,0.290823105496998,-0.0416263772728312,0.120580965483211,0.139748055512741,-0.00536663331050242,-0.236483936919815,-0.162337499656948,0.257100942903166,0.0125086523833973,0.353214558737398,-0.0904441070822475,-0.161499885560349,0.050357492747517,-0.0406277845023455,-0.0058543832801696,3.98606616243178,0.18735819765083,0.105411164982628
"Pbmc_9",-0.0769190874253729,0.0760466234796565,-0.0932007423908269,-0.0275858621136386,-0.0999154687392299,-0.193119962628695,-0.205585398395542,-0.0326911021633286,0.47485411777953,-0.0978573181348265,-0.00352994067061772,-0.17823619174734,0.16719934639917,-0.123847661089917,-0.1667659899347,-0.0326911021633286,0.0794266901124207,0.0535085164914847,0.0557460453962217,-0.0437114775771831,-0.24362732135834,-0.272723737509821,-0.143369667950449,-0.113798549191783,-0.0897892168232929,-0.226852947619129,0.0776785164437156,-0.349801811717266,0.00298996465925933,-0.037071527306531,0.507889951675615,-0.0503338857734982,0.300285926730538,0.0838666529630723,-0.0185019133482674,-0.296390948411116,-0.181026467074572,0.312960330608665,-0.0435056758546151,0.5287935115373,-0.17823619174734,-0.0553728431444251,0.087716803061524,0.0407780633177007,0.167387059698297,4.53971362239177,0.255258673236969,0.183816401158147
"Pituitary_0",-0.132138129255461,0.084873658796228,-0.0915157913179492,0.000250910695262913,0.0960766348272889,-0.0189369489799144,-0.105527291716154,-0.0627191156559834,-0.0291824878776271,-0.228352257483177,-0.449670330579189,-0.478693534882681,-0.359422442338332,-0.203926948386576,-0.34919265216417,-0.0627191156559834,-0.372623601188346,-0.455794611684737,0.0772492326188627,-0.308866290254041,-0.139125356677068,-0.231727701918966,-0.0884256626783268,0.205320340164876,0.577256049941223,-0.0545692412955532,0.420485755854013,-0.432662201402592,-0.0122180738783363,0.0839071960081628,-0.0648630475013478,-0.0757950970364521,0.136350005890906,-0.25124833377614,-0.0869584035310486,-0.23445849832012,-0.170359520052484,0.311572783325544,-0.0473635810048961,0.659665546002146,-0.478693534882681,0.670375639276261,0.0663071319469124,0.259586372639482,0.312065149271784,2.3747158595762,0.0486766547215368,0.103237614289714
"Pituitary_1",-0.118842336459958,0.0740409944913001,-0.0967002144970552,-0.00516721073146099,0.102072132803968,-0.0066366894645788,-0.108328564214263,-0.0697579833220535,0.00352297274516526,-0.220769078316819,-0.424449885139715,-0.477860853523255,-0.373623570831577,-0.212690953377567,-0.34057995839343,-0.0697579833220535,-0.353458797550445,-0.433673829568014,0.0657873119875901,-0.318661095051656,-0.170659816189059,0.0168520535859312,-0.118674706078891,0.225427079798797,0.572033858915,-0.0214203107138045,0.374836081739268,-0.40752620632551,-0.00410425371690197,0.115123306867215,-0.0555186045867488,-0.0596632073601597,0.146538490485337,-0.24697990164684,-0.0882246795302916,-0.218060735963803,-0.17035341608919,0.298320913529158,-0.0330753788453883,0.636909514497496,-0.477860853523255,0.67902598976619,0.0839178411852394,0.304086876908823,0.361457169606761,2.30711881578724,0.0536895703318395,0.102914706725151
"Pituitary_10",0.0751913755281686,-0.104516844845922,-0.142263796515717,-0.0836886628125353,0.0830548853894592,-0.241895918595573,-0.0432753536637694,-0.0781232177155376,-0.255440000338375,0.010055347935015,0.256229597175412,0.354518133845575,0.136504168165311,-0.126676208823729,0.149265526734672,-0.0781232177155376,0.221357515126878,0.203097117430752,-0.00439581538026578,0.53705905028992,0.0874928003089108,-0.0720734176791278,-0.176554895482574,0.0187610332707839,-0.0745202851091826,-0.23086019873905,-0.170758009506218,-0.0581163908978903,0.116114959082465,0.056113576229489,0.054098432405894,0.112675558199728,-0.0866682214381927,0.195018563245323,-0.0404240294447847,-0.263342472298534,-0.0583828685131449,-0.0996720989580799,-0.0937561940122216,-0.125343089921694,0.354518133845575,-0.125211099494513,0.00711720242361595,0.276253774439614,-0.0850873499273223,-0.157322045536347,-0.0914630944898816,-0.0151236796165744
"Pituitary_11",-0.156595619214845,-0.119402281954835,-0.0253501032462982,-0.102920718996543,-0.121893246695617,-0.134853260528111,0.14535565767487,0.0541255963534414,-0.155610614828474,-0.162053535611491,-0.353604079208954,-0.406453419357476,-0.157148300830628,0.0297299787487854,-0.263415727444032,0.0541255963534414,-0.316679535494377,-0.351674657751689,-0.0933828042281683,0.00954036576538376,-0.0750911148722364,-0.102502307501185,0.0917754535069867,-0.238635839426881,-0.0687636638576518,-0.255670966000284,-0.039219207051484,-0.211921949477449,-0.136042233479639,-0.149868743126403,-0.171052547892403,-0.162440207412543,-0.143198541667095,-0.0688495308513681,0.0233261655283335,-0.180862959393849,0.019713107134784,0.00841271046506612,-0.210782902127013,-0.1618840347374,-0.406453419357476,-0.130803767130986,-0.104127205793821,-0.0924182274733538,0.00135474295771241,-0.2406033770796,-0.0628873494058348,-0.129635423612378
"Pituitary_12",-0.128258748445667,0.0681026786191266,-0.0958317414533681,0.011380807378243,0.0896422448631785,-0.0360555067178728,-0.111996404533815,-0.0669949536854012,0.0270245044224358,-0.229766727193741,-0.41905678944848,-0.490035827251071,-0.387872385576645,-0.197484896140977,-0.318329009446049,-0.0669949536854012,-0.345563126677578,-0.429567122705716,0.0889903994814223,-0.331718843019041,-0.196673858252513,-0.188989632611307,-0.0889530230698275,0.170101323419321,0.492768732335577,-0.040578065339386,0.368148114667124,-0.376283489496567,-0.00840876831744376,0.0654020929130226,-0.0750349028363522,-0.0686377161643493,0.178452856335959,-0.215756212105792,-0.0879081361308877,-0.225701670110703,-0.176837127563547,0.293489722634091,-0.0437244810955597,0.606404790046519,-0.490035827251071,0.810445930459741,0.0630987141138314,0.214869214217015,0.299987918878969,2.18297601260671,0.0835507736984371,0.106030687262121
"Pituitary_13",0.246543656488463,-0.126380837112001,-0.0151201721567654,-0.0910329405871653,0.0383581093977217,0.149959138718103,0.00386900560484825,0.0517733252509843,-0.0792053644060639,-0.0945771425676907,-0.435132686378973,0.813411484564683,0.184658891837578,0.0704515984266913,0.263637733709138,0.0517733252509843,-0.220091706183953,-0.192835381534117,-0.0757822801086543,-0.275824844325117,0.0750663769104895,-0.0649574133953867,-0.0552396542720026,0.019711729563492,0.020411442147202,-0.135732671771894,-0.0420005160855372,-0.241184975004073,-0.0448847021290333,-0.00933473870000731,-0.256492359371351,-0.0227865221670824,0.706572749619527,0.112302561914404,0.0388741017199812,-0.0378708695137892,0.442134199236365,0.173710396435028,0.251924973391133,0.352447432511529,0.813411484564683,1.0153477191898,0.041834753382453,-0.250505271746694,0.425978306255646,1.67797595624328,0.376236455557069,0.111479619345216
"Pituitary_14",-0.0431573022045616,-0.0457346090113291,0.0125852949251315,-0.0509350719129966,-0.0437466685906842,-0.0945723893323388,0.14196543894081,0.088395788953316,-0.224680616084872,-0.105121557705349,-0.158779274635812,-0.368805464793059,-0.373973192664177,0.067176627518232,-0.136008935825581,0.088395788953316,-0.197827856067371,-0.241368986794945,-0.112492732300533,0.0584203776431623,-0.0105569711001217,-0.230768350361431,0.157430930745311,-0.196844595597612,-0.0953385683454987,-0.175264719338115,-0.0249577298339368,-0.241344650526243,-0.0962893407170125,-0.127839487823451,-0.13747883480868,-0.127394183349411,-0.0687780435289955,-0.0371469898487681,0.00906490377822932,-0.160170743535683,0.0125879692340805,-0.0427721129628525,-0.158879548583326,-0.0530063467226656,-0.368805464793059,-0.11027239566718,-0.0843377306716124,-0.156357302246255,-0.00739783223853029,-0.0421356931024342,-0.010262404260715,-0.0787819764352346
"Pituitary_15",-0.114153202194211,-0.153774241860194,-0.0700156104274488,-0.0612322783390123,-0.127482534006683,-0.0988330031145963,-0.0867333967012665,-0.0442198594926442,-0.0383474057523718,-0.175067502795139,-0.218185913803479,-0.104655252421405,-0.303254650727819,-0.0285895832457122,-0.184763673395843,-0.0442198594926442,-0.175460233272123,-0.204042381954548,-0.0224794983678411,-0.146166927120867,-0.196766770281019,0.0687396015037227,-0.078156621434746,0.0576316720693494,-0.0487383651994347,-0.202421114510042,-0.109560915396546,-0.2305435050854,-0.0601753285669998,-0.0583519482147957,0.0305418750960215,-0.0443177382303182,-0.056022993643072,-0.110238778172912,-0.0181716779849899,0.124734596518196,-0.0928989357240013,0.0569979180210088,-0.0995334760839166,-0.0172119510385877,-0.104655252421405,-0.0131603634467186,0.0619201475680498,-0.119607700814448,-0.00790496718002492,0.00847906539580849,-0.0548071126845105,-0.0301382850787307
"Pituitary_16",-0.0919784871044921,-0.00304164679338504,-0.0187594063089214,-0.107371627503078,-0.110600066276177,-0.10716607592079,0.111132918555376,-0.0161980194166695,-0.262639409101319,-0.160052568188424,-0.249629882169576,-0.415982155784037,-0.444900637536757,0.140403920103232,-0.270153574138412,-0.0161980194166695,-0.210761125475885,-0.29157341819629,-0.0911421060789391,-0.0266461145019793,-0.116653418668477,-0.222724545143066,0.0338400845797021,-0.189836988068313,-0.0975670878320205,-0.263323057609838,-0.0457079170232019,-0.259739777750428,-0.0680681416455936,-0.049568483591972,-0.100163499376937,-0.124463055679207,-0.150005410199721,-0.128027662077816,-0.0106671209964713,-0.0795668374804817,-0.0120123860057628,-0.0337066349218224,-0.173401937777375,-0.112118885592038,-0.415982155784037,-0.0671631621207415,-0.0949085726407274,-0.119825301882871,-0.0348831402423034,-0.197861980799419,-0.0818958630029038,0.0296602840657772
"Pituitary_17",-0.0590137473960251,0.0836938697588761,-0.0319993402797158,0.328617430569095,0.5003950444818,-0.0698552231773439,-0.000219819288934894,0.0260053770718795,-0.152745187219254,0.0744753530649811,0.01145270951531,-0.0610954673688272,-0.117706460281435,-0.0300490299705145,-0.184364344235211,0.0260053770718795,-0.0126879966725208,-0.000165047815039602,-0.0254198671641588,0.00441886416021678,-0.145272733059247,0.0919973835548961,-0.0458614919903906,0.191207566192103,0.565654629882116,-0.0914980870543301,-0.0313278957821751,-0.208569043580586,-0.0414775363019943,0.0351891048123488,0.0470383512537148,-0.0618399520913824,0.094580400187141,-0.122751154848689,-0.0175015208682165,-0.325775386849707,-0.0458599675880884,0.13837914861064,-0.0477116392320075,0.311388358149561,-0.0610954673688271,0.08165997724547,-0.00930267408746297,-0.118366966386036,0.520676907845,1.50927395495422,0.0447546284994748,0.118599587630995
"Pituitary_18",0.229165090617019,0.00222064820328717,-0.0733336855966568,0.00655374417476861,-0.0334458027625684,0.154067753349671,-0.0165712538164253,-0.0593487642490612,-0.0736893510770334,0.156138988638661,0.789932151243915,0.541131693725757,-0.170292199972431,-0.125846524034051,-0.137917950495825,-0.0593487642490612,0.653356693149263,0.695475167382459,-0.0242436927597838,-0.0377522669937406,-0.185099362402097,0.0268547395089925,-0.143071209331139,-0.0581473587521588,0.187920571540262,-0.17112763040482,0.05228089286377,-0.450332452828663,0.119492580825466,-0.0163452106542768,0.100945668955289,-0.138751789442774,-0.0218341025689347,0.0894971461253034,-0.0386500896098314,-0.215309359266517,-0.0941556938434703,0.110112824158182,-0.0209428178266686,-0.0250481108782601,0.541131693725757,0.13316692469977,0.0333138568746006,0.0714681990963861,-0.00854265007865686,1.2219174353334,-0.0148938904614591,-0.0231525662548965
"Pituitary_2",0.00879816232918931,-0.0213783702569995,-0.109390680943018,-0.192648382978749,-0.196689192286183,-0.116711941818459,-0.287959898852042,-0.217768621959642,-0.346849328391378,-0.162868998256325,0.158131792772366,-0.143990186361021,-0.440555809476186,-0.141999852692094,-0.0966101069644921,-0.217768621959642,0.0995961888596052,-0.0220919853383297,-0.224809540740833,0.404716219595035,0.0202101185139533,-0.288670401941351,1.66864461592856,-0.107948562292201,0.0123566483665408,-0.306390358092953,-0.0365800152630515,-0.464379342660194,0.0830687993871652,-0.0238874222530799,0.303434986920324,-0.151481813634458,-0.151888913054945,-0.0171239562783909,-0.0361378882282426,-0.200699821280364,-0.106275073616707,-0.0952538463581576,-0.28566282019069,-0.0550734255791903,-0.143990186361021,-0.179969391919987,-0.00710715037654982,-0.0496562281394234,-0.109961185795905,-0.46625353665156,-0.158143594226832,-0.1711227558959
"Pituitary_3",-0.137059910845677,-0.11499027118013,-0.0132747393144083,-0.0928674929512442,-0.133909183669989,-0.0986859700801223,0.202565684991579,0.236303207358052,-0.227685427893228,-0.179463797371497,-0.412882729766305,-0.408712499533681,-0.44463073399363,0.0372465119681523,-0.2626673267565,0.236303207358052,-0.372440677649635,-0.415854902575485,-0.116081133733996,-0.180207316779611,-0.010500597997819,-0.226150070229667,0.0361021437488302,-0.202541727651162,-0.079746888423549,-0.23217515036119,0.00642608008466786,-0.17373103248762,-0.150580756193567,-0.161417385096087,-0.220342296419427,-0.162569393870073,-0.139203077865351,-0.134326731141741,0.0243152975390432,-0.179038228603699,0.0415492248447815,0.0249336998389759,-0.185165152756254,-0.162646708409678,-0.408712499533681,-0.113358838159412,-0.131542826870289,-0.175033968356757,0.0116279880970454,-0.178729876516305,-0.0346114447502303,-0.107256901223659
"Pituitary_4",-0.163004620468578,0.013874114489842,-0.0293866139193954,-0.00791130831153346,-0.0529026059189188,-0.0290167973376857,0.056495737865585,-0.00263463538151364,-0.170698775138167,-0.214613419589716,-0.473104754621134,-0.481723263786502,-0.516276181273841,-0.0793654878909463,-0.306697791058229,-0.00263463538151365,-0.414894663256643,-0.47499702581419,-0.00309477094735399,-0.296892015691968,-0.0908948526175994,-0.216252397811516,-0.0121538517097239,0.0735938124708581,0.337076772186661,-0.133456588260947,0.287707069116659,-0.340354346425875,-0.0867512907982358,0.00530238198551755,-0.185006922548136,-0.114920211152448,-0.026506637151108,-0.212176693551759,-0.00729080686843907,-0.164990921965961,-0.0741525570899757,0.139712942566379,-0.075276353377491,0.318410366730247,-0.481723263786502,0.305262551492226,-0.0287507573518574,0.132066005099285,0.163661682654531,1.91117739586894,-0.02026809930704,0.0340533266800819
"Pituitary_5",-0.00697282313905417,-0.0879251602417888,-0.122171764617385,-0.0394427824290902,-0.0111311289803615,0.00780039512715737,-0.118359357555443,-0.0526765666870116,0.0329448481495653,-0.144607577079432,-0.0677419985153561,-0.209294572767922,-0.19162333653605,-0.142268011392335,0.24984093221403,-0.0526765666870116,-0.0728546291228652,-0.0774683490720912,0.168654764343682,-0.00653970097765031,-0.0495850364997974,-0.292934809699828,-0.144758217049259,0.0692791398050296,0.0497625441107633,-0.0752264788628053,-0.098346864890815,-0.306101893933726,-0.0286951243316818,-0.0366458195426296,0.0415400239296525,-0.0744987964634255,-0.0465712696891064,-0.056059201062101,-0.078901998857213,-0.184154394051197,-0.224016388007388,-0.13101842685896,0.0114740670500302,0.0116571817868984,-0.209294572767922,-0.00976754113999695,0.0911632855168032,0.288438062785144,-0.105388608680026,-0.616945564173443,-0.0116800974959718,0.00914916591178682
"Pituitary_6",0.0319463940696146,-0.0269971649745219,-0.145625144826662,-0.171125758595166,-0.194928061859,-0.158143965582278,-0.367407595474819,-0.25882881303208,-0.252307659115178,-0.156353472901098,0.28408906456751,-0.114703941527863,-0.441164731421794,-0.185964158273005,-0.073424433102254,-0.25882881303208,0.176444114810361,0.0776236472127474,-0.225962916190641,0.554898014918013,0.0854336459245436,-0.263327037568603,1.71537894613332,-0.0994324230958689,0.137136755949738,-0.313201607068565,-0.0442774477445746,-0.505218857488817,0.159409883696097,-0.00880112045143761,0.443694019875716,-0.160840529576569,-0.157278550869784,-0.0164425357125684,-0.0565654123501114,-0.193994385443431,-0.159947329988317,-0.121920716097987,-0.322594444540214,-0.153571296916416,-0.114703941527863,-0.164612321926413,-0.0064233928393092,-0.00840151109020331,-0.124445927374445,-0.497210940417708,-0.186750729015166,-0.182096289288616
"Pituitary_7",-0.214453997661853,-0.080747401479771,-0.0472996566773723,-0.120932885479322,-0.226326083288201,-0.0579283312106029,-0.118557425906096,-0.114163199387274,-0.341793680192718,-0.275411350905186,-0.458436111677299,-0.519702748027695,-0.582376475597368,-0.081697631561296,-0.348086713140582,-0.114163199387274,-0.381109059768082,-0.479037610135933,-0.194806424589617,-0.238391840763656,0.245943210402193,-0.2907490618001,1.98266526566863,0.00584514435837306,0.106726186969867,-0.284425073941619,0.0871503132560744,-0.394443247520577,-0.0208552969553888,-0.0746921683199951,-0.104557575925036,-0.179594720469039,-0.204238827998844,-0.256129947913252,-0.00297612885620281,-0.0614991430338791,-0.0888297296590475,-0.0668691230610846,-0.249677132762907,-0.0591127673035296,-0.519702748027695,-0.0528967345790787,-0.0313137048463286,-0.0924287656136521,-0.0306902811619269,-0.387947940364783,-0.154990773701341,-0.183728925291451
"Pituitary_8",-0.126343179747983,0.000460353049584897,-0.0907333033575192,-0.0334884786725433,0.0195675454898726,-0.0576752524442538,-0.142893547572602,-0.0323082529080386,-0.128546851760261,-0.211783111072008,-0.411934921525711,-0.428805991916537,-0.366921578867111,-0.167898465991105,-0.331163863898148,-0.0323082529080386,-0.35587726032485,-0.408648471912842,0.0242053331955811,-0.306713630297495,-0.031764306210991,-0.120473260844939,0.0633181692765461,0.271886904826287,0.487232471525158,0.24448919305051,0.415839315971247,-0.446517755019451,-0.00842707492593396,0.0501884401151507,-0.0914384013651779,-0.0594369847970946,0.29182189241276,-0.239874319458938,-0.0641551849324246,-0.210901402508676,-0.187019453337964,0.326041667606072,0.0673537580292636,0.591499866472024,-0.428805991916537,0.73384421916281,0.0868765300773466,0.160327536353722,0.263780517660145,2.08491329502951,0.138645506705206,0.170356263780588
"Pituitary_9",0.172766977034797,-0.0817442577583987,-0.00152090251305858,-0.0619604856603934,0.0721791377971547,-0.116236684733523,0.145759671605725,0.0767660177608793,-0.28987686898483,-0.0464241440449607,-0.00923062387829803,-0.29700662721348,-0.212791443356665,0.0430720237655389,-0.0508741387829094,0.0767660177608793,-0.0775570362224858,-0.0993594695872604,-0.0494860360089771,0.197394857754876,-0.0516538814594792,-0.117634726580415,0.0222947012614816,-0.212311313393037,-0.0844105791509207,-0.104905157256086,-0.0476237226356448,0.548408145834834,-0.0720936145191438,-0.0653636650452128,0.00706439354575818,-0.147751375995084,-0.0870262521454199,-0.0358111444904068,0.0234908573198,-0.172667149727626,0.0338231791747597,-0.0590057689781881,-0.168014056572822,-0.0768076949514004,-0.29700662721348,-0.12404605708117,-0.0689956802338504,0.0297645661329329,0.108564183712257,-0.130671418562682,-0.00967568837860743,-0.0560472917059738
"Placenta_0",0.0800681180875231,0.00340179851616571,-0.095879576242742,-0.163238050461592,-0.138446924731149,-0.0210618058534604,-0.101069902987068,0.190668398366717,-0.359845295710115,0.040702567557034,0.313782411950259,0.281796397538577,0.467366103886131,-0.00181639529026769,-0.0515840708803722,0.190668398366717,0.395157587291171,0.496185073783046,0.188055045707334,0.0306288340823146,-0.208608165766871,-0.0835024375360545,-0.289567587589418,0.551571367643171,0.12442416699106,0.0558655795170841,0.157916923426299,-0.34072725151993,0.107732412051409,0.0209440481639215,0.242133412864402,-0.000342439063653545,-0.00340654589838357,0.160301600865712,-0.0887052252067046,-0.315100786462173,-0.0964294955661037,0.0536419256193904,-0.227525998801295,-0.0999739044705656,0.281796397538577,0.951966464285408,-0.0177958657256345,0.197481962269295,-0.0560875675890806,-0.347663681913152,-0.123039285481521,0.00762626783003298
"Placenta_1",-0.0975316314583125,-0.200600790116767,-0.106629331023935,0.0838472588413071,0.0391809400586592,0.331106530832378,-0.200821130006847,-0.0567287185692347,-0.0657344880569066,-0.102817468696253,-0.262863585205789,0.508538245297558,-0.0879913625924674,-0.12348043714429,0.00674316688654746,-0.0567287185692347,-0.072670176727208,-0.0733936350072729,0.0449387220167873,-0.389518938135686,0.363011202220047,-0.282268457948592,0.370098782210365,0.276938070134904,0.41053574070948,0.135765233977078,0.621652852645934,0.359850542683985,-0.0413284661194729,0.0824692082950478,-0.183423651999125,0.057226086857026,0.00145634891477672,0.106134365716373,-0.0682904212960072,-0.115824916294046,-0.0889820818162751,-0.0586613640583335,-0.127521656613065,-0.122117613608351,0.508538245297558,-0.063357750775063,-0.0667396533979082,0.0200789380986772,-0.0572588885288811,-0.395072276180834,-0.0343704075317991,0.0351088108965888
"Placenta_10",-0.15475153874534,-0.156607854616818,-0.0856222328853298,-0.0741739903940604,-0.196601428642818,0.405442982145928,-0.144220748991734,-0.105897577699523,0.0160718170309988,-0.210142578822088,-0.294208915426056,0.223303776751407,-0.283586178566749,-0.219434146941523,-0.0568195870339552,-0.105897577699523,-0.0782002195841918,-0.129433409151026,0.0861612598419719,-0.179346124020104,0.458752006876098,-0.00572904255036678,-0.102002476071481,0.46552662468521,0.707153914209057,0.186709317124251,0.382412780509064,-0.030200679911962,0.00199216287534347,0.149198343021708,-0.225367648104896,-0.0176059480440895,0.0773753235798832,-0.202040452012819,-0.0713709768337475,-0.508862027136514,-0.107712157751705,0.0234893491581935,-0.163738100976767,-0.130706397103117,0.223303776751407,0.0798177361826531,-0.121454943093349,0.277988179468308,-0.0123040060808698,-0.407959714807992,-0.0414132081189085,0.0866913668050506
"Placenta_11",-0.0934246268609286,-0.367274634094106,-0.120919097488291,-0.12564263937544,-0.208775363888212,0.79128256921426,-0.244054311457192,0.115284412052533,-0.236607942917366,-0.152326764633947,-0.221101408609948,1.38675162109018,-0.218989626701133,-0.319456080951302,-0.0198049493043905,0.115284412052533,0.21297998161406,0.215293643365501,-0.0746958216193793,-0.373909525712599,-0.169748844357078,-0.16924552368793,-0.194934547422743,-0.0103654370098562,0.0507179160237257,-0.102926270895058,0.504388430805691,-0.0834527773418156,-0.0619827269954636,0.00664468125069921,-0.338256886152582,-0.131452133858186,0.0022801708809924,-0.239276983106528,-0.216311809956501,-0.520149220179042,-0.193470146935674,-0.164621915717001,-0.198527510066255,-0.101755695907894,1.38675162109018,-0.0161683858897838,-0.201414810988471,0.160053423701123,0.00978645304565406,-0.407325893944024,-0.127436991568704,-0.0360010269699467
"Placenta_12",-0.0291956385136844,-0.173950171635255,-0.0869364040872188,-0.108333445280117,-0.122431463473333,0.54367414237259,-0.0612131958267074,-0.0916496103731853,-0.17028866067092,-0.0425906958935821,-0.0534923372739382,0.474006617149667,-0.0768884012407058,-0.0692802362894946,0.0498832611298679,-0.0916496103731853,0.126240745169814,0.169041475654619,0.157009059439684,-0.192056106182402,0.17107165374274,-0.213459474794336,-0.05845794646735,0.189349330619102,0.0770827577612495,0.352435567939762,0.362336070895002,0.04245790562226,-0.0134205499550407,-0.0180849657043366,-0.209075316478179,-0.0487694198085085,-0.027226181102673,0.00619380957436646,-0.0566714503076053,-0.252029514756959,-0.00703188985073207,0.0381366009073287,-0.0851287565689895,-0.119880338238482,0.474006617149667,0.125573842500298,-0.0890238392445796,-0.0480171802343691,-0.0354994941209738,-0.369459075722767,-0.10426873367115,0.0193207926317278
"Placenta_13",-0.16301743316958,-0.148371252238881,-0.103661613925402,0.174369463903122,0.0252283201891893,0.0621567683718324,-0.202447938091224,-0.0818186269832681,-0.273088592332551,-0.172210119089811,-0.412933153120916,-0.146828129412447,-0.387641766484026,-0.0574972500901824,-0.136536887997929,-0.0818186269832681,-0.324778876531038,-0.354346347179633,0.00796491008264286,-0.484610608434772,0.417090238112325,-0.40308178581309,0.232940848751569,0.39101289948994,0.497072041621544,0.168609478673278,0.705551446564206,0.706957050836638,-0.0386474665557337,0.102124488305547,-0.187529245845779,0.102925810594716,-0.0261284630448955,0.0200925822808353,-0.0610628966054841,-0.0649669693459358,-0.106592108723984,-0.0607857045438561,-0.151274588574901,-0.100925666969798,-0.146828129412447,0.00908277784160916,-0.0779046462610073,-0.09135515667143,-0.0774426781424287,-0.419492502751646,-0.0753406192124195,-0.0145539206236718
"Placenta_14",0.27066633241198,-0.143830585495781,-0.0788109928749926,0.182845572690421,0.14631197728718,0.674714824217319,0.0228245091569462,0.0252345820810739,-0.360767296433189,0.401736505491786,0.583225091645955,2.31153366873357,1.00135342846648,0.0680677551464454,0.448607170838237,0.0252345820810739,0.782029320364113,0.913726487884775,-0.0917658322163895,0.381093718530111,-0.200104655423263,-0.0777662917503897,0.197874608083225,-0.214042571352004,0.0300779310525654,0.0269654566448346,-0.0931961009704938,0.367710664370207,0.077399767583389,-0.0264879127003387,0.0656316941447412,0.107357585182098,0.0615453831710469,0.439259495008148,-0.039170867129925,-0.314406934587735,0.131810576264072,-0.153055420553329,-0.141704098352266,-0.15300536287816,2.31153366873357,-0.00175183649419107,-0.028609784554993,0.141909531008118,-0.129612551806207,-0.358959677502571,-0.0476835169884777,-0.0536601799776962
"Placenta_15",0.0277810378285283,-0.109654611872622,0.0152700726325508,-0.15059893085675,-0.144006510905596,0.281326452620277,-0.113872707859081,-0.17008251066992,0.00845400957471457,-0.0556776693745983,0.159744630720778,0.310848766244056,0.00960261681064779,-0.20109606391211,0.026725336394648,-0.17008251066992,0.230537517280382,0.251200720107637,0.107949280508944,0.0159957088760618,-0.180075736775469,-0.011163834029782,-0.133741067189093,0.37868191857327,0.0680407294688014,0.0934793681157573,0.0941798775538389,-0.205356650265745,0.065495909873911,-0.0110591083755935,0.254606861911686,0.018590710437456,-0.0152837333599973,0.0602698068208839,-0.0526540103482073,-0.09384906716731,-0.153361233732503,0.0444423618230201,-0.215738530005131,-0.0714215681562884,0.310848766244056,0.509727564691871,-0.0291639460993462,0.154064067357144,-0.0615163206428982,-0.10177544853588,-0.118039619651962,0.03834352387629
"Placenta_16",-0.159154543779528,-0.282500793904191,-0.132438606847201,-0.0294369572710958,-0.227598063267014,0.376550086736516,-0.142997533193322,-0.132965638441219,-0.0134634487485666,-0.219782465385786,-0.224682015667342,0.311665453626573,-0.327019443867252,-0.318561796231444,-0.103252179971631,-0.132965638441219,-0.0457316315405775,-0.0987586889404387,0.16388984756004,-0.0403271224832471,0.134684886980982,-0.0166201008350826,-0.175912427176793,0.270202620482834,0.514797016828521,-0.0892469373553505,0.308056718114908,0.0228205460954274,0.0195634326941532,0.127494447997288,-0.22702671820988,-0.0787536284057128,0.00411128499500932,-0.185413807714968,-0.0939087888786207,-0.517077366994714,-0.176476984589331,-0.0221056408385017,-0.217577791815197,-0.15250738557856,0.311665453626573,0.00315883027716254,-0.173626235081474,0.142395834785136,-0.0712926055049516,-0.345035434975244,-0.0943631830385886,0.0468056896366724
"Placenta_17",-0.182298542046546,-0.326276536529841,-0.164459814381006,0.128875497175285,-0.041932790556788,0.0139633742894172,-0.190534245306934,-0.00855383713016601,-0.089294639003962,-0.139890612691133,-0.331291827875008,0.179571490910655,-0.220043213220957,-0.321764833667154,-0.0995593493980442,-0.00855383713016602,-0.230175756301478,-0.209497644609651,0.108123796504703,-0.439061855270763,0.423091194819317,-0.327382438662965,0.604378889557701,0.413481685328588,0.314198823424877,0.168726030901226,0.687158081389878,0.401343595512051,-0.0304746101466506,0.052212476115889,-0.271023497483244,0.0814331569603438,0.0135508509871714,-0.0778142389269886,-0.0681191503859822,-0.269277922130258,-0.178181194551102,-0.123631989208341,-0.177814486417622,-0.154661342043241,0.179571490910655,-0.0218955207358321,-0.0847320798348961,0.0682179309855491,-0.155618738383496,-0.397529691480997,-0.100649427702046,0.0375609330799045
"Placenta_18",0.0230202181007396,0.00972893091719143,-0.10358979888164,-0.0312426503120355,0.0539296210517461,0.509835501894178,-0.0494310440977034,0.263601837264592,-0.248826239739276,0.0661002587137687,0.224466287270991,0.499723462862105,0.15947756890726,-0.104889280721914,0.146232032008472,0.263601837264592,0.343914675075897,0.37663465920823,0.00728458649897962,0.00308231533035121,-0.133097070515604,-0.165829095462977,-0.149707283105248,0.150236834852309,0.0971649607835206,0.00332211725040942,0.224706844513893,-0.00662698654404133,0.0447296789253158,0.0209886273182158,0.157857260896948,0.0089281390974089,0.207457075436857,0.0994490821960187,-0.0387346787617896,-0.1473632414747,-0.00780913058495773,0.0534534386431455,-0.144457333592118,0.103199266721976,0.499723462862105,0.636137324821597,-0.0138376019206613,0.0711009921802144,0.0653259850516926,0.130377563079687,0.106951595753476,0.133398017431569
"Placenta_19",0.126176798111935,-0.165169963684486,-0.0914128867786323,-0.101461881805262,-0.0434361075711315,0.876458690571507,-0.057277794565503,0.227330981981452,0.222681470495234,0.0470493784825198,0.0472420322314607,0.792798607453576,0.386628535386239,0.346457207599417,0.180807052453818,0.227330981981452,0.162230943949006,0.21474037608138,-0.0108619188908732,-0.0606824976832023,0.130764907943388,0.00921719926382241,-0.159828684412178,0.133905953682187,0.102873799309101,0.0765325313751478,0.244512185978874,0.080551910413888,0.0787859650967123,0.00321698054734164,-0.0302986436329034,0.126374372009003,0.298007219828148,0.160088524595154,-0.0207994274894218,-0.0834220981082914,0.135420571006854,0.305542478593479,0.17945846069452,0.162960299451671,0.792798607453576,0.446859312405798,0.0571672190129159,-3.10630136565533e-05,0.333074307272651,0.405818009691403,0.142241537315678,0.129057814131731
"Placenta_2",0.223009016250797,-0.125507003679728,-0.173118556756994,-0.0940099008407103,0.089306852375675,7.19899957145955,-0.00293687001483886,-0.0197947671973632,-0.370774212706078,0.158223588923096,0.29689558289292,1.48989759868342,0.185258632250212,-0.0997159650942142,1.50288285080127,-0.0197947671973632,0.528073791204694,0.583197870089568,-0.108841846793181,0.0920290976802954,-0.148392725168868,-0.332005441221074,-0.0500818503904096,-0.1967408394947,-0.104986280779635,-0.0384429869910442,0.0221116243874467,0.356352336092582,0.12865746288561,-0.100875222605676,-0.0418203957328933,-0.0335422161379056,0.592461960795921,0.630538432722677,-0.0314708729611585,-0.349138174011883,0.609403801835641,-0.171411363145975,-0.193453570133998,0.000464137404483313,1.48989759868342,-0.234749700535393,-0.052409772485727,0.0249402702845267,0.155038798331639,-0.306613868443882,0.2347079227967,0.245647969525165
"Placenta_20",0.0213609715302346,0.4654934686611,-0.128255395643869,-0.274971293579781,0.0182717559668809,-0.259668193029942,-0.109177517823199,-0.141267927892565,-0.244564185452314,0.163978143069966,0.107072471371285,0.0177662691045823,-0.113206989796037,-0.151076555921102,0.131772016063183,-0.141267927892565,0.196180105832703,0.147688406664495,0.133786272687335,-0.0304692254135206,0.539743739866766,0.0420615244806057,-0.00639466811402782,0.149332780078174,0.0684036516458516,0.125187622546808,0.236263520465591,-0.324056726785766,0.0205308498682498,0.0474764506320471,-0.112122928739018,0.0234050998546955,-0.167261720586231,-0.147438713904453,-0.0467806087832771,0.137156040539526,-0.158119929535524,-0.062487993687178,-0.0578208413308284,-0.0691353110381128,0.0177662691045824,0.294028771927045,-0.0207796159421375,0.042823849701255,-0.111340718158118,-0.362027100007269,-0.0233897374075939,0.149908247212721
"Placenta_3",0.0598228130505881,-0.0595935381956663,-0.0824340500609824,-0.212298921954806,0.157430090766708,-0.556897418825855,-0.123252754695395,-0.256467190024597,-0.373744082233696,0.117592485099278,0.245011155991671,0.997030164668248,0.580760229075347,-0.125950485807684,0.0019121361155485,-0.256467190024597,0.37148712459615,0.276958936180077,-0.067931551730205,0.153932882822658,0.326928728109933,-0.0871347778394315,-0.155965975087055,0.260724771429172,0.179838959076579,0.0151506216275644,0.0821202689211714,0.674154483916072,0.0308803487919876,0.061062830287679,0.014327866302829,0.084683887078015,-0.0835274583219657,0.00484317506350718,-0.0428811904438298,-0.116558530604138,-0.112056254893492,-0.0980126343193402,-0.100056486810591,0.0296143514522999,0.997030164668248,0.273448035918887,-0.0119202890425917,0.111824334238713,-0.131767228843053,-0.371282781059177,-0.108542653606886,-0.0792556554850473
"Placenta_4",0.247829978315303,-0.40330955340181,-0.21209566951026,0.0858698146349153,-0.0359036496806492,0.356241795923186,-0.215156995737441,-0.116021440856874,-0.0196190353045803,0.13092989064727,0.666572542376265,1.67842103414981,0.571414500435809,-0.427698780399437,0.131978059353259,-0.116021440856874,0.963385892502943,1.00500708978711,0.0408528617544839,0.484119013455325,-0.141235634772274,0.149927459308321,-0.258531006118862,0.00693058044590667,0.120801871676043,-0.0337262063519029,0.231358989697034,0.974310656304969,0.12981679185277,0.0820104708556776,0.287324854010202,-0.0563944127574261,-0.0135707104065319,0.12743861826078,-0.225931010673597,-0.563107819493327,-0.186269053205666,-0.111156338822494,-0.218248720455832,-0.126743073708541,1.67842103414981,-0.106132505494105,-0.086142198357164,0.23416222700218,-0.0914805171940199,-0.299294956393944,-0.133152531575417,0.0602774458145499
"Placenta_5",0.195138435829464,-0.0983182432293496,-0.137344286745759,-0.218753119679696,-0.0701047298373217,-0.0344619462801463,-0.160868846553636,-0.33207311971307,-0.137565311153353,0.0940109184417352,0.619264163139775,1.03888361216524,0.757294204866873,0.150654398120432,0.0554438255376287,-0.33207311971307,0.77482228218899,0.8920922451589,0.196198707011235,0.351137472300244,-0.26483077095606,0.0822187305027274,-0.370159975240241,0.41109247177662,0.102399495562389,0.150907048690351,0.269586356260175,-0.346809782292284,0.178539859713427,0.0590809623431044,0.568025239526021,0.00478140200542493,0.0344531774444725,0.378568013259388,-0.171419461970565,-0.309919166883328,-0.0780212605022075,0.0711370333979993,-0.254972601888346,-0.111778408058452,1.03888361216524,1.84953919486064,0.016904002756819,0.435890106343084,-0.0610194942893898,-0.365861915005099,-0.134254171022107,0.0389197275521486
"Placenta_6",0.14175575847145,-0.103227292249513,-0.0374140820364201,0.0643044778960222,0.048091593240737,0.773170579148472,0.0872068672534711,0.0524430689298135,-0.27650923115743,0.135550769041362,0.222288781498543,1.49278046884413,0.386893729679546,-0.000839869508908753,0.269894333114393,0.0524430689298135,0.489832334506364,0.578125641925732,-0.0680002616798538,0.0131127496516837,-0.0659154565623118,-0.186965025113005,-0.0459012319647355,-0.142374169840361,-0.0842523872911279,-0.118471625877501,0.0439018657283161,0.477169760047307,-0.0213997199631348,-0.0948292195923522,-0.18690166018124,-0.0549468648571301,0.0769518255668649,0.170904934417494,-0.0100638714199416,-0.275226721958252,0.050255179182208,-0.0907056310337839,-0.16565618210246,-0.101988332281615,1.49278046884413,-0.000502109169815793,-0.0748451835831103,0.0235220997274891,-0.0204501370232936,-0.186470933174707,0.0229228295753893,0.00570940413818829
"Placenta_7",-0.0362633403487004,-0.316617951761124,-0.194081789306768,-0.0232833150277175,-0.177570080814884,0.324162734587097,-0.226968402235181,-0.147873822124019,0.212383347731722,-0.15744005899898,-0.03992620342167,0.685678337807701,-0.00966772983952874,-0.358977109241506,-0.0255420997744426,-0.147873822124019,0.194389591918201,0.170070219581575,0.134405425768105,0.0400843928431312,0.117706944189995,0.154706194233897,-0.151447835982493,0.367658937747451,0.489797611133034,0.0585767515525388,0.283372890264853,0.293162115209713,0.0771061202241981,0.135422052409653,0.164057971718267,-0.0156058459504946,0.0393019559339327,-0.197936620082196,-0.15498332489715,-0.626677369827555,-0.197628521619838,-0.0398449592147117,-0.23253253435369,-0.136090463724247,0.685678337807701,0.0975486290173238,-0.143945974024646,0.280511565556413,-0.0366097571139729,-0.408938234219945,-0.125202855023597,0.0701599348874454
"Placenta_8",-0.0616174961775258,-0.175278423643498,-0.135097069150279,-0.176583504337382,-0.071330021988383,-0.310138674031553,-0.210959336068011,-0.199908931822595,-0.13670996430046,0.0414186193567102,-0.0974165326873687,0.649060352272801,-0.0461529831943541,0.0544021660692581,-0.145076454072115,-0.199908931822595,0.056507542713369,0.0292823032413324,0.18060246722216,-0.149600936652064,0.284137635327625,0.307325653424152,0.853232290432029,0.298492186442918,0.479168717372996,0.319086554189356,-0.181305692770257,1.00147454019827,0.00440308131168278,0.146304925318135,-0.0490849561136874,0.072204219637248,-0.124166786954297,0.188764392353836,-0.0999275711341233,-0.508647534315055,-0.175550065665128,-0.108607279924087,-0.15293008418803,-0.0867922223035199,0.649060352272801,0.60492895061944,-0.0244458120967421,-0.260989496454121,-0.0920333545625535,-0.727501976701704,-0.0549321884281868,-0.131931958827119
"Placenta_9",-0.143334714501562,-0.440697475937623,-0.199714741266344,-0.14842445970304,-0.252455404331445,0.450549383003872,-0.352775871016722,-0.0242219882899808,0.0534522425979699,-0.284026262072162,-0.225538594502735,0.467509937350387,-0.266289151307411,-0.489564271179293,-0.117754570573467,-0.0242219882899809,0.0372670487775926,-0.0351717341721082,0.012247684492572,-0.141524127189659,-0.159098937997341,0.0942010326319998,-0.245173456953552,0.191117014571937,0.305685422547607,-0.0283796897321805,0.589355144218023,0.187818477663444,0.0429074684404148,0.111970102932583,-0.099424925561048,-0.137291957844612,-0.0580475020514239,-0.292570009209571,-0.29148712886742,-0.627585540763412,-0.236534671969614,-0.0760698764226019,-0.238421876924828,-0.146128505487023,0.467509937350387,0.0543350791531983,-0.215054683828087,0.198117020544376,0.0008600489270829,-0.408433961813144,-0.160981126464446,0.0334729923275941
"Rectum_0",-0.10642933537686,-0.137380365889988,-0.0349336661202227,-0.0842426741982297,-0.109489486592314,-0.157868850222499,-0.127306661596948,-0.0170447789063283,0.235870711410366,-0.146357815463211,-0.101580372942916,-0.0173181565108919,-0.0142646903467936,-0.0527137919976633,-0.147285081848735,-0.0170447789063283,-0.13107175422657,-0.121633988474045,0.00940216704804893,-0.0597215361753217,-0.245678367955233,0.412192937781269,-0.180826736267129,0.128638243212675,-0.0309483002570709,-0.145015862769928,-0.176838540836788,-0.223787504753162,-0.00803000754360838,0.00306238249018522,0.142632127837647,0.0393784299205079,-0.113171353752119,-0.0621660779852046,-0.0195750205265638,0.428031652458918,-0.130699969721039,0.119826723427768,-0.0724585787806007,-0.0464913888298391,-0.0173181565108919,-0.0516008744643497,0.0205478561891034,-0.05972145432386,-0.0133314492115582,-0.186072420415997,-0.0724259284355626,-0.0443970810339449
"Rectum_1",-0.108519891023181,-0.181994292679384,-0.0765813306286359,-0.111467510748853,-0.138332382885819,-0.180173581004121,-0.138709983807201,-0.0195984557688382,0.286314162267647,-0.15176489534871,-0.114168028848327,-0.0244729657320157,-0.0788135946489214,-0.0294548995961612,-0.153557586791383,-0.0195984557688382,-0.114876244494554,-0.118611768364425,0.0407583650894469,-0.0733752269025033,-0.245703010800446,0.391751418724371,-0.161615707555332,0.0710070098955183,-0.0272382637372698,-0.148801996235925,-0.174871605774483,-0.169223531351493,-0.0219650657499504,0.00737880172540092,0.066982347981499,0.0398327993338137,-0.09874034488227,-0.0626074416847734,-0.0211886836736651,0.507789143777925,-0.130408474680002,0.111937717578149,-0.0724570911798962,-0.040920323117865,-0.0244729657320157,-0.0701797599295255,0.0406669859335678,-0.120209306913677,-0.0479614658056242,-0.206893195487588,-0.0694884506488643,-0.0511796284007331
"Rectum_10",0.1497012064098,-0.11068402730295,-0.0131120145950464,0.30724997899664,0.0406107425032516,0.0278758411169178,-0.106641495160149,-0.062267577683706,0.170574142996633,0.161834639194691,0.719721106303768,0.661862609490116,0.20130589848421,-0.230045737733006,0.12504856399515,-0.062267577683706,0.67156107379336,0.727944761560285,0.0748727358781109,0.388404362135361,-0.189458611540489,0.134736534086793,-0.121887229078745,-0.217051387164656,-0.166939492688184,-0.129684928299792,-0.0887621042572195,0.835398960675284,0.0481251422864028,-0.00099725231472458,0.496320564205115,0.0964874073703667,0.0307793535980753,0.296876083839469,0.112303441380023,-0.00327834824057593,-0.145081458670764,-0.0414678168008601,-0.0531752328909741,0.0846081692461819,0.661862609490116,-0.191385254542576,0.0912717266346447,0.105923669232874,-0.0966909778837842,-0.174827867487582,-0.0698784888653902,-0.04914196685951
"Rectum_11",-0.0857313103101607,-0.114734002401848,-0.0117625266913371,0.00115430311741276,-0.0776436778902816,-0.0746169754150793,0.0707742677713692,0.0544952686493162,-0.0350666791724133,-0.107299786344657,-0.198784327310917,-0.0789099595568252,-0.203405360130097,0.0952869041967268,-0.161373438975501,0.0544952686493162,-0.231452056125808,-0.221428138623569,-0.0349923211293108,-0.00333558366188655,-0.0684215586732007,0.363447262759166,0.0276489374685257,-0.0583118292242056,-0.0783447487713203,-0.0908039799372588,-0.0758152401616352,-0.148723649834229,-0.0919010176268907,-0.0452753379363804,-0.0486676856692019,-0.0365786902105522,-0.0965111311155068,-0.0448575194767938,0.0207283854278424,0.0809282574875319,-0.0336129178096367,0.019546133465794,-0.0969950340849688,-0.0440309596978721,-0.0789099595568252,-0.107959765526043,-0.0459364054272656,-0.120500523659577,0.0292733466625406,-0.0371513411179868,-0.0324846967197237,-0.0668863455118909
"Rectum_12",0.50158480302784,-0.138403375426776,0.0750001925237436,-0.0727312533984177,0.159671913911871,0.324818820928132,-0.00147456854345972,0.0991951774948385,-0.131167801068678,0.0793547767928192,-0.272242347770221,2.17431280052298,0.284217209132147,0.0888354664420555,0.858338437764432,0.0991951774948385,0.156213785753851,0.209429179482402,-0.0732333056320185,-0.206733635257203,0.420297550164105,-0.207938991952442,-0.0126206371995861,-0.239950151498038,-0.107810583127017,-0.0815790827747079,-0.0597179273456692,-0.00443210564377504,0.0228097346096296,-0.0402257263393789,-0.25795919982181,0.11888096732128,1.20967108030354,0.5386382376377,0.0332649589786996,-0.175410213798235,1.0076073084969,0.217801266827805,0.367415561088359,0.355725110445457,2.17431280052298,0.9356413129615,0.144142426280714,-0.179861903351366,0.259963138834392,0.183112614611429,0.727732811149289,0.344768324779651
"Rectum_13",0.0767468587579431,-0.071662670460828,-0.0382160834494096,0.171735761345733,0.00281632034567775,0.0117892168743323,0.0313006505593348,0.0416965787133183,0.317316164329774,0.129373665522656,0.305119154448997,0.651120411743419,0.272547444443884,0.0332392418104196,0.120489334233586,0.0416965787133183,0.382707178241725,0.390380801403002,0.0591335593272876,0.152385281597118,-0.113214835325023,0.279816094854253,-0.0687739240553615,-0.250922231078048,-0.0511553613089459,0.0436929258298414,-0.0737897578594875,-0.265628392661588,0.129876805229781,0.0433763950489083,0.0575078776062146,0.11951870007559,0.227685773737236,0.266750439181791,0.00831667881590425,-0.133039390606249,0.0563942289645826,-0.00592801659245008,0.10239191266863,0.312562416347352,0.651120411743419,-0.125060124954278,0.0580228359787978,0.0796945524478051,-0.000988468814748246,-0.106342639233045,0.174558437222181,0.0210389958473639
"Rectum_14",0.0452254193436979,-0.0737067756980777,-0.0358648179882021,0.00598719683516425,-0.0803895855373147,-0.113677088490392,0.0895702664014539,0.0399853484867267,-0.00973339503665881,-0.0130849754114583,0.174606972758072,0.156380214076118,-0.313564308090835,-0.0110528957891947,-0.132865305456356,0.0399853484867267,0.144723620144232,0.14293237792998,0.000120386750899516,-0.0777026748346244,-0.0858850012563923,0.214139495108247,-0.0231635316752818,-0.133821372120375,-0.074430988690038,-0.165834396298219,-0.0405136345564878,-0.326764867152035,-0.04392086582975,-0.0482316697999569,-0.0573191478210044,-0.0966497156628482,-0.0331161064796232,-0.0035786386011741,0.0172219665275417,-0.149879074141088,-0.020777702861871,0.0199873111279533,-0.0687825058729643,-0.0948553915143862,0.156380214076118,0.000104790498169669,-0.0390656673822362,-0.108018860731504,-0.0160117508048786,0.46178673024282,-0.020041131868837,-0.0578401642379749
"Rectum_15",0.10302878803261,-0.120600632039122,-0.0687245792369603,0.250658716584936,0.104947507286371,-0.115742122098783,0.0114671694376764,-0.00773014779243211,0.163238615565944,0.243154008264249,0.442906125614809,0.767454255340299,1.32235960399975,-0.021137330544777,0.226614203652964,-0.00773014779243212,0.494527824107268,0.484512778357353,0.0415727343680972,0.233210900516971,0.195424306283262,0.328538569126231,-0.096432554678374,-0.25993857744655,-0.0458085951032827,0.130280385570428,-0.0444657081404341,-0.2410204851651,0.139671681040953,0.0340383144090039,-0.0169217461567775,0.266175416753468,0.457184913316648,0.452493406353735,-0.0342508552354906,-0.116331574652629,0.201529779372247,-0.00266733207684774,0.274491679991742,0.325324198452467,0.767454255340299,0.267562497880456,0.112044943473669,0.17870725568627,0.14066139564642,0.023067262058995,0.257916002392876,0.107913133179503
"Rectum_16",-0.0537166184191423,-0.222786273691917,-0.0591993549549181,-0.161460456805515,-0.204917495813233,0.359072154571672,-0.137149388888347,-0.115716803254606,0.249312449027304,-0.261971835058147,-0.34927327159637,-0.63176311785292,-0.549743165310398,0.624560925057833,-0.292904313139504,-0.115716803254606,-0.411310560117876,-0.420025064680674,0.0856755381978136,-0.26076409681903,-0.0176452214170746,0.307000521767759,-0.121864204130065,0.299661770997668,0.187867238871428,0.0630025807911635,0.216202224720219,-0.170392610247069,-0.0492639916435906,0.0287461673007499,-0.306726923239552,0.0295502957581575,-0.186391728047913,-0.133453670114017,-0.0300015014048641,-0.165992007815236,-0.0441537366179881,0.155683556224071,-0.128316621755313,-0.0415636441936741,-0.63176311785292,0.484624278639196,-0.0899781159849568,0.198947205273227,0.177602668920515,0.20081998729927,-0.0740261271732724,-0.0795124485691024
"Rectum_17",0.201761192213569,1.39426487917908,0.276714853697314,0.277855859616747,0.444938858205992,-0.152988812903284,-0.00289422387112109,-0.0372924249498231,-0.22619814678827,0.613486601939961,0.583854159444698,0.420378730898065,0.602276128582986,-0.0292168982330553,0.0367479995215302,-0.0372924249498231,0.617585151481243,0.585879416387837,-0.0544586130698284,0.535608115152222,-0.198394820269955,0.124847047008822,-0.174328131768727,-0.224237013340825,-0.0806976486898869,0.219262838163909,-0.176253557782697,-0.0869386960170308,0.121820058637811,0.0749528548761474,0.220268654451397,0.0810522651882598,-0.04514237187003,0.128024314182091,-0.0682211715928429,-0.109939300900497,-0.0660936681016664,-0.103323078939235,0.0175853173155605,-0.0535909675873708,0.420378730898065,-0.074879467693931,0.00137560378774367,0.144657533314778,-0.153916365824582,-0.170287730690417,-0.091399829524854,-0.0529665809314695
"Rectum_18",-0.0802678305573218,-0.000942792385495525,-0.10197209422159,-0.0698022553574031,-0.0912972707836317,-0.121251424128073,-0.0779371042664323,-0.0170942330010988,0.0545866314917002,-0.102279202933446,-0.0642503675684625,0.0460123323681237,-0.00935288408656244,-0.110471850174205,-0.187794891272826,-0.0170942330010989,-0.0219541442859192,-0.0501664370287946,-0.0660394119522504,-0.0178284857412592,-0.195629445043988,0.335062564587511,-0.127322594591054,-0.0696638882964267,-0.0639253389217698,-0.143191341415111,0.131642916548123,-0.375344158351887,-0.00815426852731664,-0.0163387976137225,0.376445397955088,0.00395316593694631,0.145393718635232,-0.0145444033672644,-0.0120152930296241,-0.0344150205360453,-0.105423145208702,0.211646034531065,0.0238072771194175,0.184902566439321,0.0460123323681237,0.0127744907667483,0.0325971817541246,-0.036086590252715,0.155167151142757,1.44240558657732,0.126046818954213,0.0524685424529309
"Rectum_19",-0.133942033327921,-0.152524419911919,-0.0567994839424129,-0.0460156483834524,0.0849566586812415,-0.0286292546329839,0.0620269073402503,-0.146994330862114,-0.0426368543188591,-0.170105163998796,-0.313687730256145,-0.414377970032184,-0.415198483158457,0.197227147631149,-0.221697827303866,-0.146994330862114,-0.316741553203304,-0.311698577304664,-0.0616844955530133,-0.122089375735902,-0.139004938313195,0.277394045772586,-0.107820897214837,0.152182790294324,0.469329594211925,-0.118119431850041,0.0593778699928162,-0.364251367103869,-0.10410744045758,-0.0547819230459819,-0.0754389653308445,-0.0664832667543297,-0.134527239218669,-0.161266219089832,-0.0430839639868121,-0.0448281583914465,-0.0505470571178772,0.18625316758716,-0.169499991670474,-0.109309827840676,-0.414377970032184,-0.0144018084040565,-0.115861868147252,0.280548791057447,0.688282032492375,0.119656372619051,-0.03155215892904,-0.00686804303898577
"Rectum_2",-0.0868905878234635,-0.160437542138148,-0.0717595804139201,-0.0721860055577729,-0.150633766675067,-0.135953129319035,-0.107100614028185,-0.0393994694691328,0.326903273551643,-0.151298634073733,-0.0613968963439152,0.0403659189511351,-0.251532841504914,-0.0326242248931286,-0.0810311520203691,-0.0393994694691328,-0.0795353349776583,-0.0731049889207573,0.0423999593826816,-0.0840235663888971,-0.197104409629856,0.585736882377198,-0.155793534314348,0.14172666704329,-0.063010472826788,-0.159369959970621,-0.158584909618674,-0.026870773406563,-0.0251929578640877,-0.0200410187116279,0.111837998449991,0.038277702485469,-0.0527406723920117,-0.0420550071814749,-0.0112385792268386,0.421090079370713,-0.121948070518353,0.0743143501308587,-0.0591372497365848,-0.0516897356258029,0.040365918951135,-0.0802636909763955,0.040495002290063,-0.134253511316397,0.00897606330699608,-0.195447132495988,-0.08125631557961,-0.0410390791068404
"Rectum_20",0.185532091880872,0.237339997072181,-0.0797542991842942,0.210550587193844,0.103509285454619,-0.171265741346143,0.0136893277061069,-0.0775373420621291,-0.422074623700971,0.276428371569172,0.456117090014056,0.0821039728128996,-0.202686387203495,-0.0575867514977813,0.194680738649214,-0.0775373420621292,0.334710695361842,0.360750949828933,-0.0563222764214797,0.370808494031193,-0.175567173597906,-0.0488407577641216,-0.272853126294009,-0.255638477229283,-0.117628060211743,-0.178185080505022,-0.193939437423837,0.884743092862079,0.130815685560453,-0.0360266395002904,0.0464867877866392,0.0226038881226209,-0.0223644438760123,0.227366214661632,-0.014312601217221,-0.149595138515941,0.00069000676371775,-0.120077633820902,-0.104651394410321,-0.091382760611476,0.0821039728128996,0.0335863519126081,0.0947331147247732,0.248119764784128,-0.0128217314636457,-0.229704990430548,-0.00901011431155306,-0.00527095265468642
"Rectum_21",0.455007279218417,0.786856270891458,0.252627372211144,0.396053067747307,0.383531799494501,-0.0625868197738016,-0.0359169954867312,-0.0653230772735501,-0.339775578273453,0.54141472361197,0.746603976767516,0.815523527701571,0.716041283380007,-0.0989105624861825,0.173788782414581,-0.0653230772735501,0.832101809601909,0.848463921955632,-0.094651168374713,0.497280894450697,-0.155825999614341,0.016747423462064,-0.160681811450746,-0.10268147087474,-0.0805906771524544,-0.058831834056003,-0.194464583260287,-0.317290677453826,0.141051686182995,0.0163216948846895,0.275912536974241,0.159219034240437,0.0373386388605485,0.273331185779621,0.0136075265128699,-0.202306099517383,-0.0203880645313904,-0.0582339026844466,-0.0590917316192833,-0.0599508546005383,0.815523527701571,-0.0456302285923073,-0.000620447690931154,0.397878182702976,0.0730587310515014,-0.17108169803499,-0.0130429027885512,0.0175877450652818
"Rectum_22",0.0575498107872114,-0.0869541742248267,0.0026199856970368,-0.0463624743251181,0.0175850081461149,-0.097125967659192,0.14535456411914,0.0874282152442009,-0.181115706600339,0.010592992616521,0.109079267007766,0.0180435350441091,-0.274861270162169,0.0584815791854777,-0.125042080636487,0.0874282152442009,0.0898275895339711,0.0881155331625971,-0.0542205418171877,-0.0385934144799556,-0.0552892344373497,0.0499728520102517,0.00686250492814591,-0.161538546092556,-0.117919023929203,-0.138161558060691,-0.0619123596514205,0.400822066620747,-0.127732420422667,-0.0981085318596505,-0.120998640444049,-0.0608635173753517,-0.0912400893923596,-0.0175688941481691,0.0437495312962435,-0.177397278011093,0.0239908710864355,-0.0569555751700316,-0.119573900663553,-0.117899017397598,0.0180435350441091,-0.109572162382139,-0.058360360503405,-0.0138463110534792,-0.0389997967485678,-0.0843433626695516,-0.0323749778174537,-0.0590766372989667
"Rectum_23",0.19736290906246,0.278074448354759,0.734180957937035,0.37497838999524,0.307582129788127,0.183978283597868,-0.0584211446495215,-0.128456983684906,-0.137916929351519,0.487161444288277,0.537515310987105,0.277889367757921,1.24810396791128,-0.0816503625145406,0.501693893769434,-0.128456983684906,0.517511271219417,0.535150830058933,0.163022781883145,0.35070937968284,-0.264841925478767,-0.108602851959246,-0.194071618525475,-0.142924650086726,-0.044520076629399,-0.106731314232433,-0.2587034350349,-0.263120891559118,0.107611978031116,0.0245586842061547,0.289139203075695,0.0668896471678718,0.123758532535213,0.262308543942606,-0.0841223222877191,-0.159322568094939,0.0409275333660216,-0.0819359022489374,0.000919832264708606,-0.00678691805478144,0.277889367757922,-0.0838783928533037,0.0146089292499057,0.290656123645024,-0.178072615967425,-0.380467865728829,0.0485295771474738,0.172152447929502
"Rectum_24",-0.00802056561760452,0.11942866593394,-0.0235432119162376,0.193095930047863,0.497377825642803,0.132615940308356,0.0309351817663973,0.0248631999158277,-0.0243090309197342,0.248742631476389,0.191314911330376,-0.109803761057482,0.338432278052207,-0.157181960993719,-0.0394967587463522,0.0248631999158277,0.135835122910514,0.0982735423055531,-0.0406995638427032,0.0856725145004392,-0.11615101193139,0.251449736209537,-0.0774239479913134,-0.0354284266182449,0.263022925630411,0.0729595720982668,0.142507250169541,-0.224200151509618,-0.0295726495731736,0.101602379276851,-0.142385421729527,0.0542476309870855,0.0548087011674338,0.0517557162999637,-0.000984830164226714,-0.12881613980069,-0.0373587761687588,0.062943429281921,0.0702227859734555,0.0934011361350976,-0.109803761057482,-0.109661220550765,0.00570871262996689,0.0332298371939389,0.318189321894104,0.526761247406353,0.0349386134977949,0.0226735140117515
"Rectum_25",0.292401272537024,1.3874135341477,3.77788278360732,0.16573325691096,0.170612626984509,-0.177024710664132,-0.0266579599331032,-0.11816328679093,-0.189587105806485,0.499256396353579,0.561279632946477,0.572596251842499,0.775109632140202,-0.0822177323770118,0.095046605963554,-0.11816328679093,0.655115501027476,0.635242012839712,-0.00324683281033218,0.450535071324095,0.2672793798876,0.241085746403613,-0.100305883403711,-0.153090221620877,-0.0915736223092071,-0.185016455572465,-0.203990314125186,0.175051530472696,0.0933397672245439,0.0587585497026535,0.249767815354342,0.153376191303085,-0.0352222772713756,0.209213588457176,-0.0791995613546903,-0.113935076500836,-0.0506711674833607,-0.114113611284629,0.0480869875573261,-0.104394425964473,0.572596251842499,-0.155808950540284,-0.00552008073736639,0.331763548655733,-0.0931701164220883,-0.188772681203954,-0.0648380862979174,-0.0342370741820945
"Rectum_3",-0.0872253575378466,-0.121649287531992,-0.102953652952546,-0.0977210111589832,-0.0222299394370874,-0.142766861943609,-0.124061716979428,-0.0124001014786235,0.261099662916407,-0.11119348676117,0.0754653653840202,-0.0120226062978847,0.179917876965036,-0.0102809247006029,-0.149350425984619,-0.0124001014786235,-0.044330369796528,-0.0574728252460836,0.0488402079323042,0.22739618357651,-0.149586040966351,0.40742563767649,-0.199018970501559,0.110148690160252,-0.0382705018913151,-0.165505989965991,-0.177284569419188,-0.257369398631285,0.0482729905174576,0.0537587585549474,0.295877970343335,0.00568548171510808,-0.0944037622328391,0.00493406521857548,-0.0317471722379567,0.174734847260973,-0.143236921834941,0.181467654902194,-0.0500754878286275,0.0306871658051236,-0.0120226062978847,-0.0847546448079715,0.0614787568162978,-0.0348102049668787,-0.00978084563055212,-0.0503382914445889,-0.0774039876961617,-0.0327971653066349
"Rectum_4",-0.110507803980509,-0.132054417007195,-0.0301567501067398,-0.142991411621163,-0.163685613957419,-0.0610777117053806,-0.0248906927009833,-0.110145533396621,-0.0084920552610106,-0.201407760924419,-0.242050371484762,-0.373053088993685,-0.477603662000094,0.223588780621398,-0.200451004300622,-0.110145533396621,-0.264118958785502,-0.26189768576356,0.0276701441383691,-0.134830719243582,-0.0926840550781029,0.258760633451639,-0.119229456140158,0.353264508492775,0.174214348512694,0.0636920477941449,0.269991699676938,0.0254513293711154,-0.0472063872314049,0.00399462601769596,-0.11052924229713,-0.0296449242204524,-0.174769494006097,-0.168307010312438,-0.040061385909619,-0.100855925877721,-0.0898614342210557,0.0957508370117054,-0.158091813988021,-0.117964875213408,-0.373053088993685,0.324968412120785,-0.0871272462997878,0.215959419419116,0.102050044196425,-0.109555874866378,-0.0618008045189609,-0.0410428944044187
"Rectum_5",0.138370753308869,0.104103985376649,0.0839188385081757,0.326779237766178,0.0907384871164411,-0.0511352250480446,-0.0882072227275739,-0.0383147151232253,-0.0717480292684705,0.290535652081622,0.511833612809271,0.0942256658935182,0.420390317499307,-0.0285586983745169,0.392794638033912,-0.0383147151232253,0.554056739118763,0.517939201689189,0.0483141588832092,0.132010829690698,-0.215367122989226,-0.0899293302619748,-0.156436989099445,-0.22946345496296,-0.17245176663004,0.29705730119187,0.00166901741604617,-0.318532845264628,0.043461942074598,0.0360787726108981,0.152532582233035,0.0888821998867263,0.0283546071196644,0.256319281337708,-0.0570037474244191,-0.113454999300699,-9.15282123178064e-05,-0.0406013374836086,0.173867427826171,-0.0279184721585714,0.0942256658935182,-0.141876367203836,0.0984406916043773,0.107391566686769,-0.127496920203035,-0.478928904234682,0.0230504116887814,0.0123158106926036
"Rectum_6",0.251464411986456,1.10358664798014,1.51288114760983,0.198029343967544,0.392034512384874,-0.133529246776876,-0.0531908845711153,-0.07430313255619,-0.161093804853631,0.459160212650714,0.364295600299422,0.289369449422088,0.672453939300348,-0.0524969774908023,0.0721857912723789,-0.07430313255619,0.414886624107549,0.407314422776281,0.0776364296466272,0.17229124436324,-0.0258492064433443,-0.0629543908087156,0.273871713536985,-0.107280333923011,-0.0650751373273704,-0.0431810853131407,-0.0660377681220827,-0.150840962173039,0.109273226962022,0.0529983511240232,0.0890885868137674,0.108207939990853,-0.0024490800044725,0.162837102220406,-0.0650678101327257,-0.0403479151227057,0.00768884591420699,0.00571636234314005,0.0652381508400225,-0.105929323889181,0.289369449422088,-0.0130374739602929,-0.0315771243002317,0.142284468717037,-0.126697315963292,-0.194444633277997,0.0276687835108487,0.031487485976599
"Rectum_7",0.26254499620151,-0.050798937005264,-0.0532574059215062,0.176573536661094,0.173229827149645,0.0412035105458115,-0.0132922532822464,-0.00270233676653342,0.0842347901245178,0.182768248292445,0.241392287679766,0.608350591988491,1.02444983947499,0.122879343375621,0.295057799175901,-0.00270233676653343,0.377539124850529,0.342393764716535,0.0478197917610732,0.0679085260082927,0.151310423042995,0.23777159062536,-0.0619804548811534,-0.228531215750283,-0.0197885822478568,0.203169074881306,0.0960715761809868,0.82901067752761,0.116167070654923,-0.011581337131008,-0.0730380254308646,0.19514363402536,0.664359182867709,0.309374763240588,-0.0281994959247455,-0.0500919646685155,0.310894958157381,0.0623221819019483,0.269122905877098,0.422427931267257,0.608350591988491,0.72975793126677,0.0775659142078711,-0.025406364075491,0.172084222260184,0.0941099329751123,0.552510018578693,0.282844952921438
"Rectum_8",0.17014068206439,-0.0850931854856972,-0.0240249801764806,-0.0708273987956904,0.0916667570427301,0.23245272368599,0.0875264863433859,0.0443851488125107,-0.100433399796348,0.0493701855346186,0.307523190403855,0.0553737665336136,-0.266099063895805,0.0232259771117383,-0.0276018916816535,0.0443851488125107,0.19224658223587,0.220471354628724,-0.0509389363286337,0.0220059448410133,-0.0634641723791462,0.125499551861508,-0.0322764476433825,-0.111272816333404,-0.100384283092628,-0.103906393288027,-0.0398162151541706,0.646253583653908,-0.0613270240632815,-0.077308361145898,-0.0932436908354029,-0.0161268124062286,-0.0820228962486538,0.0661567170931508,0.0175082845112151,-0.179166104394851,0.026657946259558,-0.0679554576806794,-0.0988553680657161,-0.116991564611415,0.0553737665336136,-0.0843026575933525,-0.0370910260494494,0.102934908941592,-0.0204505091624643,-0.0637426672837776,-0.0179015259965931,-0.0509204010287544
"Rectum_9",0.174151772407875,1.24008548486094,1.55545170350258,0.327567205360375,0.41681287477839,-0.145408337916596,-0.080033979107958,-0.136845989548017,-0.148141021988294,0.635279467250235,0.558491268208061,0.443904407176923,1.05710717064145,-0.0469363845542015,0.12740424305256,-0.136845989548017,0.646208729035175,0.604218070214847,0.201930384341065,0.416520235623376,0.0223519755005239,0.0140461042205824,0.439957463208766,-0.181962573865956,-0.068473440834799,-0.0243448716582052,-0.222474592914014,-0.0958595694772072,0.162058396995647,0.157772616151012,0.198750063392826,0.105603186880363,0.00682566991963613,0.177229574602397,-0.113260824343009,-0.166824159811881,-0.0525672681572177,0.354708469490147,0.0856448324954988,-0.0361781687287826,0.443904407176923,-0.0920281267038392,0.0450803583196452,0.215332939969182,0.00629122079442069,-0.24931525617962,-0.0345507879953569,-0.039497988284629
"Reticulum_0",-0.0304837979554257,-0.166084727068441,-0.0516646147208679,-0.0214102864303418,-0.0631563161199602,-0.165114869209281,0.00605049987672704,0.0158567456609733,-0.00875723960441546,-0.0538936436543851,0.101336711300743,0.142119919470166,-0.124373349678523,0.043770106042557,-0.0386926267376881,0.0158567456609733,-0.0191586044913734,0.0128880729743904,-0.0348224114784809,-0.0113117390973902,-0.154108882270358,0.489604611793644,-0.0845572341358775,-0.130326085274842,-0.160996486328174,-0.0720148502060345,-0.144286117841413,-0.164189303391596,-0.0191868980514877,-0.000794058114102889,0.0639768837355082,0.0331657637531695,-0.0342419516776666,0.0439329847994913,0.0179361156269242,0.203054923891324,-0.0369688690146813,-0.026966016961156,-0.00435293652154057,-0.0298464982486306,0.142119919470166,-0.11125830597069,0.0617739170974376,-0.0409015819544348,-0.0362514424944584,-0.144878378119724,-0.0447127305196405,-0.0505297519585731
"Reticulum_1",-0.083847590620417,-0.124553791943725,-0.0739618578478319,0.0795728376142293,-0.0593549354483528,-0.0682156750438784,-0.0210609164385467,-0.0726672667132823,0.555148442066902,0.0200264580702345,-0.0193051423206252,-0.283202613419477,0.0841535002112009,0.00905318296633667,0.0863543924401926,-0.0726672667132823,-0.0531117858790114,-0.0423695461327173,0.107127635617764,-0.163093067806493,0.258296815936059,-0.0187515085268412,-0.175969425537535,-0.0267734000723889,0.0122572620570767,0.207749121384898,-0.0220611402431394,-0.222402269924146,-0.0175450455228335,0.00363608686154004,-0.0721179646877416,0.139905297279849,-0.0634104301938178,0.0304613360191987,-0.0138617252064794,0.0488879159743624,-0.0817951127738822,-0.0487461846677323,0.119468640244011,-0.0705161901170166,-0.283202613419477,-0.0603150412567961,0.0213797928866142,-0.0735212397629987,-0.010348656885457,-0.604374381983001,0.0285665444231997,-0.079520993302498
"Reticulum_10",0.0956354386311925,0.253590931131882,0.476955606149502,-0.0550441001572237,0.111463670981116,-0.106489790304422,-0.0790922094263638,-0.119205662847892,0.0680918283355594,0.264939336923291,0.109560531862578,-0.0212913520891715,0.348315516183692,0.0406819116692566,0.19572460380082,-0.119205662847892,0.0559951363395981,0.0759629935780262,0.0810000153127705,0.142637133155615,0.111509223385686,0.109039975971984,0.320465464893048,0.0724836654209981,-0.041144303776651,0.446374117625808,-0.0414711384101443,0.169613229982365,0.106199434314216,0.167129815344105,-0.0815676098083675,0.207547790540057,-0.0771903674895908,-0.0287875224478948,-0.0120768364884327,0.0372947833801431,-0.0703331282150151,-0.0933149095363366,0.190647189211412,-0.0925034798674882,-0.0212913520891715,-0.0548846912653118,0.026820923105464,-0.0178606198966608,-0.0965368614877739,-0.26435545036748,-0.0608007484040362,0.0138589419226499
"Reticulum_11",0.105789959596428,0.024995679823314,0.255429785400307,-0.0129473242407872,0.00821337232193915,-0.133706742156565,-0.0114958142137931,-0.0910667401318937,-0.000692507757436293,0.0655223572682438,0.152030922868223,0.0177344704024711,0.295592503326598,-0.0996576638906162,0.311123543867069,-0.0910667401318937,0.0571227682122756,0.0849585590760327,0.00406700226116806,0.276771001532492,0.171839534530438,-0.00738327075648908,-0.13100813275148,-0.0765882414443408,-0.0636693414159062,0.0228042004113518,-0.107425381959943,0.179830128687322,0.0610826204059392,0.0276943406877022,0.0155970970676137,0.175363108662628,-0.0933569136654705,0.149855656721756,-0.0173875194698118,-0.0240484144092067,-0.0527181063909728,-0.0816588845809864,0.100114236803576,-0.152621068171532,0.0177344704024711,-0.136370740239545,-0.0343254243294308,0.0756963193008178,-0.0557171493872381,-0.240500845961984,-0.0960970800088712,0.00138116581243808
"Reticulum_12",-0.0467474423263774,-0.163674998783095,-0.0534729546384908,-0.0742986115236212,-0.084803152142221,-0.178125468307877,0.0131195607848336,0.0182370648415064,-0.0340878380620016,-0.0731945717493265,-0.0106391497403142,-0.0111766765398056,-0.121392222574202,0.167390047879416,-0.0998725638660624,0.0182370648415064,-0.0854158299855685,-0.0572763287220768,-0.0570885307643252,-0.0968500777118881,-0.11154138523485,0.347296479878124,-0.0693864141628497,-0.0822479593219815,-0.138704990074411,0.0531418224847781,-0.125009971093367,-0.164285360018623,-0.030368853167786,0.00765764836062621,-0.056990915956517,0.019391808859614,-0.045890549899174,-0.0136982163897299,0.016175525007475,0.201908244437152,-0.0811365907536257,-0.0477731453562926,-0.0016305354828968,-0.0240337312072763,-0.0111766765398057,-0.0742459520342674,0.0814799116630039,-0.121153500286029,-0.0100984997725622,-0.163294022952757,-0.0523984588723438,-0.0727085156286958
"Reticulum_13",-0.0176629362478182,-0.028631784618352,-0.0636784925757892,0.131061344227063,0.124428978237235,-0.00903059842104473,0.0113011161266567,0.0249585415091545,0.141348805797248,0.0622889931628545,0.0733752601979012,0.659056746941397,0.209317504113606,0.0146405561664775,-0.0979226291356458,0.0249585415091545,0.15758511922395,0.14926118928825,0.00496593008485042,0.0383721727729037,-0.0687530249387566,0.18200687091715,-0.0711131064614329,-0.210958762342322,-0.0368300200773722,0.0286012720563834,-0.0102808543885599,-0.229104856856964,0.033780477343972,0.0446506082757255,0.0711686377683833,0.042305416177894,0.156750653771747,0.0389908850916866,0.169946593618251,-0.100178762418446,-0.00656220431384353,0.0239139808721488,0.0882278111555242,0.301123605044783,0.659056746941397,0.0935234083365143,0.0332632902947912,-0.0689930275141381,0.170432839916437,0.215894151314419,0.17702683198518,0.0288336311119462
"Reticulum_14",0.056820633724771,-0.0678627129219292,-0.0619789571019435,-0.0798544497355076,0.00556438504664749,-0.142398277639834,0.0120079783388595,-0.129464418013506,-0.380628238896241,0.00673964283334824,0.00274505995641334,-0.341326554582802,-0.223666175078023,-0.036920223226858,0.263091360724532,-0.129464418013506,-0.197986977784382,-0.143807356756625,-0.171034642375419,0.0701948305422364,-0.124596499520913,0.267358379626365,-0.209473905334892,-0.088031506668544,-0.0731387563595258,-0.135666804554948,-0.136023432629423,1.06140156642428,0.0310618599326251,-0.0400966713849113,-0.091103551059675,-0.0267223457787139,-0.0847154950498258,0.019494603603119,-0.0129185972423475,0.120350382527821,0.0263541388688315,-0.129270642783407,-0.0236841724781567,-0.176640199273306,-0.341326554582802,0.0548043225428169,0.163738519934427,0.0251338806447075,0.0235699065987496,-0.34039040148242,-0.018566671055405,0.0280356535552532
"Reticulum_15",0.0994721417537475,-0.0978630610577117,-0.028940209278197,0.0762165802212822,-0.0178838417576588,-0.113353519677858,0.120022199519335,0.0492750465878887,-0.0770866745891735,0.0759755749694519,0.468879618714266,0.324203750225521,-0.237429599892858,0.0406370507175672,-0.159973951664111,0.0492750465878887,0.422787421006964,0.426109100706486,-0.0248074505834597,0.0237062716142366,-0.0973061772010418,0.139330872443397,-0.029061938623096,-0.265449101913083,-0.149695871323186,-0.173799196339395,-0.0827157289875493,-0.313979868766968,-0.0323774248138643,-0.0152217429557856,-0.0456096658160007,-0.0991146123355656,-0.0452468415401561,0.0540681420700376,0.0117872181733195,-0.211296122581466,0.00756814652320059,-0.0229533771530254,-0.0514326557037308,-0.0895383420214659,0.324203750225521,-0.130324133127403,-0.0117809089301003,-0.0761052681141693,-0.0485369421559836,0.173830963696794,0.0119569124566804,-0.0877248898485174
"Reticulum_16",0.23884347796006,0.287016441888191,-0.0716730589278651,0.693476134464338,0.278950710114878,1.93949484683365,0.0259038309611197,-0.0458011187693442,-0.287798129766688,0.342677183758623,0.642087975135543,1.03068902168332,0.653388277533612,0.227660879863246,0.168367728215126,-0.0458011187693442,0.557652605362656,0.711798211193157,-7.61568210373578e-05,0.13082246448139,0.0936417922078297,0.208849143889738,0.168490827686863,0.40667023851159,0.0586828492836839,0.0383753429856682,-0.214666665536991,0.693807830495133,0.0665656995591269,0.126630355926012,0.0520824350268977,0.0230598642119635,0.0280734475869476,0.134036408339057,0.00158979293282706,0.0341442877335277,0.106247008883526,-0.135456679172932,0.146639070213483,-0.0591451470626842,1.03068902168332,-0.0777142783371177,0.0924925537335175,0.0642734869746482,0.0455103437871716,-0.123016869752244,-0.000341582769564368,0.0341964428219013
"Reticulum_17",0.0809484211658711,-0.0589859686206724,-0.0755115502894382,-0.131175267329669,0.233279161602746,0.473194269500664,-0.00218242547835901,-0.0599214373222925,-0.145476988220025,0.103292418050313,0.595884739777318,0.311269467684923,-0.30599777532671,-0.112724916053562,0.0401157855769435,-0.0599214373222925,0.592531421987193,0.612800611019115,-0.05828893458691,0.284924280525283,-0.196314922241129,0.218305761176441,-0.0968182526429669,-0.0495749629544659,-0.200847098871833,-0.05167753378984,-0.158898411130753,1.50646338690957,-0.00731183616609789,-0.0193936826428742,0.228938471424688,-0.069235473504155,-0.158276819958214,0.0817283198010234,-0.042000919807148,-0.309898380248555,0.0167664760127972,-0.11542854980022,-0.0428396450640749,-0.0926457764508404,0.311269467684923,-0.164640210966194,0.0323481745260096,0.160214683315358,-0.0848162912711147,-0.084474564871006,-0.0423346222817835,-0.0790641418794693
"Reticulum_18",-0.0960381244777814,0.098673504103642,0.169906959180127,0.106710985264809,0.342319988637307,-0.0733910348068906,0.0726399394884333,0.000691283640659843,-0.122018058168065,0.158515021302101,-0.0913945037342128,-0.239080045235477,-0.185702146330651,-0.0385306759453994,-0.133217931148063,0.000691283640659841,-0.124850792334395,-0.127122824331601,-0.103713926837383,-0.0812160350169209,-0.100507135120333,0.0316066734695351,-0.0316981935954833,-0.0696668015031696,0.18277960871162,0.170371415951482,0.050226985262227,-0.235721998447411,-0.0559016085837375,0.060320203212988,-0.0507177708569703,0.0339312298359021,-0.0383671963873001,-0.0526750575658476,0.0194498747790525,-0.0905097983221288,-0.00288616288998498,0.00251948084352127,0.116885993018593,0.100409703912376,-0.239080045235477,-0.0950913202863329,-0.0244841593668178,-0.0968926476008706,0.314030584604548,0.63462495081108,0.00953606056964198,-0.0118284387027983
"Reticulum_19",0.0439943801622063,-0.210524330537973,-0.157155906941809,0.144414947009207,-0.0747022361776012,-0.0341946261258713,-0.0775817332537982,-0.0769392232144831,0.0326436760725594,0.0171533522482911,0.422120604941356,0.169552444369513,-0.161381177630245,-0.0605612632102012,0.00404868629945302,-0.0769392232144832,0.428043259735316,0.456591861726739,0.0271482372842775,0.0697922358888949,-0.190494101330248,0.0365685469331016,-0.139582302219468,-0.193572039905773,-0.121828921127111,-0.103850709935484,-0.148806157010461,-0.0307325404643851,0.0212426770454273,-0.013712760502405,0.398306271588358,0.160743717229685,0.0117797022929131,0.135862546172217,-0.0494014877092392,0.0464908361851551,-0.191043343940277,-0.0939841352427872,-0.0121669444866083,0.0253718288392648,0.169552444369513,-0.126895800772793,0.22671457305901,0.0339464936081268,-0.165043304070396,-0.201526839939457,-0.111919222734908,-0.0787344672870857
"Reticulum_2",0.259685888657579,0.203402459004534,-0.0689421534532191,0.840014005151199,0.293265513968346,1.87412487172249,0.0246414685480975,-0.0459254629370124,-0.339062937590889,0.338303221268501,0.679951961385281,0.916116239570808,0.716328058882814,0.0112138475497092,0.133402436257489,-0.0459254629370124,0.563899242178543,0.710470985828451,-0.00507106740854853,0.213753181739548,-0.0317607060978137,0.0371585743001099,0.170215981046895,0.125550484819462,-0.0459434100058893,0.0183359914535174,-0.208684098121319,0.813571389876507,0.0489222645111949,0.041570946884848,0.00706758477402717,0.0190581608971318,0.00347092222059595,0.238938232552734,-0.00786283122812473,-0.111517739772459,0.129725093366721,-0.109040206695822,0.0886179702151471,-0.118265767253685,0.916116239570808,-0.147349833871036,0.0488235097272382,0.114370957835313,-0.0262464962937765,-0.132978529631041,-0.0241972318773293,-0.00953819183160777
"Reticulum_3",-0.041479879860699,-0.175902204350554,-0.0454879559931111,-0.0134978677493188,-0.0374711393269182,-0.176430903780457,-0.01064360587175,-0.00266772724909331,-0.0577449990405415,-0.0438274218884469,0.0977893706791831,0.0879547046927314,0.084747270834006,0.00888345004561448,-0.0910365096360282,-0.00266772724909332,-0.0176678387973403,0.00555670116039742,-0.0458388500434349,0.0697306457523743,-0.184217885605617,0.438357570915687,-0.0994269353862892,-0.162334967558058,-0.155327251320368,-0.0990462001133415,-0.158966438081707,-0.23962936854862,-0.0104991494231036,-0.00976458475126278,0.1212794098101,0.0438046815131882,-0.0599507550283069,0.0661715878101714,0.00534901426272628,0.124695253992586,-0.0432455575620644,-0.0189834405473037,-0.0256795417069947,0.00501253725157083,0.0879547046927314,-0.136995666677057,0.00741077568587978,-0.0285307929046292,-0.0550946437552063,-0.0641433146608275,-0.0324712964416414,-0.0570445151469278
"Reticulum_4",-0.0545335723401897,-0.0904440000751661,-0.067275240860067,0.0829683209779113,-0.00208846276082196,0.141478108629734,-0.0764075029389053,-0.0577233836626857,0.17407567008629,0.0594211977205716,0.0648700103031197,-0.222146450663764,0.023505098510329,-0.0497816515360539,0.0710099286623279,-0.0577233836626857,0.0450829191482164,0.0443741016543927,0.11717838677423,-0.105364245096906,-0.0750960389948039,0.013632225858588,-0.138369563601432,-0.117366283128889,-0.0527211532035996,0.194008883038869,-0.00935693667060412,-0.264292595125257,-0.0275303770381035,0.0112443263126562,-0.0615211886549169,-0.00379052722713586,-0.0892548908585539,0.0215504765039962,-0.00599541771340779,-0.0251777725905366,-0.123011086139406,-0.0997788151233432,0.125214663574368,-0.0462105047698505,-0.222146450663764,-0.126286254614741,0.0332397481374724,-0.0555939097258403,0.0440453228192693,-0.508121668973495,-0.0514223538329992,-0.00693362489293262
"Reticulum_5",0.555316617678713,0.0854533607761623,-0.0789891381721884,1.62179426064127,0.447484499567084,2.16947954495466,0.0227480215421029,-0.0766667013893235,-0.268389827116714,0.510064881265354,1.14643644802546,1.93479874254231,0.863859579395221,0.0303770047987415,0.120319396221978,-0.0766667013893235,0.99529700350427,1.18104000767163,-0.0723839053791005,0.459953282752982,-0.158497259080366,0.161111592316455,-0.0330256160023172,-0.109041490172644,-0.110970452711879,0.0491120702500289,-0.195425084143309,1.81746777444392,0.105734485851416,-0.00369584850554484,0.133654517163477,0.0441406077543855,-0.0109226673032531,0.650154252986582,-0.0250816893305439,-0.222445935496563,0.27977220200831,-0.134451630924236,-0.0298809628322812,-0.187895300566738,1.93479874254231,-0.169595550141255,0.0325397369438257,0.228857480417913,-0.0634190487363518,-0.140017793221769,-0.0545490282320261,-0.0556546078942417
"Reticulum_6",0.0771689701053535,0.167646679489907,0.146308751918042,-0.00569311973805134,0.258461260369331,-0.182274201970564,-0.0403984442045296,-0.0889194839609413,0.50665950441682,0.4308211712751,0.0997028089108883,-0.139032742611903,0.596559033006838,0.21438926554718,0.375478708411193,-0.0889194839609413,0.00711266082530654,0.0108971480901972,0.0328156033380859,0.0562185887693227,0.184222736021769,0.153057565373497,-0.0267337009901277,0.00309383999682848,-0.0320865998738182,0.46223726285768,0.0208670225989804,0.674662632097602,0.071275957302167,0.179041311410684,-0.101273725374944,0.161330237322234,-0.0926067065414412,-0.0110057168993402,-0.0101770911117145,0.100739233812224,0.0270628481537619,-0.0860764634547687,0.30987703036705,-0.0181823672103001,-0.139032742611903,-0.0204394997665043,-0.0153091066558783,-0.0381592718643902,-0.128101256589232,-0.21015054118114,-0.017857100318345,0.0605948329445374
"Reticulum_7",-0.0561921229042446,-0.0603797773997098,-0.0908789926430051,0.0930575873117185,-0.0409777462912427,0.00126056645653357,-0.0708233221827067,-0.0518726259477676,0.248096157426764,0.0616514977019194,0.0469425555723678,-0.264300815896357,0.0645178730825503,-0.0767708442117693,0.242960672547659,-0.0518726259477677,0.00777334856599338,0.00895549877458717,0.119820922790575,-0.0942803233704332,0.0305523329588212,-0.0582973164319206,-0.16594914006675,-0.0390207083201797,0.0215061117469506,0.573654649716215,-0.0752222646296501,-0.282365825315171,0.00472316714135152,0.0348650093940304,0.0425067220252586,0.0644795630480391,-0.0563964528714683,0.00108972547815863,-0.0214203110101759,0.0338240780807151,-0.157715724914426,-0.0828229231617406,0.0695199698345228,-0.0493264429833875,-0.264300815896357,-0.114293325093375,0.0299521168391028,-0.0215476523307958,-0.000112750081286758,-0.461445024821089,0.0301232181021607,0.00882988221021926
"Reticulum_8",0.513477435241392,-0.0224279850487977,-0.190834365724122,1.54564258750063,0.304007384407433,2.02549804741402,-0.0307196358937963,-0.120291606912821,-0.238756539086519,0.466653564297467,1.19372600417749,1.6745795097204,0.666041827995618,-0.105236282745892,0.0690213165608648,-0.120291606912821,1.03320490412958,1.18519405455979,-0.0485420486095315,0.592560954905881,-0.194837650596031,0.324829476056465,-0.110439040045497,-0.0702288846711833,-0.136857756396674,-0.0539983817604161,-0.151235040993756,1.68403578035743,0.117831885917868,-0.0133300512528338,0.195190325011611,0.0915104556639293,-0.0513425406018383,0.697412389945083,-0.055440006924982,-0.259695223619496,0.261833524459865,-0.168334306304913,-0.0362006049716239,-0.20820108334752,1.6745795097204,-0.159715646733476,0.0465064176829209,0.207622453063907,-0.0892556463338193,-0.142634100326,-0.120946125233602,-0.104453057564814
"Reticulum_9",-0.0266925832017645,-0.00303918163560757,0.199211182484651,-0.00139648394621077,0.0311537361217421,-0.0922790911664364,-0.0203568355725615,-0.0882284169264294,-0.0178964466889735,0.121151064812155,0.0854337497334698,-0.243399931661335,0.590741750448275,-0.0862704687673647,0.127391222390258,-0.0882284169264294,0.0192176721146473,0.0461192893358444,0.138029193176355,-0.00654897010687792,-0.0389660078057181,-0.058571065465873,-0.175885348062558,0.147888705819909,0.0236422139778797,0.229166788616334,-0.157967357984496,-0.245878722144723,0.00112751116885244,0.0389225026968649,0.00986904175352165,0.0561185327602848,0.013909139449434,0.000197383149559953,-0.0171369512116125,0.0206211397554641,-0.0169353781342251,-0.0794650272732001,0.085163598774779,-0.0412230054052018,-0.243399931661335,-0.0558170876107191,0.0048279562350261,0.033803237287045,-0.063121633637069,-0.361208070238315,0.0205697646433622,0.0629412198206951
"Retina_0",-0.175080014135595,-0.12520278638326,0.0459978713495415,-0.0503121437873546,-0.16501439156521,-0.128396014468731,0.159211591809133,0.108663353907918,-0.235679765479999,-0.16937997021946,-0.348960826958545,-0.427694079143793,-0.361789487600532,0.0366343520292541,-0.224938180629204,0.108663353907918,-0.292834821511115,-0.332043751926148,-0.129900843872912,-0.0710329714521741,-0.00507574952482755,-0.173423545102859,0.4875683074935,-0.173129826701369,-0.118641912368528,-0.123518021200605,-0.0210463846170789,-0.265062397431616,-0.152720327622563,-0.166913443019066,-0.183994250150932,-0.180277207480561,-0.145575584587401,-0.152783757683709,0.134495662431968,-0.241828788405988,0.0262260051716095,-0.102300962689195,-0.196336473717764,-0.202070825442009,-0.427694079143793,-0.0998708448069644,-0.102973090861874,-0.172332042893744,0.019122660523819,-0.133932046291318,-0.0731234701806084,-0.149124500469493
"Retina_1",-0.113929390755514,-0.102147006448915,0.0468720935234643,-0.0443904266924151,-0.161155187710793,-0.139904558312502,0.145338678190982,0.0800721884264423,-0.269579257961116,-0.126369107891426,-0.172305095831444,-0.356123183801068,-0.254501404227798,0.0571031686410307,-0.171336775159984,0.0800721884264423,-0.130790807348356,-0.168755666761616,-0.14572662265976,0.162325145273194,-0.0421000444454021,-0.0727813985094019,0.49485077079311,-0.238533525360641,-0.165276702769683,0.0742165517838444,-0.138118326761838,-0.262872637312006,-0.12645659877992,-0.165744461785494,0.0318732924454032,-0.17462645834304,-0.147007867954159,-0.0872613447490869,0.14938198158899,-0.288993259927747,0.106265883963867,-0.103215184055942,-0.192023685308857,-0.201164335119491,-0.356123183801068,-0.095705679538879,-0.0794106842521919,-0.0489959769655898,-0.0212964910520163,-0.11989316264277,-0.108561616042159,-0.170755453531533
"Retina_10",-0.148799912721331,-0.156585325087361,0.0133183007439357,-0.069932075709768,-0.0512290075188186,-0.145718801442882,0.131717410600414,0.0646952608753765,-0.262408905355431,-0.160240282584063,-0.368497801358732,-0.196584966664316,-0.450161741991696,-0.00899196171460559,-0.235033469371608,0.0646952608753765,-0.32462330870129,-0.343533195425318,-0.149002610364413,-0.13014891586293,-0.0262242412678571,-0.183262246470191,0.114653981855509,-0.127956171303307,-0.13816658735682,-0.078778860133548,-0.0186291758230527,-0.333477890509218,-0.148525501631158,-0.135552903235546,-0.27715962566019,-0.130602240195634,-0.128969159818789,-0.152095343786028,0.0186222638609459,-0.157229600979509,0.063935250071571,-0.0959367264164843,-0.00513039734621988,-0.0323285892084608,-0.196584966664316,0.0092548787526217,-0.0735711237792055,-0.027773373246755,0.0107478530254498,0.00389824044270154,0.0129246996848826,-0.0935380753822678
"Retina_2",-0.117418851019703,-0.113477704216233,-0.00173357062849981,-0.0538005859521254,-0.123179477223466,-0.0920469207901395,0.171638041375821,0.0754162940127157,-0.241461609261357,-0.121360462842906,-0.200670798726496,-0.344500299484903,-0.257718142937601,0.0853689682930845,-0.15366079737392,0.0754162940127157,-0.193053074669506,-0.227721463509678,-0.114612538459491,0.116259229318554,-0.0273471361695027,-0.101569731623629,0.255541480476061,-0.225391440517331,-0.141264539270323,-0.0748105376421657,-0.0728596904040378,-0.238449898177021,-0.135766978954989,-0.147855265653653,-0.102787122744287,-0.161818722607983,-0.111433692638904,-0.0713468466170411,0.079651185563502,-0.213909982660833,0.0688705016874327,-0.0795030132344177,-0.175288562920835,-0.160265566911496,-0.344500299484903,-0.107199884158124,-0.0803034981052468,-0.0836711591538561,-0.000802911651691106,-0.115195058677992,-0.0698682913947449,-0.135318199924846
"Retina_3",-0.174965723076141,-0.150045677815618,0.0505190667846166,-0.0744555722207559,-0.16242986943205,-0.110636711911755,0.0817735873861455,0.0132922689623677,-0.259582074286637,-0.178697753378786,-0.379147709736305,-0.425001976419293,-0.441426280515937,0.0946508557062858,-0.23794897482491,0.0132922689623677,-0.329783927522684,-0.352729131962184,-0.113425549535804,-0.133470101051296,-0.0148510400445573,-0.172307442109435,0.110402280347624,-0.163483733792345,0.152785531920657,-0.165291481868861,0.000905637730863388,-0.197143339181663,-0.112938697477897,-0.1436585559079,-0.227769411959859,-0.168648480573678,-0.150125195798194,-0.168660074730057,0.108932315941823,-0.184934348230091,0.0134032233467661,-0.0916166075610243,-0.190626143232612,-0.188342634242833,-0.425001976419293,-0.135293803615964,-0.0978989104384893,-0.159436172071543,0.301981253806389,-0.126781267034538,-0.0738535007575629,-0.132875985037528
"Retina_4",-0.180168233473878,-0.140356564291248,-0.000215942460659833,-0.135114637538311,-0.175645317956836,-0.0972587465714561,0.0766403766044001,0.0701962862982878,-0.129671129215539,-0.18690145605724,-0.368775906395744,-0.460445423317283,-0.259214946486388,0.0771523771411964,-0.23065985623691,0.0701962862982878,-0.314922740164631,-0.378852635128695,-0.101703104001027,-0.0518451575280641,-0.0767426394875694,-0.124029224365177,0.0169058251050505,-0.225569611610693,-0.142176893641945,-0.25002381433072,-0.0536000862984908,-0.255736571310289,-0.143174222477046,-0.118524306372769,-0.23193386726978,-0.181050383590425,-0.148319638589492,-0.125049237508795,0.235854364428871,-0.235577658291935,0.000246525783388703,-0.0853124425809942,-0.22295544674275,-0.190546596986569,-0.460445423317283,-0.129897135133942,-0.0598930957946651,-0.146422604892914,-0.0214641822918696,-0.238999178999148,-0.0773040169901389,-0.149432819439611
"Retina_5",-0.173323382868181,-0.134642424136002,-0.0290069493875787,-0.081876641214893,-0.163264829945487,-0.131732001076051,0.125019807685524,0.125777971915525,-0.266123217730515,-0.172584192648346,-0.368605236941278,-0.443472881482054,-0.318374396458683,0.0633741106480789,-0.215289777224414,0.125777971915525,-0.307137173210799,-0.331219678907216,-0.0835274990825866,-0.147367482926198,-0.0472765411805152,-0.158955487578743,0.135079876109447,-0.188714417568573,-0.132092445960177,-0.148623716006762,-0.0384238210399446,-0.288138529291884,-0.148949790080924,-0.182057067285284,-0.182502165724586,-0.167409756843412,-0.128010087287982,-0.154393852182029,0.0324985237534345,-0.248585779652899,0.0426041543992448,-0.128004966393314,-0.199279851020599,-0.208987296686161,-0.443472881482054,-0.117376120532121,-0.111568132800885,-0.160451307294202,0.0325985725817067,-0.164694207653002,-0.0421673820367375,-0.146528919344339
"Retina_6",-0.160397468403623,-0.108245844894027,-0.00645543494382751,-0.105756585378503,-0.180931268652973,-0.0919722887147989,0.152247860085128,0.0800322437832285,-0.262576383972808,-0.174946416682448,-0.338621786915099,-0.460318200834972,-0.379227890029436,0.0348670921257776,-0.221026376967169,0.0800322437832285,-0.316295901093227,-0.358760792083442,-0.117467784164211,-0.0653158228098688,-0.0436395390347262,-0.172353399256495,0.32310062166753,-0.204642554135608,-0.105000956893744,-0.159607938173685,0.0230604868221552,-0.274027337896187,-0.139305550884143,-0.152641030488669,-0.232072553811021,-0.180874117257666,-0.145368599849781,-0.118839896984769,0.0248152925824184,-0.202612213378845,0.0419635339036346,-0.0931473046260163,-0.203635269730374,-0.194959320158326,-0.460318200834972,-0.158328045573896,-0.108691348731173,-0.164731721511801,-0.00184285553330001,-0.163502511572234,-0.0516124085000756,-0.13789315933933
"Retina_7",-0.160616497490765,-0.144782757994622,-0.000211404716792935,-0.0843797382615553,-0.186368286522981,-0.0979219022201023,0.105813018331279,0.0534025043162207,-0.243769910879753,-0.197754702958606,-0.341391964356113,-0.384044230839236,-0.36146941833914,0.123012808940927,-0.250183026970013,0.0534025043162207,-0.30191714906746,-0.335628981292143,-0.120899094127702,-0.0709270886427996,0.0868495408000832,-0.148909622183892,0.174099819355515,-0.204630722448007,-0.051228752194219,-0.175352831048616,-0.0807678302405196,-0.287127622703163,-0.156209241351042,-0.163079055374333,-0.201132311863265,-0.170636950659731,-0.156838071613826,-0.128400224123751,0.0388781345091667,-0.216376250827847,0.0503015507085234,-0.106644948867907,-0.189358337284825,-0.18563019500661,-0.384044230839236,-0.207084575335485,-0.101063269014063,-0.163013782191589,0.000467398180413223,-0.170026492084998,-0.0633983480700879,-0.118881340964858
"Retina_8",-0.171044834383222,-0.114423856982562,2.20027763728667e-05,-0.150445410066681,-0.168864395686559,-0.147259276267187,0.120832069110348,0.0590805603341232,-0.0898913993408267,-0.171981383681995,-0.311893805544025,-0.48656704647485,-0.250877637465373,0.0336283815701821,-0.231846940371747,0.0590805603341232,-0.286589558123756,-0.311820651195014,-0.107524582114869,-0.085336806535227,-0.0798615545820722,-0.153815505205047,0.0510142473342535,-0.255098270553886,-0.141116678665634,-0.139815184797381,-0.0803477771772712,-0.0482119065436593,-0.136382496619848,-0.168544267081413,-0.33652688330091,-0.178238520978688,-0.139876552229792,-0.187151654063779,0.019158278722798,-0.246667979363522,0.0890339501421988,-0.0993254110102977,-0.201358176848611,-0.188481051450082,-0.48656704647485,-0.0624403647068379,0.0370174160393935,-0.0999774131524903,-0.100957565634576,-0.34015462584187,-0.102344205370508,-0.17419400987741
"Retina_9",-0.202317996767022,-0.108396682666122,-0.0222384262109204,-0.132849217076069,-0.198283124590418,0.064633754738064,0.0822951808315145,0.254365124379882,-0.185848287538864,-0.172093444030441,-0.378055477101688,-0.403240108548101,-0.240100221424963,0.00121632011152989,-0.29612162268236,0.254365124379882,-0.311604556151362,-0.360940155165052,-0.120677349053583,-0.0494600549279706,-0.119192396822056,-0.170747596174575,-0.0311122800365381,-0.218300805088076,-0.0807787197979426,-0.227777887394512,-0.0223671723349982,-0.279140057123588,-0.139326474033675,-0.194305536601383,-0.146732511019978,-0.212319822924845,-0.155821853988099,-0.182312744259094,0.0320139234280682,-0.149541355736095,-0.0457493595003304,-0.101016164896146,-0.239166407308651,-0.2054282502398,-0.403240108548101,-0.138992460426248,-0.152724492823641,-0.103403517107915,-0.0490637289300259,-0.264312072830219,-0.0472893979652862,-0.184434304235577
"Rumen_0",0.190230330339223,0.179354725096946,-0.0417269072668344,0.603832794252702,0.243351756765609,1.65148059418265,0.063655989309618,-0.00940191229907592,-0.411782290583705,0.235448000656889,0.545354413439334,0.599401563316856,0.417909966234307,-0.00872635284942355,0.161490036308405,-0.00940191229907592,0.462171966612501,0.562453054381078,-0.0307474632082641,0.238910898915524,-0.0995478672280521,-0.114295148075986,0.153576706482659,-0.0702544959231602,-0.112224635454002,-0.058435722472418,-0.207467310787018,0.419218195988794,0.0137871974421221,-0.0175753038146208,0.0566079615699613,0.01206790042843,-0.00397207459771389,0.174048536134711,0.00343261462019314,-0.194245845496289,0.0608156840066395,-0.0943153472694927,0.038196953942035,-0.115229577333995,0.599401563316856,-0.178405370370751,0.0207554536018253,0.195038412250321,-0.0777453491086898,-0.126901272868979,-0.0192775455910915,-0.0224239829918827
"Rumen_1",-0.0442533463305576,-0.173289294446354,-0.0503336049312431,-0.0504384931741807,-0.0959350579406897,-0.150689751854721,-0.00599656105972874,0.00298134820124252,-0.0754852749445526,-0.0821176980812033,0.0250429949310771,0.0446940182237484,-0.151976498647097,0.0597844971853486,-0.0727871053684872,0.0029813482012425,0.00115101422185214,0.0320414222548045,-0.0553702452054518,-0.0482057042030389,-0.135671550815149,0.0450510412000646,-0.0606545578311506,-0.0991451936402862,-0.141593588175296,0.00755708062155817,-0.126681107692147,-0.189387445974253,-0.0290279913951198,-0.00601742567488753,0.0174779052575622,0.0101013959884402,-0.0215051185972501,0.0100088413646,0.0123307864794223,0.22637843685484,-0.0768672570516577,-0.0199574862595169,-0.019384308529758,0.000821936075773599,0.0446940182237483,-0.0789353451012174,0.0862543082217083,-0.0966082596866626,-0.0493587935269577,-0.176293055767611,-0.0464170512959089,-0.0669195536428869
"Rumen_10",0.321119089836618,-0.135948397502778,-0.150778479496236,-0.142310638901107,0.247885219139658,0.521544025165145,-0.0361559929446684,-0.201611348210281,1.79590563533142,0.625501058147904,1.16230470361542,0.927149263821725,1.45218387442414,0.722327773586976,0.113122702276423,-0.201611348210281,1.01252065488233,1.17337711001622,0.574801031165686,0.87613495833359,0.148091610314993,0.0931848717224972,-0.240796646425043,0.210469748299549,0.131110014504425,-0.156603947231997,-0.173021561228707,-0.0640432036061206,0.163255961092677,0.0564459823355645,0.273391156710712,0.0404955610197578,-0.0176677341155586,0.58087202606875,-0.0689200616647193,-0.328585015638068,-0.100180585878202,-0.136885591961763,0.136417570912327,0.110152934965447,0.927149263821725,0.105394243817839,0.189808631334195,0.498342990484413,-0.175640131359148,-0.251849710010912,-0.0450632915852231,0.0195268121312454
"Rumen_11",-0.122336965676351,-0.0962926127943394,0.00426032299057873,0.0248485614186489,-0.0808028027257383,0.136635024210114,0.183235215299519,0.174381079363248,-0.284405536308612,-0.133364907843782,-0.357310811515819,-0.356586920640923,-0.464349862453753,0.0561530838631468,-0.250809434447044,0.174381079363248,-0.342575742376141,-0.368206342755367,-0.0485502451230135,-0.225298466530065,0.0915692170813505,-0.242030131699897,0.0832339917787895,-0.0967373190034051,-0.0458011064325553,-0.166656335564074,0.034152884394941,-0.139123868541702,-0.133729172373617,-0.0946984959538225,-0.241377537121162,-0.12561319917128,-0.131002306541019,-0.119857277345997,0.0193483748929753,-0.166607276241292,0.0275834338620186,-0.0879835065123303,-0.122516726061623,-0.111230878522113,-0.356586920640923,-0.0867298613680269,-0.106110376526473,-0.149365293436573,0.00769792856979275,-0.0919303994388728,-0.0174027076750956,-0.0862795380476266
"Rumen_12",0.0473129191599459,0.0601980078768467,0.153436739625506,-0.00371192765137815,0.0262046250595644,-0.187488212949637,-0.00837788334842662,-0.0715015760776075,-0.285874465144491,0.0237442264971094,0.0750794640971157,-0.0151080960067575,0.0868353881773354,-0.100749563168021,0.207194456853938,-0.0715015760776076,0.0325511882142677,0.0218833290403646,-0.0751152686580763,0.259782041021795,0.11977185485375,-0.149196438708588,-0.136550599108083,-0.0895913333642997,-0.0938543892733384,-0.0995592939803577,-0.127104434123336,0.382421476267065,0.0407705114865444,0.0254643099075294,0.0566025943913225,0.139853389158717,-0.1132761999374,0.0654089835645957,-0.0161860754959253,-0.121978892720325,-0.0445903902785349,-0.114561524334151,0.00257331879069678,-0.164194500618935,-0.0151080960067575,-0.158813445061768,-0.0359266632876254,0.0798542144469024,-0.0823465577170262,-0.208631660562657,-0.0894217226438255,-0.0122660597096605
"Rumen_13",0.274565661483228,-0.0507769884301169,-0.018830259569586,0.462805756780024,0.269386813973879,2.86326674925179,0.00359018416693018,0.435108629424734,0.350329592546412,0.0762084107468692,0.27092409549399,0.658812691986067,-0.0764955807200918,0.0696825978032488,-0.181150342312267,0.435108629424734,0.148277714278452,0.250263276820914,-0.0206278943079972,0.0533597073483015,-0.070794531717897,-0.128426715102457,0.0161093202015,-0.166891533456408,-0.0180974372931568,-0.0772244918809717,-0.128531089100786,1.19775612121235,-0.0222499994704808,-0.0736218258200461,-0.188073156778237,-0.0371496818034173,-0.025437334576329,0.320763360953955,-0.00320274190591804,-0.183107917154732,0.346425968452052,-0.102394531394378,-0.0691667852778252,-0.153915148506867,0.658812691986067,-0.0104061175782904,-0.0838935737082683,0.138598259711208,-0.0133064135464791,-0.0815157819378008,0.00327664825269462,-0.105745921144358
"Rumen_14",-0.0587565319402234,-0.0155653125038601,0.095859200807589,0.0219815950147706,-0.0189208786184764,-0.0971684840774849,0.0115872515863751,-0.0916145494995578,-0.201581108762058,0.0565896393240551,-0.0524200640101615,-0.250288411642748,0.266097721950833,-0.0659568840919321,0.0809375504621605,-0.0916145494995578,-0.0455355505614469,-0.0346744380244235,0.147541378885217,-0.076323217653631,-0.0177033899693288,-0.179330134486181,-0.144121533050943,0.168763747964919,0.0386531182880048,0.0411875964080367,-0.059324268117512,-0.293693863375184,-0.0139212098692613,-0.0128438674460026,0.029420372730265,-0.0258304089042957,-0.017948717646223,-0.0657961897626549,-0.0183607530983857,-0.0986793721770258,0.0262631525545368,-0.105941941049802,0.0213911145919575,-0.0862070594730051,-0.250288411642748,-0.0638598708213379,-0.043367997030815,0.00563728068823008,-0.103762634727314,-0.340015843172302,0.00766280334434558,0.0998058807509297
"Rumen_15",0.170511424581916,0.123419032401523,-0.0684302608873592,0.758743532243468,0.248864436826362,2.23045274047035,0.0182017105530719,-0.015253606074953,-0.0529775275782862,0.194336549010798,0.377940780271151,0.904733631102481,0.26142620509572,0.0240984864189521,0.0448348985649878,-0.015253606074953,0.355113387777373,0.475115974222071,0.022784769529119,-0.0121310881132569,0.0580180049814446,-0.0509279006588855,0.345822705667194,0.317971386166048,0.107197711039495,0.0514326357094508,-0.195792725050052,0.994626714504376,0.0330953930909861,0.0907670078291731,-0.0499633249901244,-0.0351023054044027,0.0334788392409706,0.0811752482301449,-0.00428622489832538,-0.0263243055239557,0.0786226026018148,-0.1286230491141,0.0600739552342869,-0.0511826730136058,0.904733631102481,-0.0517921295147971,0.0201935179766381,0.0430298501970678,0.0079013186020641,-0.115176121301931,-0.00252414103902537,-0.00578371078344039
"Rumen_16",0.0740828312610493,-0.0340362415537474,-0.0626179802114984,0.0685537616888249,0.166640941824633,0.00743648360772821,-0.00556098528418303,0.0221846393414134,-0.0763561385565541,0.112852324475169,0.167690392458453,0.994858300099381,0.368291373179666,-0.00799944562510608,0.102495402654233,0.0221846393414134,0.360949343835734,0.302868481110056,0.0395053055744423,0.110499130581125,-0.0782601777542001,-0.0223058958417042,-0.0883658940819485,-0.157844806345607,0.0518966079813512,0.0795702890213161,0.0525482065339602,-0.0937116236796192,0.0794863695111298,0.0689801764505689,0.0754608958778934,0.117735943357458,0.324748140526447,0.160479489232435,0.0575481984840447,-0.119907715725179,0.0894342092477018,0.0494522905206356,0.214583509739392,0.356254026552503,0.994858300099381,0.198866931103921,0.119773583059284,-0.0856760393086939,0.296497996547251,0.304722331731598,0.191967045756454,0.0936880583303906
"Rumen_17",-0.00353353810216101,-0.0511691472127376,-0.0930285893389494,-0.147977022570122,0.256616113530527,-0.177616361569923,-0.00251987006336644,-0.0735879330495135,-0.248941227524254,0.0288004041111527,-0.0110648471356175,-0.00433989842522591,0.278319046903792,-0.104959319584433,-0.0727840115505038,-0.0735879330495135,-0.0654767364991881,-0.0733789461131349,-0.0545687909599623,0.0759058569895475,0.250756240081288,-0.283603918168033,-0.123934856612223,0.125998241578684,0.0372987603982685,0.0972579396260961,-0.0462925108447766,0.0548444466767048,-0.00582347523004608,0.075488025323194,0.0703008960022141,-0.1103923180351,-0.216654320336725,-0.104239055994084,-0.0125356412332111,-0.0942062580964543,-0.0718164452845554,-0.144483645234726,-0.0961402229287433,-0.0451526933918675,-0.00433989842522593,-0.067765194021623,-0.0799996826840398,0.0491026293288076,-0.0214916560693135,-0.320888938359543,-0.148383131842854,-0.0875599231011011
"Rumen_18",0.25223822975902,0.0281039159146857,-0.0705658534218399,0.495504510855834,0.307224527085705,0.81635488651903,-0.0142522686610574,-0.0645360054192784,-0.202239317712487,0.261320262184838,0.590156036471043,1.4778424006589,0.536766286090104,0.113895626752171,0.111176313891157,-0.0645360054192784,0.581453408982551,0.713233216275181,-0.013905220877535,0.0678039074422929,-0.141033464255218,-0.0238025136947019,-0.00478303844699505,-0.0711277550354851,-0.107425033883588,0.0279845407049701,-0.207803877640871,0.718171066463113,0.0548166858543089,0.0409327780279988,0.0487679958444295,0.0285687978135406,0.0350187361603754,0.168597002663686,0.00484862890271226,0.0828471093499911,-0.0150483987314475,-0.0763434190046423,0.0493447214979758,-0.0263400413811174,1.4778424006589,-0.0531013290512706,0.110352281592226,-0.00272031117363024,-0.0517343093247214,-0.155089043949798,-0.0319645605763828,-0.0334646145757182
"Rumen_2",-0.103029242669149,-0.0753062858165295,-0.0688984137245656,-0.00695104359481721,-0.0726706023127425,-0.0658277574088564,-0.0153784678281421,-0.0547605243422879,0.0490534871473836,-0.0124913635771798,-0.110685684858291,-0.284369693501569,-0.143296686379715,-0.0354874603271171,0.0291746554816514,-0.0547605243422879,-0.101918135013105,-0.101897521545397,0.0950821855101814,-0.159186416030559,0.107579967199732,-0.168875729073172,-0.139330905008283,0.0326675160027128,0.0206432823325264,0.135368045958121,0.0776105250598729,-0.259824260338632,-0.0330781244965144,0.00550893285053861,-0.0507126169454517,0.0472647509009314,-0.0977262108210218,-0.062273998799077,-0.00194753990646349,0.0135898090266335,-0.0853661388658968,-0.0645091487215885,0.0444234366076101,-0.0746877275842163,-0.284369693501569,-0.088488347045059,0.0102007430060141,-0.0910230731679831,-0.0642465769544541,-0.503798830947318,0.0392593515481989,-0.0693138163548074
"Rumen_3",-0.00438250522307644,0.155471555729171,-0.0211388974232391,-0.0481992761174855,0.159557339993466,-0.210498451033019,0.00353146686049014,-0.0224519896268449,-0.197509370866783,0.23279671271768,-0.0773390151794535,-0.27995048673608,0.0826174730792438,-0.0416683708584799,0.228131139153585,-0.0224519896268449,-0.114738292629636,-0.139085137656269,-0.10161800878104,-0.00714303698739732,0.260647070302217,-0.167062825602216,0.290707385372046,0.110345624341923,-0.0259321883606426,0.381846855955697,0.117164664861546,0.592692914503337,9.96413475220553e-06,0.127335727842383,-0.0398095382931804,0.0166501514187117,-0.122341861233915,-0.116768530351538,0.00227016830427278,-0.0172362662933699,0.330387199808026,-0.0695451694319787,0.177447024085004,0.00860667078355234,-0.27995048673608,-0.0815646842459598,-0.00231752782988566,-0.0169667537240992,-0.108623273485713,-0.167825984254828,0.0474180658168834,0.115352774763938
"Rumen_4",-0.00240756775200441,-0.0769952873688697,-0.0811936516133836,0.084885435080103,0.0794395952656496,0.048627922184853,-0.128193823400408,-0.0577323130077965,0.0613992516915065,0.121135845109625,0.25605234437122,-0.142177933532782,0.169694852579978,-0.0419012254067234,0.191172809636367,-0.0577323130077965,0.240222269664115,0.250868930114102,0.0987409850273954,-0.0481443372269359,-0.187938614944775,-0.0818612060473576,-0.178376210585481,-0.156415595622382,-0.0589189162922655,0.214995644924396,-0.0481270544272156,-0.218318000417383,0.00107047922811603,0.0546204999022456,0.0507808378596363,-0.00868296177472986,-0.0650143901229736,0.0650007286135068,-0.0232693574209024,-0.0632098291863182,-0.161112630668299,-0.121934877504467,0.160680085565815,-0.0198236538937591,-0.142177933532782,-0.135935291499739,0.0713904370607277,0.0110670902556792,-0.0184460600072875,-0.560016011112252,-0.0345079390423082,0.013243075347576
"Rumen_5",0.0640982806716834,0.166131779241299,-0.0726974141100793,-0.00868198759374801,0.262871746612241,-0.281425545662478,-0.0244902685927526,-0.0839943963638863,0.0739312615501413,0.458824721575258,0.0737143410066343,-0.112716635275706,0.541979634418461,0.0664488621138759,0.455278935730789,-0.0839943963638863,-0.00181357783776783,-0.00667789265630267,-0.0513370299664252,0.0725211054830967,0.234989727265957,-0.0969410919297896,0.114566528128438,0.0896570283813098,-0.0357805121740341,0.580635065289358,0.0389032204429457,0.964466524085768,0.067544395586174,0.245988796525004,-0.074030245871219,0.159775892713079,-0.0886681302997442,-0.0618607274914045,-0.00774702853161735,0.188177822520049,0.270251586623169,-0.0981558035801856,0.270948364178923,0.0264755466757933,-0.112716635275706,-0.0381142371722618,0.0250567355864191,-0.0457685085531374,-0.149040854299733,-0.190902629285989,0.0191364091076865,0.110059853313864
"Rumen_6",0.365891186777281,0.0288023398243322,-0.141341643943026,0.851278456076429,0.285618705494776,1.75100809662153,-0.0108110113206986,-0.119663043584476,0.373551436061472,0.44251356509085,1.0696395089035,1.26985532077815,0.774262298700443,0.0530787741628538,0.125486482560863,-0.119663043584476,0.976579447897208,1.13560189384894,0.144835613962572,0.527300077187881,-0.0815091176754,0.0815615054057306,-0.095834368625121,-0.00581149774805836,-0.0659710623966442,0.0159817111761775,-0.130013202281245,1.21124189711076,0.121989938105452,0.000746025834291268,0.37978523123236,0.0594765269772061,-0.0245021253612309,0.508721598238142,-0.0576359474627097,-0.261209872284591,0.0288013201436687,-0.149089774213761,-0.0190029074607158,-0.112791231281335,1.26985532077815,-0.0677380417012413,0.0757715566155963,0.287089915001361,-0.124358191112151,-0.189132991549435,-0.0765445102514051,-0.0305475303311617
"Rumen_7",0.432511318245916,0.156972458521001,-0.0523108878049735,1.39654584560679,0.455062257628316,2.17873923670701,0.0455175142252609,-0.0695332946278892,-0.317265575535585,0.433446570992491,0.932745721617327,1.86163992760211,0.742779027807204,0.0279108477159449,0.192337637213845,-0.0695332946278892,0.904009035483692,1.07846086432381,-0.0704306188154158,0.283314542495775,-0.129330186114642,-0.0190871450628866,0.0663683265547508,-0.126871163326561,-0.108675150643344,-0.0145752627462545,-0.21447322504448,1.47678601438278,0.0742642776321189,-0.0100916038608319,0.0184155050157607,0.0220823735573243,0.0160414480033238,0.448148194407175,0.00101356038228822,-0.203284408691021,0.163531594120615,-0.119652827709292,-0.012991690572731,-0.151769445846195,1.86163992760211,-0.17001018689197,0.0288738743182769,0.244561639574416,-0.0604270612408001,-0.131936118009832,-0.0100978589667702,-0.0206152243016053
"Rumen_8",-0.0458811486337229,-0.150885591711155,-0.046623847509866,-0.0553575860968319,-0.0633175753323435,-0.180211501579518,-0.0299282468005452,0.00564618856546511,-0.104602785950362,-0.0493500990321973,0.0470104586307384,0.00204686864113241,0.149971479600257,0.0464730955518212,-0.0995707124052289,0.0056461885654651,0.00982800459006717,0.0397127634711315,-0.0515984819940823,-0.00633716006693815,-0.16035814389071,-0.0852122168750891,-0.1021306342444,-0.0846760637343391,-0.150438213615524,-0.00757139678636907,-0.146041419521811,-0.197147581188198,-0.0120696196113895,-0.0360536279523357,0.0182813102144823,0.0215675197609298,-0.035643789938648,0.00878578631133732,0.0018746796967597,0.180030327153567,-0.097140948634947,0.0151264168563023,-0.0182073026250587,0.0550513485618393,0.0020468686411324,-0.102949123925062,0.0232665506014683,-0.0759696373756539,-0.0649540148520132,-0.0291297767514629,-0.0500799003836784,-0.059560624782899
"Rumen_9",-0.0450238880380518,0.00656889422151915,-0.0688480055795141,0.0182226115236133,-0.0240550853775912,-0.0399514674816973,-0.0793094657995252,-0.0639221856860319,0.0620205910607912,0.0768813678348738,0.067621287328808,-0.276835493392315,-0.0364108380755686,-0.0505677543914617,0.279457616039698,-0.0639221856860319,0.035115913133062,0.0339745094927806,0.086315082440644,-0.091913370267682,0.0184673361277943,-0.218392426456514,-0.164854774525277,-0.0282255436077037,0.0568256587243761,0.608617005962473,-0.0461267388697293,-0.278089947490816,0.0080801245564925,0.0545100378162362,0.118680896656178,0.0290895032544201,-0.0597894432159844,-0.0229487463976592,-0.0127231766377526,-0.000110933030182395,-0.151849030378953,-0.0935646080233321,0.0166335139036068,-0.051019380753113,-0.276835493392315,-0.0987658956479304,0.0169121722743196,-0.0142581736566627,-0.0807504508147964,-0.440969922303219,0.0314010123807717,0.0718315208919472
"Salivarygland_0",0.0738557943157348,-0.0858250372058871,-0.0392900492842553,-0.0336262806699555,-0.0375573355637268,-0.249504743228557,-0.0675091055132514,0.00606581055100094,0.0192520466892167,0.0112143267598602,0.412259285942722,0.194583794540891,-0.180859774874778,-0.0327903433654509,0.0787613695646142,0.00606581055100094,0.273612197413081,0.292087315242783,-0.00342850544732051,0.134673350584074,-0.185912590787812,-0.273567877511077,-0.0523687094892342,-0.147228240758938,-0.181351935325148,-0.308971332083449,-0.104353997243475,-0.0195828640787977,-0.0410625636627057,-0.0609757029477058,0.196282419016993,0.0162901483416899,-0.0307689521578541,0.101510590967753,-0.0206927526116314,0.00144827133702758,-0.0721996808319751,-0.0684750813293599,-0.102736703840905,0.0601766135137571,0.194583794540891,-0.199845188725044,-0.0216470011893762,-8.05949101152179e-05,-0.0814812569106391,-0.141103108658245,-0.00615929162078507,-0.0598108720545413
"Salivarygland_1",0.0840287788187629,0.0674594220280115,-0.0730475159573196,0.0133777213888977,0.287488282252234,-0.0796559058097435,-0.0520873855660577,-0.0211163801090888,-0.113022117711627,0.003158623224997,-0.0640111550281455,-0.130070285126149,0.262778099099966,-0.057295770242944,-0.177896069703109,-0.0211163801090888,0.0403658847660546,-0.0361525813371148,0.0937766210204688,-0.0235669242827455,-0.0862993675837966,-0.168055122700565,0.0163964769810658,-0.202378138043632,0.295290119137952,0.217743884649131,0.226827637250934,-0.135823780724147,0.034796209017791,-0.027104728587094,0.155214688428282,0.155655261645501,0.671671384436982,-0.110640421510829,-0.131897374971766,0.131105435191516,-0.097118671197612,0.127941788577179,0.188703383387975,0.615103588225143,-0.130070285126149,1.15198004368654,0.0979608632795935,-0.0870444450500632,0.340475002224039,-0.0422991293564959,0.410923125383165,0.169478462640554
"Salivarygland_10",-0.142952047653842,-0.166063663527971,-0.00545646581370082,-0.0574525903329814,-0.0936307773436851,-0.0802651172690593,0.116402237766536,0.0446448888275554,-0.18295441084415,-0.157369668086019,-0.276958820170124,-0.395759074563588,-0.439313476108668,0.0394180362400059,-0.196116731708908,0.0446448888275554,-0.238927714334495,-0.288923598261272,-0.0824176135019585,-0.270138742661726,-0.0679969376285926,-0.291069735100311,0.0351369405065472,-0.17871501867141,-0.113906844636958,-0.225444952091339,-0.0343394970527307,-0.0690914010261063,-0.139551187469397,-0.141703404869701,-0.116519972666899,-0.073153517557785,-0.0846422084797962,-0.138811776881067,0.0298856828996525,0.0453625154206492,0.0276253602434204,-0.0243868201999697,-0.104385788643737,-0.0517991457818627,-0.395759074563588,-0.110693948589921,-0.0839147331549625,-0.176757484252398,-0.0174853006704923,-0.0887245993384493,-0.017355478132667,-0.099486917628805
"Salivarygland_11",-0.0215132541888664,-0.107507771123854,0.0431394360573944,-0.0327734972595987,-0.0596856958113918,-0.229595731998714,-0.0237836118461248,-0.0178519292405882,-0.158051437876079,-0.0758626084589169,0.0926940060670506,0.174848903206922,-0.15301232351633,0.0354177563469831,-0.0217217667257792,-0.0178519292405882,0.125099445271817,0.0871782724458294,0.0114451394713736,0.0880793095540946,-0.190525868210593,-0.279839557923686,-0.0775621153888958,-0.169569751310863,-0.15919198234401,-0.285160019950866,-0.121384106423652,-0.185355722800439,-0.0419784864662377,-0.0627790370436102,0.0915887582211006,0.0175839505489438,0.00655613925371313,-0.0151188061666604,-0.0367579407903468,-0.00471207679236412,-0.0782092903603956,0.0279429018644837,-0.0827227951236256,0.0608170600025597,0.174848903206922,-0.19295013167534,0.0219283461703635,-0.12738938271171,-0.0983250286809864,-0.13892103187405,0.00518625829542625,-0.0716324227776938
"Salivarygland_12",0.133155977016406,0.0509003833622173,-0.00204940219463978,0.168543320355325,0.0963306750694707,0.0345348605380866,-0.0104412079212039,0.0362879786378364,-0.0665471316831357,0.0918577907111852,0.12091499220769,0.379655754501935,0.645608139000173,0.0121881867014098,0.0380478140093165,0.0362879786378364,0.213143885145447,0.20675763420816,-0.00800450809131532,0.015135824803406,0.190566145823134,-0.266587559082075,-0.0419134779834219,-0.19608126232489,-0.0845479248051931,-0.0857073078436534,-0.00558780954768605,0.502416420405522,0.051395206326241,0.0208457879327434,-0.0500400812289437,0.0461274162023107,0.271661942599216,0.0612886238496861,-0.0153194965489557,-0.218167100135731,0.0232199346769204,0.0140497957724007,0.0169700173318822,0.265159238364256,0.379655754501935,0.13338396112631,0.0396271067226473,-0.0941202706980295,0.0390973304930588,0.0595667501686447,0.271457724093149,0.0802819904384627
"Salivarygland_13",-0.0424664622260362,0.0225838388656361,-0.100748203191642,0.0294581421239326,0.100384456928882,0.0964752294154259,-0.111161852224228,-0.0694996123254139,0.130195496886565,0.0696024524866748,0.119949816002432,-0.128315505563451,0.956576409821626,-0.0544285170796727,-0.0483028907230761,-0.069499612325414,0.158524690678385,0.107160395547898,0.0166549064453709,-0.0944480095718279,0.902131149523367,-0.22047543979024,-0.201888298522159,-0.18849619773699,-0.0850021505743852,-0.0510525766641498,0.697771145954132,1.40744019949907,0.183073048522176,-0.0194465881005589,-0.0609845230780752,0.209004746967112,0.383729558572486,-0.0138865855369265,-0.0648364982654431,-0.104988430253584,-0.0240880534375547,0.0625606925629153,0.0981435854069593,0.698070199792118,-0.128315505563451,0.371471221071923,0.11199976431478,-0.0169670585547751,0.178957370311292,0.268308399402746,0.381309916710387,0.159086014492027
"Salivarygland_14",0.192864846096828,0.193230356794755,-0.0155792566348136,0.103270107007276,0.0261580111984172,0.0647428784081659,0.0644055959597683,0.489595196993569,-0.00596062435405392,0.140167061130926,0.286043726370356,0.0142706941504185,0.206404720019858,0.255753886608186,-0.0390094412575077,0.489595196993569,0.352792894634641,0.380799713643019,0.023036184567874,0.0486255039521378,-0.0921875696352687,-0.150981778789024,0.169187858291613,-0.185047024579755,0.0369063693448037,-0.112124571243852,-0.00331942135223613,0.125669896405527,-0.0177327000549481,-0.0755991191782913,-0.102944316554664,-0.0161166983382501,0.275501115297859,-0.0443845619083529,0.0128482842192163,-0.205188819543131,0.0132857333600634,0.0279940090998004,-0.0635823563713486,0.397536213652749,0.0142706941504184,0.593600315335074,0.0288390021891865,-0.131269180837353,0.0787981399861644,0.0146818142914887,0.39098677131403,0.0842708525666953
"Salivarygland_15",0.117936392471286,0.0448405711751901,0.0358719158884743,0.14789640957146,0.0125770877293143,0.0154534217907755,-0.0993077181778308,-0.0106752086502276,0.16103253320108,0.098074296235597,0.682562028752817,0.247013586256708,-0.0830890867772264,-0.187536558821886,0.0881920809031381,-0.0106752086502276,0.584895959664317,0.612449973618523,0.0676148888640871,0.336891757936959,-0.219537606214939,-0.240077357385899,-0.0829114073741755,-0.202372442137424,-0.147014983537641,-0.054071573362271,-0.0575887941716789,0.485891053037603,0.0339991853756233,-0.0282542247084582,0.525406478386289,0.10166238786827,0.0667249841184995,0.196556753325012,-0.0653933607411782,-0.149544068235859,-0.17526310003618,-0.056384334386133,-0.0892390895233206,0.0933149722236634,0.247013586256708,-0.168639980212643,0.0557969370847149,0.0584645753616648,-0.0996777270947999,-0.0436573875173771,0.0161223185030246,-0.0302248463166077
"Salivarygland_16",0.0513810152879718,0.953771928030021,0.0981785670673169,0.0939788031587476,0.373055725107436,-0.224526725381046,-0.0168810182329008,-0.0520759863468824,-0.338892850627269,0.372893166058906,0.284670136542239,0.0165127081750755,0.0284179244019528,-0.0467578031746525,-0.034015798054402,-0.0520759863468824,0.284123776740919,0.277298148470275,-0.0950834282989581,0.245266055262878,-0.0746056402539012,-0.146320414707223,-0.0683795634706552,-0.0852175768239266,-0.122627069581045,0.413779307702367,-0.121580605893925,-0.152545454028174,0.0121971669175758,0.0615098549665348,0.0717213904166839,0.0171700956465006,-0.0361067855139497,-0.00510523875680236,-0.0263034292680086,-0.145405135009372,-0.0219594099344078,-0.081294238387246,-0.0494093003159278,-0.091426010816937,0.0165127081750755,-0.123371517770716,0.00339836303759199,-0.0161465115147144,-0.150185155929573,-0.0497721533374025,-0.0576911220090014,-0.108719330934104
"Salivarygland_17",0.0322569798821451,0.0659153817555872,-0.0778310453181438,-0.076426099033197,0.0489855565645988,-0.213659043289796,-0.00744690272922865,-0.024243117976553,-0.282790812246713,0.0683795929186752,0.0990474776061127,-0.124599676604238,0.03798515193339,-0.0763336087552655,0.133706978341046,-0.024243117976553,0.202905440538529,0.149277287705917,-0.0302787658588989,-0.0655824625950857,-0.160573116883839,-0.334183163541908,-0.106376239014183,-0.143330221168478,-0.174996508284803,0.298723666862447,0.0146123822957794,-0.266751114894736,-0.0134939297015158,-0.0300508579056531,0.204642797108533,0.0660743607866213,-0.0398262105449881,0.0143190768595084,-0.0399460935507353,-0.179539506261344,-0.070935279763648,-0.00447810045184477,0.0497044769242016,-0.0387057312017134,-0.124599676604238,-0.199708047576055,-0.0243356271091978,0.0162755757996094,-0.0228101355068436,-0.263678381349455,-0.0355284665176812,-0.00418835397393664
"Salivarygland_18",-0.0698398954618532,-0.0414703797409878,-0.0631055387661566,-0.0152709822233385,-0.0652021791357728,0.0135863291298219,-0.108992998004056,-0.0092359228461864,0.620065028917911,-0.0450527325291102,0.084249821225328,-0.130612208516171,0.135684703358707,-0.0924158259407712,-0.152973411807215,-0.00923592284618641,0.146696572799689,0.0934678977144718,0.128459171815764,-0.200095050783633,-0.0691502138306098,-0.386211050423965,-0.0996615734820802,-0.232296015395971,-0.227192037792252,-0.265064385758646,-0.117986695232077,-0.336268429599498,-0.0719294224317509,-0.109414720069665,0.407419036068746,0.000955544501670769,-0.0418752027630704,-0.0787418578302599,-0.040705238845615,-0.192089317367073,-0.117075089095219,0.0124482790589677,-0.124259917924006,0.181272971137548,-0.130612208516172,-0.201983398113541,0.00523642154162259,-0.112016651568309,-0.0880924550940629,-0.164420675390394,0.0020630918272174,-0.0334706440564198
"Salivarygland_19",0.46335386815494,-0.149815057285238,-0.0717804105874863,-0.0394402750514181,0.165865495751495,1.15382537826018,-0.006399495776091,0.0418439489583989,-0.285029951911399,0.00511514433652074,-0.237232017900991,2.28620140651539,0.408939764405062,-0.0430844162866863,0.645363205492932,0.0418439489583989,0.234496971522183,0.24451777538499,-0.083899966397199,-0.0795574108391836,0.690839205531177,-0.203602653326921,-0.0584943427935312,-0.265707153594967,-0.043497221565444,-0.0545637013752909,-0.0989821796285261,0.0353675468096534,0.0227707502032483,-0.0030116902188264,-0.231290733798834,0.117964315279048,1.36929278418008,0.323140789589086,0.0237849549344219,-0.114772066185189,0.701808670251476,0.188059064599696,0.304577039855819,0.435169589818435,2.28620140651539,1.38593857736776,0.0477693489119417,-0.151694747008078,0.140219231393043,0.332920255307683,0.748539136746194,0.335901180968937
"Salivarygland_2",-0.0248270631708007,0.336898714297802,-0.0484574425735474,0.0538307835159985,0.0165771840121495,-0.159577968546933,-0.0691277008039974,0.0339176689649202,-0.0725465845326054,0.0258633859872422,0.150920957730152,0.0139467463797535,0.0941222618990909,-0.0379359781384634,-0.0282101853157627,0.0339176689649202,0.186694150139554,0.167936949506491,-0.0484460561374118,0.0685468494180061,-0.188682978580455,-0.219939604635327,-0.0566435616299653,-0.189280364495222,-0.16956034220344,-0.267774534185537,0.0288930416159203,-0.27546469061769,-0.00559992265180764,-0.0114940748145691,0.498809946867408,0.00945293008221495,0.233699164550753,0.0924038610401325,-0.0140862248933276,-0.266032118874024,-0.0806525949359298,0.0954576694403857,-0.0419971039521928,0.294275393204049,0.0139467463797535,-0.155253919439646,0.0403863452984324,0.0786771093524883,-0.00754135319668471,0.420310808832355,0.196010538589376,0.0800378973379152
"Salivarygland_3",-0.00484643342542524,-0.0388526194408315,-0.0463782445377973,0.0131634805562758,-0.0507059091227576,-0.179935472363178,-0.0503252116510175,0.0320735183716848,-0.0627922446742479,-0.0401058384679797,0.1389455446109,0.154221203379927,-0.0577449590660475,-0.0282370184396827,-0.00854231735726468,0.0320735183716848,0.11350364320192,0.103167424437384,-0.0100731577237798,0.0922799553831202,-0.180009455952998,-0.263517814140749,-0.0893924617252445,-0.149835375781351,-0.174675905646268,-0.306487134799882,-0.142049758786307,-0.260589673000063,-0.0479173942149251,-0.0666020216530329,0.247289611505584,-0.0203820587860134,-0.0229303008340821,-0.000984673112583431,-0.0219074213016728,-0.089724391804875,-0.0932131803565602,-0.0506562113460742,-0.0958822500745254,0.0525440806978239,0.154221203379927,-0.208508003573852,0.0168958725964133,-0.0747205748667011,-0.0628060105822271,-0.079560025080365,0.00505126759553441,-0.0651673668538966
"Salivarygland_4",0.0203522850697613,0.0224911903931324,-0.016120832433083,-0.074659113505049,0.0473596522363382,-0.129244033740028,0.102507567859463,0.178267473030926,-0.381992911609107,0.0062789441470215,0.0791912283371432,-0.147215722836282,-0.140935098054223,-0.0114850490485239,-0.0646995620093806,0.178267473030926,0.0121602721901679,0.045218513786612,-0.157878434323364,0.225350670030773,-0.0993701505108637,-0.0395799490632195,-0.0284192288862061,-0.223998410732809,0.0616668992980668,-0.176570296366062,-0.0827444408892555,0.0224347503617479,0.0589091128913709,-0.125661967149046,-0.0160555160274798,-0.0217604549812646,-0.0485857177418047,0.09813614263288,-0.007103435580278,-0.178220391897094,0.129036157002624,-0.0256753364754684,-0.145833448070455,-0.195045126058159,-0.147215722836282,-0.148668432210356,-0.0813925162650885,0.171764382732158,-0.00876671022543313,-0.113205143498691,-0.0625054862347595,0.0112561350452475
"Salivarygland_5",0.170833588784273,0.286506697215633,0.00260351019647183,-0.0469367383651809,0.33489166335208,0.320855222485278,0.0546642341902094,-0.0445201386049911,0.0888238220719759,0.175059000687302,0.42350009987053,0.00672931228167052,0.620650182166731,0.133384864173249,0.318725507048852,-0.0445201386049911,0.321301862368374,0.352652938368303,0.0542611739717983,0.425751292686203,-0.109691360704627,0.0312567677124945,-0.118037531488239,-0.188940319598469,0.000855264391973238,-0.0913054239218841,-0.101032098082966,0.674621010939992,0.0360782953926365,-0.050141505596143,0.369805272418121,0.0164998779674567,0.131415972860639,0.397943731728545,0.00977191369397712,-0.231512636093061,0.384179821556298,-0.0455587018575186,0.0770695942098725,-0.0718961084293792,0.00672931228167051,-0.121298371902124,-0.0187350258694812,0.453110012218411,-0.0286142076163972,-0.121510237938376,0.0135158222437025,0.0430448366376812
"Salivarygland_6",0.128362325284272,0.0990803793842124,0.00799759439466054,0.0584624496383642,0.189879369135647,-0.116234716936709,0.120940105221717,0.0986470580407892,-0.106088716866325,0.0471423716872856,-0.073432394360076,-0.0439109823242483,0.436177721362341,0.0545307565015444,-0.16825491476998,0.0986470580407892,-0.0271254856625006,-0.0611728325865063,0.0451599268998857,0.0153428800740585,-0.100388595767627,-0.187395219833761,0.0717438204279054,-0.196258894815932,0.0617968835775273,0.0470436028752201,0.0649605863412997,-0.00710282489164134,-0.0302893053626876,-0.0948388175910282,-0.0899398766310447,0.0324306646822968,0.347711440139373,-0.0556035989227138,0.0041232390356727,-0.0684876720554835,-0.0237686158822539,0.0517947615927084,0.0130389771785441,0.348435998257412,-0.0439109823242483,0.645093394274665,-0.00795908408660364,-0.170761259792501,0.153222716841716,-0.0884471444528328,0.243167290237166,0.0702747385948808
"Salivarygland_7",0.0805756029710626,0.246512136028627,0.553226811297073,0.0651612375106267,0.0846536269866858,-0.194962812492568,-0.0685991094822667,-0.0191133221941004,-0.169621613482992,0.0684254511936323,0.429093297446662,0.27583140500942,0.0908154737066585,-0.0502009545588353,0.0654020838321845,-0.0191133221941004,0.346818589734552,0.337172530844919,0.0325658769990612,0.358304129628461,-0.188037930144406,-0.239236399576802,-0.0663598835240295,-0.231461326434214,-0.20900392978101,-0.306946634547597,-0.134727611060545,-0.159965732188769,-0.0109902836879623,-0.0631253814031002,0.243857964692815,0.0329408955986244,0.0163716062331736,0.179451750123623,-0.0239364678624897,-0.156541750878077,-0.0944259672849175,-0.00502382356602401,-0.0949330144161869,0.171928249049999,0.27583140500942,-0.244397359388093,0.0229875147885427,0.0537506528017667,-0.115020674760803,-0.130086551692698,0.0317207432105026,-0.0359590062558765
"Salivarygland_8",0.240681926784456,0.119018715007592,-0.121825323763368,-0.152367886475213,0.335273635389021,-0.196536430282324,0.00453392871548168,0.405455711851094,-0.218894861018144,0.0800455964904462,0.404431930015042,-0.0259835390921858,-0.092303744029757,-0.104887648001356,0.146305031192962,0.405455711851094,0.466294499575457,0.387605010966056,-0.0478337186105143,0.265440176560782,-0.166596950075459,-0.18255666088723,-0.144783220754541,-0.205503430430608,0.118527847755363,-0.106582960125031,-0.151976184353977,1.98862818032768,0.0794996347182074,-0.0881151867249869,0.426596551197671,0.189719963285745,0.0150242634899047,0.0234580133070772,-0.0499078653291311,-0.215378634211231,-0.0279285062272439,0.442530074179954,0.140652679479709,-0.0976234434084559,-0.0259835390921858,-0.0989808043916553,-0.078192838777744,0.326232409557343,-0.0981831712823994,-0.154992965100741,-0.00779336161392303,0.200769524695485
"Salivarygland_9",-0.122914122633931,-0.069445954264685,0.0387305807441173,-0.0115890424045078,-0.0720544808887288,-0.0826430569520891,0.233865446443345,0.128485783989171,-0.231140911344674,-0.118808135277841,-0.351775578227549,-0.354522526933189,-0.383973999027369,0.0981050728014494,-0.174640150170211,0.128485783989171,-0.315573420093628,-0.33946685123867,-0.0922202224733121,-0.150280955294817,0.0524940535070556,-0.192244870257989,0.101691738194032,-0.195810511712442,-0.11884271905835,-0.143117243971045,-0.0359161367173553,-0.179016417198334,-0.123993861968406,-0.159599082255083,-0.239780916566736,-0.112208218545944,-0.0747700040491306,-0.0856803047905158,0.0553033125236238,-0.131497848569232,0.0834671239189356,-0.0372285198539169,-0.100432713139141,-0.108521974878439,-0.354522526933189,-0.119602927710202,-0.117115964599895,-0.155670202158297,0.0245304258573563,-0.0569642568761252,-0.0118296440941006,-0.0940360372413109
"Skin_0",0.0496600137147147,0.431096372599168,-0.0875531972899374,-0.101950814852241,0.323608430154275,-0.217982900468687,-0.0124421831781959,-0.0419572305506416,0.020346139681276,0.353699582137576,0.197406032462769,-0.114749274298849,0.288441752050308,0.00185314905270902,0.1098062917114,-0.0419572305506416,0.0853526205419788,0.11252790487065,-0.0727939174936007,0.138047638359628,0.258423601680973,-0.0413739480954416,-0.0755541187210036,0.0489664064075452,-0.0220434533078725,0.357869506538577,0.0733456554436548,0.617660991142433,0.0299617200776206,0.101859180526668,0.0241467591878879,0.0538110906400038,-0.0634876230448019,-0.0419920485090898,-0.0050752560155253,0.00456256454928936,-0.00789660542403345,-0.0975785279161986,0.123210259178041,-0.0330797371365488,-0.114749274298849,-0.0847321429717817,-0.0381002108790863,-0.00452534824775687,-0.108707163811619,-0.161543753340498,-0.0363116665717878,-0.0174680461439354
"Skin_1",-0.119643684696396,-0.0625268511807157,-0.0308093147622599,-0.0520661440999908,-0.0334797477128296,-0.107116285279694,0.0742862215961073,0.0435766192084623,-0.158990198153555,-0.0359544890657744,-0.181646370164809,-0.310214519422402,-0.179246873487242,-0.00630215228720422,-0.0343367923562992,0.0435766192084622,-0.17735569804228,-0.193963746750878,0.0126880997198638,-0.166867083189823,0.146952244505985,-0.234826327939519,-0.0826211594954301,-0.0634916714317596,-0.0117813465492207,-0.0432519895856371,0.0153570868271784,-0.190830978784432,-0.0655855277858616,-0.0392957527355831,-0.0789742186387949,-0.0215183692940152,-0.0889211604583519,-0.103260366925413,0.0180212057371914,-0.0965577318986214,-0.0364347711831348,-0.0764459613569543,-0.0471752757269601,-0.0596012082091901,-0.310214519422402,-0.111677405616964,-0.0251406982871576,-0.116846029901057,-0.0609617134031635,-0.392169807804475,0.016415013667612,-0.0486038915271726
"Skin_10",-0.1158995869009,-0.114478764539655,-0.019738184725305,-0.025468341829948,-0.0725501112819709,-0.129344010247367,0.157954603078046,0.164022699052318,-0.183217178566214,-0.0952371138021406,-0.258417611299252,-0.310994428293914,-0.340816379993749,0.0846665887296361,-0.168222702138825,0.164022699052318,-0.276020837307205,-0.251502555340397,-0.0867159241454044,-0.149243046321907,0.0533053928790475,-0.221351266826457,0.00492313393471299,-0.126565061654071,-0.0701232886599498,-0.140924461381651,-0.0688593578860676,0.0546931773517412,-0.113042183723366,-0.102283543411187,-0.217416390832477,-0.0706229304128609,-0.0954646981494166,-0.0875066688368554,0.0182712081246397,-0.190951937890723,0.00231962279155146,-0.0896648842480833,-0.0962258820347152,-0.109715666213012,-0.310994428293914,-0.0951842578208673,-0.101167014877551,-0.0772764394824941,-0.0211768477292817,-0.19702412143265,-0.0057131654449226,-0.0656462456729917
"Skin_11",-0.123132693189457,0.0105707912942899,-0.0179227060657713,-0.00558251583870149,0.207797599052183,-0.0332226948109677,-0.00448411544618317,-0.023362200300573,0.131956140842617,0.0149728902430631,-0.135818257305922,-0.257066160800276,-0.0252913738373584,0.0310306818540506,-0.123398793242604,-0.0233622003005731,-0.165285763300367,-0.15773076996427,-0.0441818198172084,-0.161151487588691,-0.0844777309807201,-0.162980306423319,-0.107851830536419,0.0889643089453763,0.168944387682707,0.311406698849185,0.0616635696721443,-0.0289049244541472,-0.0233489777741581,0.033162695812172,-0.213466122860658,0.0778101828042076,-0.0415614861227224,-0.0473549313782962,0.0201974815450893,-0.0114993069276581,-0.0654243468965942,-0.0106206241928067,0.105024339040873,-0.00301263979051043,-0.257066160800276,-0.0868652272418694,-0.0586821231872732,-0.185017168209135,0.201038490035492,0.170280248675897,-0.0567433594820357,-0.0479241954431335
"Skin_12",-0.0708849500873879,-0.0367391885618965,-0.0729085425494733,-0.137457968407954,-0.0120786076128373,-0.202191845084471,0.0181961746088387,-0.0852783861633945,-0.0796434408575183,-0.0455201199974795,-0.013494025945773,-0.0656579679739713,-0.0172553037328772,-0.0321227407070225,-0.146425209544823,-0.0852783861633945,0.0371165493567985,0.0482280914833787,0.38889088332165,-0.102566830922719,0.0393402685551036,-0.157758037216538,-0.170451360202493,0.112567983704426,0.057962974569883,-0.0983677599685189,-0.124666063183652,0.885336066523855,-0.0124986881733231,0.048672389379462,-0.118383655806011,0.0243378891903051,-0.00918149669737082,0.246082059221265,-0.0214763603579909,-0.159211533219863,0.319786667741766,-0.0630148709091632,0.0885567775246439,0.0368977127258759,-0.0656579679739713,0.110855569272351,-0.034529919795601,0.123450711386752,-0.00785267339773963,-0.13269129738131,0.010991018523572,0.0375784637121212
"Skin_13",-0.0584799087613591,-0.150090322610652,-0.0778343270800358,-0.139691268132873,-0.116506666498793,-0.210137192191646,-0.0448996749397485,-0.0176232839562484,-0.0108114652427229,-0.123248924590722,-0.0826556161844926,-0.104678083771097,-0.264586386762882,-0.00826965284791253,-0.0290418992706803,-0.0176232839562484,-0.0743792334145847,-0.0844440812120314,-0.0460341902206917,-0.180560533858811,-0.128857640531996,-0.138978687803876,-0.134480834965408,-0.0619117924137003,-0.0887598071458304,-0.00561853935811819,-0.087587391654736,-0.106522589032346,-0.00648465535725842,-0.0525646583941528,0.023382734865339,0.0466456809286095,-0.00157998401820652,-0.0321803720666702,0.0188036449623459,0.31142092645509,-0.0885077034095582,0.0246476549522563,-0.00620632327272908,0.031735937038769,-0.104678083771097,-0.049053806428478,0.0111708054721522,-0.114676656291584,-0.0491879752413941,-0.247869670988869,-0.0672297855665543,-0.0565630995807772
"Skin_14",0.252799892159452,-0.23023293391054,-0.149551576570336,0.0797682302235369,0.0821078817414943,-0.302898312631985,-0.0863743791967747,-0.227196011500194,0.166767266343084,0.182333380640479,0.510455207583626,0.567100621560897,0.256231676323396,-0.0353027201624858,-0.0207273808245599,-0.227196011500194,0.477960181251112,0.519714136196751,0.0759822786166064,0.0989908163607374,0.120248540769282,-0.11821014158639,-0.09375558817853,-0.0150218183038718,-0.0250911169081215,-0.0969095210122438,-0.15207859254981,1.69785919505952,0.0470037338512946,0.0533894099603772,0.0911967699745595,0.1551942497555,0.0418932266309543,0.113865834742854,-0.0244125934884801,-0.184509364316733,0.0104785109738494,-0.180360557834038,0.0323587145331813,0.00179080236813143,0.567100621560897,0.0238813547546572,0.00288323404846447,0.022479608516781,-0.0591580021615456,-0.237324388522726,-0.105960920989155,-0.0761587236263859
"Skin_15",-0.135653910618479,-0.213809483338426,-0.0678965251115948,-0.014912693627876,-0.0391041683369508,-0.235921422044562,0.0619509785662414,0.0433273395872324,0.0573882361915043,-0.0759528219496208,-0.148709893295751,-0.198232934002764,-0.252610451626209,-0.00128649829250113,-0.255891006242381,0.0433273395872324,-0.283869297637505,-0.144665848687115,0.0222867668544821,-0.0457186769717274,-0.0452049626971673,-0.219156686667812,-0.0376144485129879,-0.0940135814523649,-0.0978515716765341,-0.222999372775983,-0.146576983679471,-0.00503444604489108,-0.0906149647510796,-0.0816424189430515,-0.180209328826242,-0.0405053969061237,-0.166377276169963,-0.0416244946143744,-0.00598240718700971,-0.343307891103527,-0.058887673129588,-0.134397052588609,-0.0894017577239698,-0.0783691642307128,-0.198232934002764,-0.105231960345116,-0.133665452043043,-0.0189378576832504,-0.0957129325672127,-0.178424348067053,-0.0830178751447156,-0.127707179561539
"Skin_16",0.0263501339867238,-0.112010313455962,-0.101189834963999,-0.0615949505427056,0.214230771405862,-0.220440370180547,0.00272824632647516,-0.0249897249090124,0.0428022564340506,0.00583546222736108,0.140510282709347,0.126313552964597,0.13645886488195,0.00341973373696385,-0.0858186126667714,-0.0249897249090124,0.136923010964827,0.128684540214032,-0.0521678673007068,-0.0826364367820428,0.155389040886359,-0.149723509971586,-0.00471132018050419,0.0223586602590666,0.070764408611302,-0.056636654375528,-0.208404413010398,2.14827995937256,0.00748777324018427,0.0393087465772906,-0.0624985873114787,0.0564695765332044,0.112051724147108,-0.0433455139043529,-0.0262798773016587,-0.17699514217755,-0.0427771749841052,-0.0871886024919033,0.0980049596890089,0.0172790312231952,0.126313552964597,0.0119196452027454,-0.0489222297090568,0.121560753875323,-0.0415435686928794,-0.166758178382321,-0.0933736128209377,0.0146510480341109
"Skin_17",-0.0463418408534404,-0.000601218165094996,-0.079407369019159,-0.096036405853554,0.12986899017185,-0.126618957979246,-0.00622396435516995,-0.0277960384510224,0.0630270214144961,0.115899163877241,0.0419127914162454,-0.105499673732165,0.412958799137862,0.0656612880008711,-0.0400671836761516,-0.0277960384510224,0.00848725166401771,0.0218163271650176,0.107714833476203,-0.0505782264617573,-0.0600971612874916,-0.144283398712041,-0.149721673405045,-0.0191142274133054,0.128064076375185,0.259635853111904,0.0273664365825116,-0.129568376997386,0.0410764017404653,-0.000219695101253041,-0.0439200459482854,0.0927403055395855,0.269830409270729,0.00812677809814695,-0.0312635190493714,-0.0470556440990438,-0.0271036165958316,0.0744890753710184,0.186574053607743,0.218962582920973,-0.105499673732165,0.0959002174943999,0.0257525984612335,-0.0675940760448985,0.286445316927642,0.404138224981755,0.244322127003603,0.155307236549003
"Skin_18",0.118934604191588,-0.0661957614005255,-0.00943438717127784,-0.197210621785614,0.18962574864114,-0.13021686598458,0.125487994184374,0.0420726799696695,-0.0579443296523645,0.0856332916959481,0.185009414901982,0.177980071926661,0.117130115810681,0.181312447851805,0.335671214879688,0.0420726799696695,0.145741074599295,0.196284930200208,-0.0269352332990252,0.0159207258176302,0.0107109151669613,-0.193255546479779,-0.178688867706386,-0.142415045350759,-0.10348327188606,-0.108264634756566,-0.160634237075874,1.76377899281405,-0.0428739585734753,-0.0972986918489657,-0.154988227810832,-4.20319204241279e-05,0.115323214895739,0.0708425445897744,0.0105550302962939,-0.196515573498177,0.0820437890673649,-0.0705182491212555,-0.0130977583940867,-0.0455204838542839,0.177980071926661,-0.0946809183028979,-0.0601253092240973,-0.00114068880702115,-0.00285089010645445,-0.390610310423519,-0.0043716215119424,0.014602152856365
"Skin_19",-0.0675764284181596,-0.0616284021660909,-0.106296558191995,0.0946605811733361,-0.0155408881964695,-0.19205161045916,0.188527591429869,-0.0465034737234058,0.0584085275247703,0.0184012105754433,-0.119159037310943,-0.116352055090449,-0.232635492479831,0.132002035485398,-0.00655691925659585,-0.0465034737234058,-0.0911279603878584,-0.0547389667346112,0.0736161054898889,0.00556099724314197,0.296746235704836,-0.141845307832241,-0.0717841629610598,0.218369519824135,-0.0263712851699612,-0.0187022297582041,-0.0982763653162439,0.0711475435159368,0.0312687504790472,0.0675282550520082,-0.275160462658202,-0.0272731370657374,-0.131180444757473,-0.063528945154572,0.00726483418849617,-0.0497195690281912,-0.0239548954653666,-0.0929065252466508,-0.0332275955904554,-0.107113166884083,-0.116352055090449,-0.16413816929961,0.0911775029796439,-0.0324726666733191,-0.0704076751696386,-0.265759107546901,-0.0658404926037773,-0.0638264286024096
"Skin_2",0.0118852248508713,-0.105055367941356,-0.0754131632338076,-0.0825635652334348,0.0287701016388557,-0.25136795297609,-0.0446099448966825,-0.134053291787262,-0.0349347732207486,0.0372991508686096,0.19219135108451,0.300202869700047,0.13674237564375,0.0649319116195178,-0.0495175630596122,-0.134053291787262,0.179330988834454,0.21322602174719,0.0623941348579207,0.0118982442017063,0.0769564566874685,-0.0931283977345257,-0.0130606631112228,0.122084548088445,0.066248889979245,-0.00894729078464796,-0.2069332543236,1.06153908117834,0.0527571440476693,0.0706280248201974,-0.0941729500092933,0.123578512110979,0.274186802322054,0.370270499735063,-0.0160390901021477,-0.0159641410215357,0.489352346839641,-0.0974580168788409,0.217308665180556,0.0634711132325437,0.300202869700047,-0.0299344434085768,-0.0147711822307201,0.0520839694689797,-0.0413273257097162,-0.213514524822211,-0.0226952268783979,-0.0260850551298588
"Skin_3",0.293388438489727,-0.186899678158545,-0.0559975923148784,-0.0328360028368104,0.0734646833071994,-0.224319424102843,-0.124117289754271,-0.255365605366554,0.511848313755968,0.164392090315251,0.346298085325133,0.527638712668151,0.428649504424416,0.306651425283529,0.018546683142127,-0.255365605366554,0.318503173607603,0.35273376554148,0.0851019146857358,0.0396505219850249,0.312282462432126,-0.0917634244920375,-0.00628109416307148,0.0917888819654984,0.103876317913027,-0.0926672768512075,-0.283699543400111,1.92644712266853,0.0776625264854703,0.0722279513633209,-0.0987868834355121,0.173085959491623,0.147658225646051,0.113447350502069,-0.0136504617403283,-0.0476344961848391,0.0210558713555218,-0.121601942793147,0.130209278459798,0.135884269504862,0.527638712668151,0.0153605861094415,-0.0020958940514317,0.0707930415404548,0.000667466211670493,-0.306294155297207,-0.0734134612149701,-0.0273695941856931
"Skin_4",0.114213488770776,-0.142657474283451,-0.0803556090389257,-0.23532211240964,0.36381838207011,-0.00168953917631084,0.0425099153101062,-0.0496814764686593,1.64919421455156,0.0773597146647245,0.376012513846021,0.455761332229642,0.414320640849209,0.142529289343344,1.05444803540968,-0.0496814764686593,0.426904110446837,0.453167251338876,0.271041684402717,0.00871733851797109,0.534586080414126,-0.178278946810237,-0.154960496631418,0.204503224630724,0.166274500631075,-0.114810673205275,-0.243832515490526,2.85393453106692,0.0657973864566096,-0.0194892277648321,-0.0372748333312885,0.0795399983481626,0.0893969814068525,0.09346408302223,-0.0223332398095853,-0.132915327758262,0.0825881301562308,0.113550669686869,0.0758671748039497,0.160936379721058,0.455761332229642,-0.0524827439290918,-0.00106641365131801,0.00517367167590496,0.047847630656172,-0.476975732555662,-0.0144609287461395,0.170530158819086
"Skin_5",-0.0339380613113169,0.0916152383207732,0.134417847619166,-0.120674874277517,0.166526287022434,-0.214069746464058,0.00237298727015417,-0.0454890508021173,-0.0405962706183682,0.190723866448699,-0.0354585087287675,-0.182934542089225,0.0229878770201695,0.0279467097433806,0.141936114188228,-0.0454890508021173,-0.100814413367221,-0.0869792448197747,0.010419125540648,0.000376045465102186,0.0768307751566681,-0.0643426076136145,0.159192407257554,0.0143270880810057,-0.055196006345573,0.371844844184052,-0.00940040975567532,0.349620622817858,-0.00297859210291036,0.0918810877889768,-0.0422905292238996,0.0605659503656377,-0.0637423732701622,-0.0361812907762606,0.000474141960555585,-0.0309004656475768,0.0127752381666097,-0.093568609220388,0.108377048497162,-0.0887708052494109,-0.182934542089225,-0.0842953030933843,-0.0621219867724591,-0.0542035775036072,-0.0878768810127831,-0.192632116733196,-0.0500824679624853,-0.0332564135260641
"Skin_6",0.309045744073042,-0.172658629574951,-0.0538176960644083,0.0480814086049602,0.125624861665701,-0.245093814273669,-0.0167770427541604,-0.196547908965044,0.0307562686108794,0.184044482805802,0.391859472451646,0.635735895350548,0.395536161791704,0.0721679906376259,0.0223045280900895,-0.196547908965044,0.352342347475884,0.401674189616482,0.0216364775085254,0.058728669116929,0.0891456505339111,-0.12549541685745,0.15011713398979,-0.0205481984284949,-0.0197292907423713,-0.0586043498795656,-0.25070247514789,2.0967067835294,0.0114824837737658,0.0495778931940003,-0.0456345844862955,0.0799698780745263,0.0427414393193429,0.1164555699184,-0.0042644443758443,-0.136655191983267,0.0587430967750587,-0.157773624395757,-0.0110110305206514,-0.0179463452050742,0.635735895350548,0.00912297071378683,-0.00844481844119207,0.059832735812704,-0.0680984752166561,-0.239362385527778,-0.0625805736827459,-0.0247332593529968
"Skin_7",0.0700638863477671,-0.0251008898951502,0.317723715138323,-0.107271564071902,-0.0289616299029108,-0.143545834224024,0.0209632098784576,-0.0758028540926465,0.258061492882003,0.00227312112841433,0.0169447866418732,-0.218314875064071,0.275606471268857,-0.0291747524458006,-0.0267974904270122,-0.0758028540926465,-0.0875648282000139,-0.0606755548328607,0.00684258559719937,0.0873779265007433,0.293831443685371,-0.0828538031905949,-0.061550526279481,0.0216117230496693,-0.0707354860333696,0.160621901288169,0.0163892368182569,0.203037382493977,0.0243952980688473,-0.0534683626873987,-0.042595067679955,0.171086075751965,-0.100955055845249,0.0689027788673647,-0.00085384952175303,-0.00537708909047716,-0.0276226265527224,-0.0604141643641634,0.136797337189873,-0.151472932237535,-0.218314875064071,-0.120183972558409,-0.103958285765018,0.0516490383345325,-0.082748451639791,-0.272310851900992,-0.0786781819569782,-0.0750381379543534
"Skin_8",-0.0776091068796319,-0.0590887955176533,-0.0453842996603146,-0.0498806602000133,-0.00228779366298056,-0.140033877482921,0.0637347052948988,-0.000589557911537676,-0.240115195681515,0.00521480972264051,-0.105892244395832,-0.225790785142086,0.267615777646435,-0.058008205212572,0.0199877079409971,-0.000589557911537698,-0.110633127275015,-0.0958049107743286,0.0334005956824245,-0.0885730926372484,0.0053604887747113,-0.258682567743766,-0.109123115857417,0.0441088961204394,-0.029816732335918,-0.0476548371816556,-0.0585791931210599,-0.17742952084268,-0.0535941973086718,-0.0444208941037521,0.0400957066111398,-0.0428473996122614,-0.0542641037651037,-0.0581368741516416,0.000816194841200664,-0.177012277422712,0.0208674920171559,-0.0950716852864606,0.00112572972809413,-0.0688020283324475,-0.225790785142086,-0.118680509613697,-0.0724657148054557,-0.0502237213127522,-0.0791002467531408,-0.33742241087727,-0.0210225739072636,-0.00792830987458668
"Skin_9",-0.0861520733638498,-0.0819590732063851,-0.0519402029241193,-0.129553007089344,-0.0301004003538507,-0.0980133699584595,-0.0179149325089779,-0.0436133540512797,0.426747693815976,0.0067241622196505,-0.0805363345689082,-0.136269888356447,0.321673912260893,-0.0149552388006069,0.165214238167701,-0.0436133540512797,-0.0922415025631397,-0.0715622772561258,0.0528258511785387,-0.174158717804598,0.359110148623189,-0.13041192821307,-0.20392294474349,-0.0163718714672586,0.0437399070692219,0.259885951477555,-0.0885696894652986,-0.207293268097978,-0.0114570150685329,-0.0211323279610531,-0.127779334553531,0.207593659924499,-0.00755845588147692,0.0373512148541528,0.00298785240204344,0.169889684762594,-0.0278366863456559,0.0222381780433827,0.0708609698793634,-0.0582066878004467,-0.136269888356447,-0.142628249286594,-0.00543464726025556,-0.115303215917235,-0.0930319534573919,-0.646239230118071,0.013678825670326,-0.0533120871137882
"Spleen_0",-0.0874246531588275,-0.0210935574872164,0.161832078267591,-0.0136006459194733,-0.137205915973651,-0.117699217126074,-0.0377596655340451,-0.0400456380906112,-0.0540233004880868,-0.125055409917934,-0.141537571480422,0.36054418431858,-0.373523622866223,-0.0741423789309661,-0.13363637936873,-0.0400456380906113,-0.0412545387960469,-0.0842288547138546,0.0663305288386664,-0.0213167821873673,-0.188732724596697,0.172013230917085,-0.155613769052611,0.280756480655987,-0.043949948947978,0.0614245686292382,-0.131573464419912,0.0943990311152656,0.017541346826505,-0.0243236868679126,0.151551395630949,-0.0240775489297888,-0.117845673186005,-0.102658690037088,-0.0126246235587061,0.393764069607019,-0.127386246468826,0.109449098664511,-0.127153045780504,0.0314387530801601,0.36054418431858,-0.0188893591369092,0.0515622352480577,-0.0301807990971012,0.0767501867192791,0.416722299985219,-0.0710624432408689,-0.028599747881824
"Spleen_1",-0.108148352281831,0.0150538369741101,-0.123001744238145,0.000992154414616555,-0.111959342239365,-0.19390182173285,-0.102231167894044,-0.0244960478224881,0.0476569739575478,-0.10150703440552,-0.0489045064205565,0.124845453869227,-0.00304286078266867,-0.0978221611900454,-0.125184167313794,-0.0244960478224881,-0.00550536266732925,0.0106572474611503,-0.0807973585456876,0.0193285942922876,-0.226458891452381,0.562602577413108,-0.131088989423435,-0.0144438778273311,-0.0580472367485443,-0.144891105744286,0.00567175538889465,-0.348036324051568,0.0173471870606755,-0.00513189590658317,0.307374015772488,0.0537909978399739,0.138254496213483,0.0302227941626517,0.0177464660076992,-0.0156925768679986,-0.121648558345461,0.204844584039617,0.0408157424156836,0.204174531776633,0.124845453869227,-0.0793648014273417,0.0527926962352234,0.0229280259868557,0.17303841143213,1.55754641436724,0.142070805577943,0.0851516076274619
"Spleen_10",0.131021531434427,-0.0645616573738205,-0.0027949263130161,0.0219005658805302,-0.0254322843542472,-0.123746777070508,0.15378243432911,0.0898833669110342,-0.200237172230232,0.116750970076105,0.495503135512053,0.467116967270511,-0.248155854752086,0.0525346673258355,-0.146955710740273,0.0898833669110342,0.484453817334954,0.48804231913361,-0.066636815232799,0.036704366319045,-0.0564806107034618,-0.092949476031207,0.036310223832673,-0.227300709438731,-0.120691720907471,-0.159128711277366,-0.0791256028320181,-0.198869094782031,-0.0406013626677471,-0.0667638339502166,-0.0942920189161139,-0.122807220106089,-0.0189100887149238,0.0390245319875873,0.0392867546697069,-0.195353935107375,0.00578400578231373,-0.0199147796169002,-0.0636322862753585,-0.0808724779647244,0.467116967270511,-0.119985503762475,-0.0139410453801736,-0.0867078613614206,-0.0212602820878614,0.143551862004237,0.0287305230128375,-0.0528826207098613
"Spleen_11",-0.174681538111342,-0.125669699935201,-0.0152614723406642,-0.0607028016264973,-0.144519573065893,-0.123988870451832,0.0882916501951349,0.11232946695822,-0.105191884388999,-0.182503813013301,-0.351843244909138,-0.281928955300197,-0.49372612816344,0.0448070760778262,-0.219226540676804,0.11232946695822,-0.324326221273982,-0.35738470106823,-0.0925389327664542,-0.173967789842393,-0.0492488859549036,0.231449029513683,-0.021101013427083,-0.0567709927465304,-0.0603528579010604,-0.0482889089030666,-0.0225743674669721,-0.283603714249065,-0.096996774736454,-0.121475186097358,0.0460815252337469,-0.0629815834422719,-0.0982244566505349,-0.142656323946092,0.0158639450235612,0.198503909223062,-0.0203675120586466,0.0220618228976054,-0.113180273655119,-0.0555023605056169,-0.281928955300197,-0.0500386072179206,-0.0417808828918231,-0.171463307940414,0.044845649637564,0.401008184925167,-0.0207461611866391,-0.0851029933772918
"Spleen_12",-0.0729035001296403,-0.0898698221761744,-0.076820693492642,-0.000819557849339799,-0.0982193836249125,-0.128335329189882,-0.0515027032722847,-0.0478094236619507,-0.0820968108144262,-0.0390866604814099,-0.0462311455286751,-0.219657482605497,-0.136300492966677,0.057590377969918,0.0322549058198873,-0.0478094236619507,-0.02307434814497,-0.0153351169256035,0.0368123189949987,-0.140682041894061,0.0788806528863338,0.0586127357152466,-0.12530329985286,-0.0252108285958058,0.0359500710108235,0.330492630663266,0.165142327168114,-0.353277525370719,-0.0556621919772027,-0.048389605123065,-0.00839671018073667,-0.00994906900325736,-0.0768196176827278,-0.067861709546973,-0.0357225023924024,0.113867390213837,-0.0114148870634927,-0.00869096333179359,0.0471386678970035,-0.0473850233160264,-0.219657482605497,-0.0673407780412762,0.0349181331027462,0.259132117950476,-0.0471339749218176,-0.473207469447093,-0.0193131855335279,0.192545287661758
"Spleen_13",-0.127045402295036,-0.0660501199023942,-0.00153403874771164,-0.0829394738299839,-0.162384062542282,0.434201654390674,0.0391226660233428,0.0299065346029495,0.469645864394473,-0.103377783618461,-0.228558088024516,-0.106302702289274,-0.0386085266602442,0.352309322409418,-0.098400004819556,0.0299065346029495,-0.201119054669959,-0.205523207485834,0.0949937952967183,-0.112435373549383,-0.167214199084978,0.408188354749131,0.682226349154083,-0.00838196255300946,0.147881441601759,0.0185489599242149,-0.0879953525388338,-0.384212638457386,0.0507069866920647,0.190344301006518,-0.105292380411838,-0.0143086295009091,0.0849355883335091,-0.1266324172605,-0.0268998806378061,0.0412354595255748,-0.0515394345261777,0.0758518498531357,-0.00626457455538417,0.146651548203866,-0.106302702289274,0.0435816103579802,0.142378072766858,-0.135527181968621,0.295181006342811,0.0673401169241771,0.100708177770405,0.0172279198290482
"Spleen_14",-0.0764647360789661,-0.0538978700138791,-0.00989179237400358,0.0170449241109952,-0.0868551694594267,-0.128266798928269,-0.165071281111821,-0.0277983147481131,0.00337698438833775,-0.0642056170130953,-0.0102299793272721,0.309351161254158,-0.0132144138698034,-0.15149907736797,-0.109255119007987,-0.0277983147481132,0.00367285417779414,0.0380947988502658,-0.0204845281460443,-0.105494520713967,-0.246399300735971,0.207332832457502,-0.239097155334469,0.145844987009346,-0.0656002316700169,-0.0593546229797983,-0.116572030557213,-0.324239886960776,0.0220810024557385,-0.0515505152946447,0.38263975006031,0.0337316586600944,-0.0155095867032815,-0.0985427495058061,-0.048233989292669,0.52786338189183,-0.170234074654185,0.151932008372997,-0.100963579430552,0.277038358133819,0.309351161254158,-0.0827904505736034,0.112236243762176,0.0244702896117943,-0.00479001515365731,2.72263669064857,-0.0252385982674313,0.055201520620329
"Spleen_15",-0.100796670895942,0.182227128293952,0.706708817018531,-0.117098861124978,-0.0939283512799884,-0.261650079489147,-0.06647109989567,-0.0570805545943344,-0.221288085233379,-0.0906298704979843,-0.0400906292776388,-0.0328250884605786,-0.227435990963221,-0.096092377203938,-0.0954813242118795,-0.0570805545943344,-0.10808880638804,-0.112635151905325,-0.0613816643015283,0.0485181411567597,-0.178997057300362,0.322149644027262,-0.115088167481302,-0.0513766808368942,-0.150706287790683,-0.175790867535585,-0.15179731477301,-0.290540397396374,-0.0264487956880408,-0.0360411452270098,0.0438806160041954,0.00975200581044175,0.0372708920300775,0.00126723351841169,-0.00820895143959269,0.047556084104666,-0.0743032329272195,-0.0171312293166514,-0.0780748811968149,0.014783368074566,-0.0328250884605786,-0.102171957059329,0.00313399487412934,-0.0229691701147462,-0.0438980110285196,-0.126403127499243,-0.0558237747809596,-0.0378209708303696
"Spleen_16",-0.0222476972589381,0.0125144650464882,-0.0126288365960887,0.0695997155497822,-0.0436967348379719,0.131962477709014,0.0986314544398414,0.0785818430828102,0.0865536450042111,0.00846284266787996,0.0414980448572434,0.225585748797986,0.219062142207574,0.13324472843058,0.0322632513972,0.0785818430828102,0.0630340672940187,0.0612238329739312,-0.00317418809812344,0.166650095088285,-0.11414672740252,0.0980618085744429,0.256746374051589,-0.184064861112181,-0.0696976682253136,-0.00825086431266931,-0.118116524198012,-0.254401847690968,0.0445829101550079,0.109925152623421,0.0144106142571307,-0.0436388517603391,0.18263700319986,-0.0231897753469465,-0.00051455719400563,-0.133691082196945,0.0162191540818997,0.0681418935121711,-0.0283787029944623,0.244498941931154,0.225585748797986,-0.103250692348295,0.0690464186891468,-0.121474665549397,0.136941445883383,0.00110579087554995,0.247079233895561,0.0487103357108336
"Spleen_17",0.192539646911955,-0.15518395219156,-0.103177471217988,0.0117580086100632,0.10974900422035,0.292355477117257,-0.0939677127563323,-0.023238433796754,0.304850062635036,0.0281626611114008,-0.0678008092223874,0.753140455153401,0.862069820577022,0.310848712086033,0.231710746027328,-0.023238433796754,0.0793521986211082,0.0368549118240743,0.00046689037811646,-0.0196860920640658,0.526018780577007,0.446278312418839,-0.138677485241636,-0.0231607810384328,0.102011392038125,0.301371154973693,0.217245769903733,1.1213544662646,0.130945098896623,0.0293538642458586,-0.177799980665188,0.226818291703907,0.687876132939453,0.143767655961558,0.164490489337861,0.0248221279733496,0.314403174397506,0.255347193966592,0.499872246783648,0.474954040001639,0.753140455153401,0.627161980646942,0.163340672318137,-0.0698702457059253,0.639023532226028,1.29285643237189,0.599238250796224,0.449843585130536
"Spleen_18",0.260298401047461,-0.0365332556925341,-0.181734520574703,0.314087608138311,-0.0710112340771628,0.110329200415825,-0.00569825684992619,-0.0462727966440563,0.327573929133586,0.205994304057201,0.998203790599038,1.00701748858326,-0.050907179100154,-0.175901486162047,-0.131785073904119,-0.0462727966440563,1.01915179257167,0.967649841300357,0.0138518329419294,0.268361888869433,-0.227815418693133,0.352195681481378,-0.150698542911829,-0.237799403158198,-0.136293483900549,-0.0583453820158474,-0.0439746494744748,-0.487958456978179,0.101458019408292,0.0712192297699755,0.357808228253164,-0.0722760680055607,0.0393144779167198,0.226227349233658,-0.0272349240490711,-0.314139291979565,-0.0660966646394903,-0.00819220680061699,-0.0439741911861539,-0.0821642046275497,1.00701748858326,-0.0919955134883367,0.0816849510805282,-0.0336132617689705,-0.101333939742167,0.833212118495433,-0.0388245348163772,-0.0519610740330014
"Spleen_19",-0.0673193771697349,0.0775022645370347,-0.104159321246321,-0.0997366161858573,-0.0935584448254168,0.0858274954010096,-0.0875454239520276,-0.0489530141063549,0.60439682424155,-0.0466564875496256,0.129379014142086,0.0636847073371496,0.00174542306242089,-0.139622646400121,-0.214771594467416,-0.048953014106355,0.177507938641759,0.147974398362325,0.0655406042952382,0.0612847169971001,-0.282306578907757,0.203932410575469,-0.0354675719110655,-0.0277735816270188,0.223669128732728,-0.00671811985724713,0.340995018902003,-0.252836227871244,0.0193492874869188,0.196832311155098,0.0653103921855469,0.0370564543508704,0.34833821327789,-0.142124235351634,-0.0689411927394565,0.643306831578968,0.0143159743153995,0.180264331388373,0.0210664298265981,0.616951224734811,0.0636847073371496,0.333239676983716,0.237436751266753,-0.198841296764469,0.263497607337918,0.817953661621688,0.333851222953674,0.19997206491156
"Spleen_2",0.0408395021007262,0.122017071527721,0.000905377414855491,0.0175534761681851,0.0349522400920609,0.0689742832843278,0.10457375544084,0.0538474937740628,-0.0793983606047966,0.0580483841538406,0.258553088345824,0.0445742809355969,0.0473463214879947,0.150655708233524,0.0705110251969517,0.0538474937740628,0.199966714650215,0.221061415620793,-0.0210657766684484,0.250633478038138,-0.0863121952918349,-0.0772416012680869,0.415311250977403,-0.217090748867731,-0.0376256591512126,0.00842595105320746,0.0106041769689105,1.1022444939864,0.01688913610142,-0.0961366380411565,-0.0460454994370274,-0.0239322672945986,0.340310814045992,0.0161457130743983,0.0388622865620429,-0.185032193512063,0.0596680726177221,0.105039668992582,0.0484045576099914,0.537761503119921,0.0445742809355968,0.22806541963425,0.0735413765489169,-0.123829363391082,0.0949881528906584,0.235301333305746,0.437877446461009,0.154698862537694
"Spleen_20",-0.136765523710137,-0.198094459425923,-0.0954809807347966,-0.0579543778702466,-0.163023781859407,-0.0696687823069168,0.0688707812031825,0.0561295471947833,-0.105647341022893,-0.217298918708084,-0.446499545407091,-0.35690552803969,-0.570042531663791,-0.0487125536395915,0.00283071084368933,0.0561295471947833,-0.427374654164148,-0.432425890606827,-0.127238861785483,-0.264901968639068,-0.0520240761009893,0.0443277332766455,0.157076655923357,-0.0983537068110234,-0.0191804239881967,-0.116488828264756,0.0194597320171722,-0.127780414415733,-0.0916583658151768,-0.147686999800503,-0.135084447707819,-0.116818625640321,-0.127414475458503,-0.113673775970027,0.000813000256935923,-0.0235797009262693,0.0205864149522438,-0.011580882508684,-0.142775907887181,-0.142614749245419,-0.35690552803969,-0.0645747472141372,-0.054997574650316,-0.213027285459657,0.00570026084461146,0.170953867344307,-0.00642577597419694,-0.0097065450415244
"Spleen_21",0.0396918777465106,0.0227909864414118,-0.0328157802244113,-0.0977656683109432,-0.00890642290950419,-0.022693237491821,0.026412346543408,0.0111450615256089,-0.164252306678799,-0.0460997987931997,-0.0459709640667578,-0.133213350735772,-0.223435210152572,0.559924297581378,0.227711858867528,0.0111450615256089,-0.0465838857175778,-0.0840942393564966,0.0107119135460316,-0.075557107214553,0.357633418907381,-0.036975916406828,0.0978272122826023,-0.162956695652188,-0.1395240570145,0.353513454739043,0.0975973348255572,-0.139633908380487,-0.000647796016502231,0.0121782639663,-0.0735248016019861,0.0142659879842476,0.0365174542081219,-0.0380590072817718,0.00830528055452795,-0.107411828253573,-0.0328736498054761,0.041024601991745,0.0359223666896868,0.047729283681394,-0.133213350735772,0.00595926085819054,0.0249265516784207,-0.119737670758833,-0.0292343110799222,-0.124280988621329,0.0593469534947834,0.0760351461663209
"Spleen_22",-0.151761244889204,-0.0461843569521676,-0.0298352121699176,-0.0133694816214219,0.0852116265310548,0.176243730507524,0.0280690117047111,-0.0034655108997739,0.0936631549424305,0.000652342910583025,-0.245940092621245,-0.271639579414886,-0.22579266035868,-0.0731787223197801,-0.199800448627947,-0.00346551089977391,-0.223120513220496,-0.236989012519372,-0.06962691877224,-0.176789578511135,-0.0154407790255192,0.611801159510218,-0.0907337541863866,0.130633300588398,0.115517766553815,-0.0326042743291206,0.216995721370528,-0.394390560557015,-0.0227340729757122,0.078400377798134,-0.141064484459526,0.0657937026930048,0.0771851730908855,-0.147910808057193,0.468399398779502,0.0363791839964132,-0.054673910105049,0.0973501962017709,0.0558045279074971,0.136752442007119,-0.271639579414886,0.0257484360368473,-0.0484561471426009,-0.116819962162948,0.152544502508753,1.43534155793037,0.0887283114675336,-0.0157153887955992
"Spleen_23",-0.040256633543104,0.121572744758567,0.204797693920524,0.0517355342999835,-0.0990082019733867,0.00176446033919676,-0.0481312635229999,-0.0549129986076324,-0.0809039824051424,-0.0595632794703297,0.0221354472159486,0.365808685140816,-0.236717857202813,-0.147558576989984,-0.0958166910385276,-0.0549129986076324,0.103494693934388,0.0813060546483984,0.047970344111026,0.0265106121521483,-0.200196125669266,0.120233093336817,-0.0610208987375336,0.275951781850434,-0.00187288553834865,0.111207546447058,-0.125337000573451,0.283042403027446,0.0625850969813646,-0.0313136327450557,0.130647228178238,0.00583760310569585,0.0212700879946517,-0.0684563096805438,-0.0159898681997934,0.370274791375942,-0.108656329457078,0.165160953011463,-0.0873571463097191,0.24499153149127,0.365808685140816,0.0998036301184031,0.104529766914474,-0.041981484724467,0.0283238119519297,0.402674917220159,0.0777610322584592,0.0570871340811365
"Spleen_24",0.0879265004758893,-0.153252455151264,-0.0146864903850694,-0.00469093937996114,-0.107527184579519,0.0604860351252652,-0.0990032968973596,-0.0550295507918493,0.0214016932980191,-0.0633034158034327,-0.185748933853406,0.582889849945093,-0.0418452119524231,-0.137010954826596,0.27586536556687,-0.0550295507918493,-0.0756011935257694,-0.0640300964015161,0.0147932313760878,-0.0380137133895079,-0.216320555542296,0.293145956729967,-0.168779738858059,0.163185327188903,-0.0696941382763181,0.0377335363872042,-0.175970221252356,-0.0277185985974922,0.0576536092843693,-0.00664800772735251,0.00696556639302048,0.0345068870183271,0.454185375589384,0.105616600341932,0.432156168182936,0.417979140651981,0.27312160893232,0.20264947338573,0.127138227996398,0.221406218721425,0.582889849945093,0.599468796927615,0.118699981855594,-0.04901965502867,0.177401961037805,1.07976843620259,0.255881637962319,0.100483275370856
"Spleen_3",0.138510681547607,-0.111839287260732,0.00445320974517353,-0.0899776588634971,-0.0377089566547749,0.215680501125399,0.0828903637151005,0.0445907668469241,-0.121360445700353,-0.03912350194033,-0.363634606389904,0.489655366651573,-0.0298088833120585,0.172867210242451,0.349996527111437,0.0445907668469241,-0.212750523719512,-0.212565231683498,-0.0864851959859454,-0.222741698312057,0.0561272722157461,-0.181428435328978,0.00294021630545612,-0.0340290515303002,-0.0314295085984263,-0.0826258834352449,-0.039133146722541,-0.095700822366291,-0.0244277700563133,-0.0303915043422525,-0.237203264511612,0.00861260782230904,0.663093489147039,0.183557604094966,0.0575926491844161,-0.0498610837265224,0.518487302319928,0.154859621030692,0.303649152432932,0.230048290601889,0.489655366651573,0.817077217684654,0.0518656695892979,-0.240565390896888,0.383696941900649,0.964877907630912,0.408929653413898,0.114614203597941
"Spleen_4",0.151524145941118,-0.0496555100588848,-0.0801874425629965,-0.00791038130285019,-0.0683563099424988,-0.0793867127940744,0.00506934817719729,0.00930411835463288,0.262388848448951,0.111033867368728,0.59624647500568,0.658987379427891,-0.201932056169613,-0.00365768308232307,-0.105129235391891,0.00930411835463288,0.591830177031776,0.570420721521052,0.0123066804193665,0.0426124101162954,-0.162677544849049,0.453927857358833,-0.105229594170717,-0.0667605209492879,-0.004631040545792,-0.147920972162774,-0.0899264159313912,-0.342741170935643,0.0794027971682818,0.0616061101180952,0.0528711372238611,-0.0823738416659549,0.00872862823363661,0.0782488510195877,0.0119401780374742,-0.205607209478924,-0.0649593461444237,0.11194846222355,0.00592956520446423,-0.0608549039578869,0.658987379427891,-0.0464518923876618,0.0462586627892924,-0.0799857777187525,0.062546334348402,1.16433761115095,0.0280381667438777,-0.0136483343663924
"Spleen_5",-0.0809106621049819,-0.100453783192027,-0.0737528650297852,-0.0137949742788447,-0.134896116437086,-0.153402017100191,-0.133220229041947,-0.0115087732691209,-0.0761590346237837,-0.11717550514869,-0.0871884793810357,0.538710434015643,-0.377415480699761,-0.0362178127480606,-0.119126111299774,-0.0115087732691209,0.053359331560432,-0.0144315551372839,-0.0568163501455883,0.0682270214753676,-0.212880455395686,0.0158865562242402,-0.154036858513789,-0.00403076160928245,-0.0336324796784179,-0.0565939124453343,-0.0882929433896945,-0.0705522141421435,0.00970312063048532,-0.0595161309241883,0.527799274580656,0.00544153301130575,-0.0671831056720442,-0.0828232455942765,-0.0397284895950261,0.522411429471598,-0.114681263203863,0.109945858766273,-0.12128399914905,0.0755471531084801,0.538710434015643,-0.0990882509433305,0.0995417444058963,-0.149228491699335,-0.0350575239539719,0.628074857743277,-0.0275831522463101,-0.0268814244256043
"Spleen_6",-0.0986168394797487,-0.160377123731519,-0.0771636604813843,-0.0668685316357411,-0.141267196743311,-0.197301654369435,-0.0743149895204022,-0.0343634923991124,0.0610257530137999,-0.144322770287476,-0.0459840030706744,-0.0377095704412574,-0.235138245932281,-0.0691597694334619,-0.0381957446217917,-0.0343634923991124,-0.105675882171211,-0.0842795023888946,-0.0422726912344555,-0.0222482359118321,-0.172189887796622,0.525301312362038,-0.12370296170998,0.0588131328207958,-0.0926756179842894,-0.163914267360968,-0.156012351084948,-0.241159256928271,-0.0250397307130854,-0.0419154948800276,0.132952279892658,0.0227803480024859,-0.0134348591977463,-0.0191585086334162,-0.0206555159043373,0.347566443495455,-0.0893871008399534,0.0283628159783019,-0.050306824460592,-0.0329178790447819,-0.0377095704412574,-0.0823351826794175,0.0124202379543636,-0.117138606955936,-0.0099077903857366,-0.148768880050608,-0.061436081106156,-0.0365307826323434
"Spleen_7",-0.115341729338392,-0.170635455340334,-0.0708703360647316,-0.0627336326777858,-0.13103399647206,-0.190863266928355,-0.073288428498677,-0.0120737255146551,0.10538327339129,-0.140715491663829,-0.072141087421139,-0.0889658212014813,-0.105681091047949,-0.0400338352653205,-0.0889920874231859,-0.0120737255146551,-0.148167673138848,-0.131107562273257,-0.0373249153492401,-0.0657295982466048,-0.221779638560987,0.503020508364111,-0.141931425326057,0.0194781362008479,-0.110183900742703,-0.126676658750103,-0.162741925748729,-0.255173477002084,-0.0222100558580841,-0.024409505417206,0.0367760472860144,0.0520483198409494,-0.0449285356707801,-0.0657618202176746,-0.0125481507742589,0.316873451935926,-0.114478684327372,0.0552515653805578,-0.026027247130169,0.0251605028475727,-0.0889658212014813,-0.0860949844314964,0.0348376231186147,-0.0991969425237234,-0.00936096186787419,0.442846425330628,-0.0597498663931137,-0.0138166409451253
"Spleen_8",-0.0806774948770425,0.140066000565558,-0.0721027986685279,-0.0438476709565255,-0.123511227118167,0.267659856941749,-0.0852984134791999,-0.106012999149914,0.366837530360503,-0.103765475001537,-0.00940643845947874,-0.215899219604153,-0.248107126848848,0.133004852806571,-0.126379334288814,-0.106012999149914,-0.0727142611470235,-0.0795437018678295,0.0719130935747706,0.0883634158827806,-0.230571144806756,0.266865963462165,1.00019304326843,0.123613678526419,0.287234754656724,0.177832212795474,0.330335910780496,0.698334970306477,0.0791636737017659,0.0889964551705893,-0.0180522818391948,0.105234419982793,0.185083619673171,-0.149372629223935,-0.0665203630260348,-0.0857505682583509,-0.111692660016527,0.110354135096365,0.315571572030374,0.682831668006099,-0.215899219604153,0.377543333288638,0.214487717146648,-0.0412603265866831,0.453403192132556,2.77838656784881,0.351625891618176,0.270634816839819
"Spleen_9",-0.0388858008728529,-0.12367353651972,-0.199658612515524,0.248193305487594,-0.137814718531198,0.433846684281999,-0.0462074863617928,-0.061478006868876,0.122356466234412,-0.0399371378275768,0.269769668476044,0.335091074124111,-0.311254214672451,-0.240411513345109,-0.104157262395264,-0.061478006868876,0.321620648693334,0.304658358977697,-0.0630978356074802,0.299595441066283,-0.222658969100969,0.36131688414627,-0.0849302967585966,-0.184017488541438,-0.125005490142832,0.209477249330389,0.0391472436240033,-0.299319267799858,0.0495723087180089,-0.0310962181281541,1.1238934418179,0.0255967855034454,0.0919028623675738,0.0703155384637863,0.417664918983515,-0.165948952821479,-0.121935853035634,0.104659246210359,-0.0838273808257372,0.175880929021102,0.335091074124111,-0.123129785239998,0.055469809604484,-0.0299702500383878,0.110305851629375,1.22888162077311,0.0588745463506208,0.00342636785445416
"Sublingual_0",0.106672284648193,0.417249702934173,-0.00557643450329702,0.0947822182027079,0.308170136219703,-0.135587874470384,-0.0185548323248216,0.20459378359516,0.019323638933897,0.461648626007923,0.394591134464762,0.117530793781603,0.807496379128244,0.0836917970327467,0.523764584368787,0.20459378359516,0.413114108596351,0.391824917115734,0.00355395025211191,0.241636366097617,0.0384100485675173,0.0860941695351341,-0.136634189529265,-0.121713644388922,-0.102435205853252,0.148298107152944,0.0295641067860498,0.255849139432333,0.125926472745431,0.112761951040211,0.198466212716564,0.0286459819531803,0.0642111258957728,0.376464684363995,0.0534013021267398,-0.053860655350321,0.456123589914893,-0.145135590501817,0.0640327762712012,-0.0789327540123342,0.117530793781603,-0.135249182118784,-0.0097942427348622,0.000575246249970951,-0.155972699942557,-0.200049158735465,0.0334174426792502,0.109085642869523
"Sublingual_1",0.0204654509104887,0.0262343708846215,0.00732460054633302,0.00400381307124974,0.13377141992402,-0.165147460954902,0.0281320048547448,0.475513172966476,0.134971858409447,0.224694756774934,0.167586694582909,0.0804766170357745,0.729520978311961,0.0280058196101962,0.259211339096352,0.475513172966476,0.179517138684036,0.194371628602693,-0.000534151831952744,0.0220915527811911,0.124239696588898,-0.0636924092408688,-0.159509945859017,-0.108017166787725,-0.0615664630628395,0.221099378580954,0.0126178078991858,-0.145613154943218,0.0294536514708058,0.0127126106251561,-0.108266623486475,0.125947982808941,0.00519452340435858,0.204948281074192,0.00469026584338226,0.0118386441237526,0.0999454804141606,0.0164659137563131,0.115039438731098,-0.057020671160862,0.0804766170357745,-0.110682679679052,0.00657571088565889,-0.0325230664504671,-0.10340565200335,-0.395498208040869,-0.0156213043088922,-0.0172660264282679
"Sublingual_10",-0.0173098877124439,-0.073345390466267,-0.19479550302666,-0.048347266859454,0.198704684328539,-0.0757459837245442,0.0996092988875777,0.953066057721114,-0.126484621810093,-0.0048361562385348,0.174430344452032,0.11718237898001,-0.276439185034737,-0.104358719578374,0.0602359990919842,0.953066057721114,0.128201396496449,0.132526929527573,-0.0041093760976672,0.287191245413765,0.0403910583243013,-0.06827516450527,0.146120837074626,0.147282469629276,-0.0676925987042261,-0.105583661920056,-0.0788863300691631,1.25297477516046,0.0641263210359383,0.0704621517043224,-0.0653193535763226,-0.00533260998608012,-0.0971135307636601,0.0162606781112997,-0.00785872396567855,-0.127536001930318,-0.0657566929674042,-0.057716910781827,-0.0441101110338706,-0.0810387596183932,0.11718237898001,-0.12394604087887,0.184331169640434,0.0883242860382521,-0.0847593558167624,-0.170198384066965,-0.0621744680550961,-0.0550310418563277
"Sublingual_11",0.0238307428469708,-0.0520892475480366,0.0412354884436364,0.0216883564952014,0.0928799580924747,-0.164437831664022,0.00661919008454636,0.440298696057387,-0.250817943116081,0.237679846873662,0.145796859088126,-0.00100375170650173,0.904149232996672,-0.0141206341442431,0.0822858352909828,0.440298696057387,0.15071040843323,0.145380978106476,0.00456800979480243,0.100533557600236,-0.0729847440859039,-0.184783412482106,-0.161218379072423,0.0329224393115103,-0.0563097170251824,-0.0785916512714885,-0.0721249725960336,-0.189529748151391,0.0151339006984757,0.0271149052834103,0.094898375124853,-0.0358978539277189,-0.0340949380772323,0.0845626939032135,-0.0143848559082411,-0.173044986677864,0.0913281444307583,-0.100188345527604,0.0330564212300866,-0.107400789851045,-0.00100375170650175,-0.127752872265984,-0.0309321433855278,-0.024999565665691,-0.131305508476653,-0.325726031044475,-0.0123791964220763,0.0284131968062711
"Sublingual_12",0.0916349916658644,0.0245581289451914,-0.126740872150369,-0.100439083055217,0.0422677514020033,-0.118404862747084,-0.139108943605667,2.83342209162701,0.816454063527443,0.263645197506953,0.252526016933288,0.562115847530341,0.286317293032238,0.090884109371871,0.239112368311998,2.83342209162701,0.371922603737733,0.357700189561954,0.156094797399122,0.104400721615204,0.100575982842785,0.128509568827477,-0.199615031701643,0.423055943773098,0.0606241724797894,0.32043452700574,0.086345016330687,-0.0445955708610293,0.162275411086375,0.0473291357088486,0.0704899969270646,0.094512843744719,0.220541384278629,0.0723528934545182,0.0327171300236825,-0.039166278111674,-0.0208296205375943,0.105780018952423,0.129406650535557,0.105887356497885,0.562115847530341,0.318977914013944,0.0264905909549494,0.038405044162695,0.332463403805586,0.150251177160097,0.194382025026003,0.232412527512502
"Sublingual_13",-0.0403406732120178,-0.0668971272932864,-0.03328140351502,-0.0709119164096326,-0.0765042836351782,-0.221020676127879,-0.0317704268647474,0.67882362708711,-0.0822947607733968,-0.043402782893314,0.00463154588868036,-0.0131782662010652,-0.0516720002026252,-0.0334812651014222,-0.00943899686519676,0.67882362708711,-0.0202722912654455,-0.00568839591536223,-0.0624929700415033,-0.0459796565877537,-0.171667950884007,0.119523430951324,-0.0943872815305851,-0.0886482398629535,-0.104006137562919,-0.0900127868079818,-0.0846621670737253,-0.194391062291319,-0.0130843448252992,-0.0351257792370463,0.00386327511271116,0.0211148691703731,0.0111253310376098,0.0248008209641135,0.00762653732002558,0.160554563902146,-0.0923223249116974,0.0272958733367842,-0.00697324801487841,0.0406691733196864,-0.0131782662010652,-0.0780041241612504,0.0236507539930369,-0.0655478106607286,-0.0424954585474314,-0.0131744782018557,-0.0207865452634209,-0.00729641955422316
"Sublingual_14",0.0196256200555204,-0.0271495204025451,-0.0341794479476262,-0.0147944065192013,0.0561575773910772,-0.108003403865408,0.0307276184195098,1.04819056414673,0.0206391732095259,0.187266720052142,0.195099472072263,0.080456585317214,0.331605508863385,0.0724526227307419,0.0510131990907997,1.04819056414673,0.224976619495942,0.219168334085365,0.0299622951874093,0.145260902426679,-0.0177090905185205,-0.011276394641731,-0.108926585595788,-0.102584754846785,-0.0399563506718101,0.119399827570876,0.0402379243433644,-0.0887824039110867,0.0469443920763668,0.0204456705368823,-0.00686043490637234,0.0133281845616964,0.120439518600377,0.0688944768988438,-0.0150149061912986,-0.130577204398324,-0.0310103184025025,0.0274982498583906,0.0558341383726152,0.146779585453011,0.0804565853172139,0.0432789542077608,0.0222208764552441,-0.0374006976465654,0.0799753892107044,0.333493057496422,0.119550140666591,0.0669023558772405
"Sublingual_15",0.0106049414929611,-0.0550871740335233,0.0195368089645842,-0.0321570049637705,0.0520180115701692,-0.102756916893642,0.169727824539808,21.7870397393196,-0.281898885838173,0.983773132929049,0.0756727316761506,-0.152129659316646,-0.145172922139029,0.107171237995724,0.00894743268445069,21.7870397393196,0.0113475821030249,-0.00350899871929275,-0.0987073013924572,0.0612208011900667,-0.162662028576286,-0.143372332450271,0.0395331908184123,-0.207558922704978,-0.138013170114889,-0.280292175684589,-0.078239475236866,0.254748991069493,-0.0860262709645396,-0.0486712899674581,-0.125110657526535,-0.0763543994462602,-0.046267839756331,-0.0335024058021513,0.0460637475373932,-0.183690617606298,0.0105398395324009,-0.0410384428113404,-0.122701713902337,-0.117964574671301,-0.152129659316646,-0.133733719743122,-0.0624139668786439,-0.0169561226010266,-0.00921747057625001,-0.0730769459530818,-0.0049605674824843,-0.036859007451893
"Sublingual_16",0.0522880307956906,0.021023197484178,0.0148392737880028,0.000774244713825325,0.191268899214405,0.0215172402308698,0.0622652473894523,0.972176631283081,-0.0221555400523022,0.103152003987084,0.182240907509757,-0.128872682776595,0.333334708989755,0.175611899704637,0.124560127238575,0.972176631283081,0.0419849146184803,0.0886837971154493,0.00881008264795338,0.181204144085352,0.140876429306778,-0.122361283609968,-0.0268806356338737,-0.00628968965010536,0.0141274546332967,-0.0186169432055594,0.0292560641915264,0.254227718328696,0.013244757462095,0.061982105823523,-0.0569543514248129,-0.0255514640633829,0.0124646899402411,0.241027714567094,0.0177076279893455,-0.135577618185099,0.225074369922269,-0.0347069778335614,0.0229723315573697,-0.0541562013946852,-0.128872682776595,-0.00140826745624754,0.0285085574107543,0.155725200570864,0.0101373259591954,-0.123108647457454,0.00410630699066705,-0.018384564288247
"Sublingual_17",-0.0263370449841673,0.0100375134475385,-0.0136330436043801,-0.0374193002588468,0.0368963787567706,-0.107861204475726,0.123964575617442,19.1229585351165,-0.273918408499216,0.868533864749112,0.00739277909557576,-0.202553524508974,-0.131411506429034,0.0498244691256392,-0.0142729080403086,19.1229585351165,-0.0138002342186805,-0.0111012934944855,-0.127249370436891,-0.0310398279866202,-0.104996903440434,-0.062448099760566,0.00287851104677082,-0.106837031657094,-0.0734502946933095,-0.17385316910896,-0.0401148728910417,0.222930701549928,-0.014901931390378,-0.0925064415659417,-0.104134616275315,-0.0707899786826896,-0.0239376797882816,0.0623171200226496,0.11186636532027,-0.162547412310617,0.108233197874026,-0.0382517600416724,-0.127580811392559,-0.145323569556911,-0.202553524508974,-0.1029012307784,-0.0715765406369322,0.0757670623503285,0.0149814448076971,-0.0740578205309864,-0.0142766856238007,-0.049050625774486
"Sublingual_18",0.088730978530931,-0.0701373702865837,-0.0328207938967399,0.027572082420276,-0.0086493425496567,-0.182490246078589,0.13302929434851,1.05677340122318,-0.0763729930023263,0.126426355198423,0.317860994643667,0.428687062242166,-0.0722105554201442,0.144582426472466,-0.0542372479049394,1.05677340122318,0.310313728163213,0.29141195268814,-0.0423042535018096,0.035187096611928,-0.0696244516839648,0.0508999602348711,-0.0412068370581422,-0.175232987884108,-0.0526593287247081,-0.123886828266759,-0.0703309997170733,-0.284322132271841,-0.00215607879388204,-0.0230154129814352,-0.152486898545006,-0.0871903535592961,-0.00228505227341545,0.0512289353920076,0.11138811212772,-0.22017244708707,-0.00889692216683799,0.0180196038439348,-0.0184527731442074,-0.0626637299556656,0.428687062242166,-0.0563503154861439,-0.00543040901037961,-0.0996540271958199,-0.0207613398830269,0.50865870446508,0.00801972986453314,-0.0526440656546175
"Sublingual_19",0.0842061546500402,-0.0132697572809589,0.0110759300042274,-0.0234308349654746,-0.038342197439286,0.0484984408703929,0.131291571216992,0.0151413342176218,-0.140785494116151,-0.0137636582171586,-0.327788046230655,0.478282025235208,-0.101817720454775,0.671126002051815,0.172219230015071,0.0151413342176218,-0.2342099983892,-0.212272134176607,-0.118553271111925,-0.0997846211140862,-0.00814503371135454,-0.157745512491349,-0.0297995789632956,-0.0935582859937156,-0.0719965444313356,-0.0485863845947765,-0.0523669131809459,-0.0677361318264501,-0.0295231996386743,-0.0265951039530628,-0.227679493983492,-0.0375787366801611,0.318492718273745,0.116269512383328,0.0440893853716054,-0.154008001395124,0.360520372041168,0.132608183580663,0.193794139251568,0.152075034373255,0.478282025235208,0.293049551795735,0.0424321455659506,-0.181441870854765,0.243844339435548,0.524706135687373,0.177703879068668,0.0473808722303547
"Sublingual_2",0.0660971288250447,0.319781173742077,0.293432624504495,0.0328429309566173,0.296401282651987,-0.156252413884517,-0.0147181012661853,0.445420401774929,-0.109321748874172,0.378268073857151,0.201264782926343,-0.00547748314148013,0.426599915831147,0.0616546280135031,0.407054784307214,0.445420401774929,0.184890305183204,0.144714628947513,-0.0511975706963944,0.161985721587733,0.195675209257621,-3.37146356225943e-05,0.0111757595719593,-0.035451941771745,-0.0985414610051373,0.339424928645825,0.0800795806829755,0.250977416593911,0.070041941397275,0.119912540093748,0.0361127406846784,0.0187656903400446,0.0126356801768397,0.214940661142379,0.00201610801460808,-0.000336037970156439,0.302844049550684,-0.115932092273518,0.0912840873145705,-0.08614961272616,-0.00547748314148015,-0.116929485917727,-0.0371872487583105,-0.0342803421440659,-0.126175062860253,-0.180519837802052,0.0209850465594854,0.0660886543551773
"Sublingual_3",-0.0472428702048572,-0.0224042748569194,-0.0473115819301057,0.0347206634226172,-0.0474235931188001,-0.0939058410029262,0.0153909939398566,0.510701473005558,-0.00368261418621669,0.074371502318977,0.0418655387223477,-0.0802105676719261,0.156233716037945,-0.00636250650717439,0.0693573738850279,0.510701473005558,0.0663158058379586,0.0571868770103657,0.00742143387677275,-0.0390041982479622,0.136288683921088,-0.0885771727210422,-0.150646970355082,-0.0121622008958215,-0.0492241540459562,0.23654174245887,0.137601311607402,-0.2457832303442,-0.00815550229613835,0.00570598032844517,-0.0428515591575967,0.0435782121747728,-0.0768944964466748,0.0513199201835757,0.0126707508040034,0.00789405358077397,-0.0456350995862998,-0.0050430065418767,0.0354088336018021,-0.0915843137744654,-0.0802105676719262,-0.121032404637765,0.00929853953610472,-0.0792264925552423,-0.0718445743032219,-0.499193784697142,-0.0365292373481649,-0.0661642057682661
"Sublingual_4",0.000525480928835589,0.057713140889799,0.07090370828017,0.0173274063382693,0.106838825524246,-0.136308100922118,0.110272895267475,5.93602523925952,-0.189779355614208,0.400923849667569,0.0663283764066971,-0.123731465013499,0.378693613891983,0.0533701985011621,0.0754256169592167,5.93602523925952,0.0567601190132747,0.0529462692198139,-0.0788123466466471,0.0518389809729592,-0.0396971284459986,-0.072894264795228,-0.0338116948857134,-0.159435912127535,-0.118258688379394,-0.0450314051398512,-0.0249998187848253,0.0891864824064407,-0.0136778760382011,-0.00893885305211679,-0.106495094047205,-0.0204255739097309,-0.00498302157642021,0.140525705095964,0.0534017122677998,-0.129204902287034,0.14940197611648,-0.0397976560444067,-0.0117000110063219,-0.0905126315796352,-0.123731465013499,-0.107784546732065,-0.0481216657953271,-0.0319853319302194,-0.0403779395930612,-0.143866148390147,0.00759953078399944,-0.0174461614071687
"Sublingual_5",0.131675808705596,0.306718700183094,0.987497842778866,-0.0654812422186871,0.0343876617304408,-0.21411439379474,0.00581124539432884,0.642485156120274,-0.21191364243933,0.141236923292102,0.206784649411192,0.0756456612266695,0.295409720744298,-0.0566971089155316,0.0190929156511817,0.642485156120274,0.14237384350639,0.144732298519307,-0.0363285671180664,0.299949963156724,0.235748935527756,-0.00940325937788616,-0.0515686514748174,-0.0398444304513672,-0.10795916880785,0.183705718675752,0.124381687931482,0.502592346571543,0.0545792635830076,0.00634951471386184,0.0698013468920844,0.123222033522395,-0.0999981600619658,0.105202076247368,-0.0199693922517725,-0.0583086767422747,-0.0500929562950906,-0.0295015295152837,0.110372787465429,-0.157212226011021,0.0756456612266695,-0.16280104661384,-0.0307175335681241,0.0915572421888734,-0.0897610944017579,-0.175906038909453,-0.077641303755493,-0.0495178763677991
"Sublingual_6",-0.0977481125292215,0.258268478493349,-0.00325598642903417,0.128168295924432,0.234418834530633,-0.172391828231852,0.0531854568318099,0.0609611643116698,-0.178879564569014,0.147623203091346,-0.0871641218282746,-0.0897480274144326,-0.0317370446940632,-0.00106463496452498,-0.0493941365416033,0.0609611643116698,-0.075456090898946,-0.129496845469051,-0.095278966385189,0.0181768439973018,-0.106458100597078,-0.0260734675152542,-0.0863738096190088,0.0411305642581577,0.253265416727056,0.197961427815535,0.0592607068066161,-0.165417242390338,-0.0166101904940574,0.0745987631952013,-0.0805564289699867,0.0735080132786099,0.0395352590871429,-0.0675377457734872,-0.0050553734841137,-0.0354217170541758,-0.0361045909722681,0.0177889550642399,0.0952339655253185,0.118092683409407,-0.0897480274144326,-0.0755849312553578,-0.0393618067870361,-0.171684014940414,0.268447846828303,0.979035563629541,-0.0114639119013523,0.000417104129798282
"Sublingual_7",0.0249229174510741,0.0843329426683945,0.0715168273175175,0.0671949312401957,0.131513777708375,-0.134935230132672,0.105339689358357,0.410228355104724,-0.220443739716567,0.205393779108069,0.102498385363811,-0.0584911850667748,0.500175959838976,0.14148803392271,0.149757016601837,0.410228355104724,0.116006437300879,0.118044790609519,-0.0769291027415634,0.025636429253621,0.0027390700167473,-0.100696938202898,-0.0476626631037348,-0.19584535784129,-0.130072391545669,0.0449837335711989,-0.0222392568761287,-0.00213898695264427,-0.00991046598867167,-0.0088175265936045,-0.112834835118011,0.01941753007678,0.0144560491358987,0.20534789848329,0.0254775403159124,-0.127532549149319,0.194392980053457,-0.0574058829045972,0.0384951463094809,-0.0744433141810297,-0.0584911850667748,-0.108621294019059,-0.0251240801176081,-0.0592188635604324,-0.0595087699027641,-0.198330338474678,0.02990277507389,-0.0229812177074838
"Sublingual_8",-0.0628871231426177,-0.025412440827581,-0.0506225966350856,-0.0219238899229098,-0.0609594329662144,-0.15102539386819,-0.000705858672854347,0.600354474781221,0.0240795282699797,0.0527230388142745,0.00221666241341676,-0.26076372864205,-0.00216238618809565,0.0123231409509895,0.0879344493583696,0.600354474781221,-0.00157677248798956,-0.0203330434783324,0.0423513094307553,-0.0780858298543111,0.0200514720009041,-0.0998226051406131,-0.105421441203136,-0.135073495614472,-0.0619608930915809,0.48590787324173,0.162453739059655,-0.247470395464743,-0.0406894213441916,-0.000259740197927511,-0.0538869359263402,-0.00312871598426498,-0.0482783729974986,0.00309767012391557,0.0977931398562194,-0.0811444041806207,-0.0967955602415508,-0.0378969952435943,0.114249184461478,-0.0649184237307219,-0.26076372864205,-0.130744187756978,0.0748831389942029,-0.0215405710542976,-0.0440787303551045,-0.477770441557875,-0.0447273252487699,-0.00571266404655365
"Sublingual_9",0.0273470933076702,0.343733712227538,0.632748710211567,-0.0220792054316885,0.288751574578813,-0.17949378887326,-0.0023645790986844,0.832827108812188,-0.182048503193175,0.295697883934859,0.0668921224432402,-0.0114750007317069,0.173077602371001,-0.0382325832421034,0.393403035853913,0.832827108812188,0.0855398264165451,0.0279342979373575,-0.0505889674392853,0.103801373260676,0.0566105678108951,-0.12796183806408,0.250792344141347,-0.00942467086131079,-0.0769955989047029,0.339484553155343,0.0843263209092319,0.813899818605997,0.0268509473797863,0.131290489326846,-0.0399806662535874,-0.0375962724084476,-0.0342221347990594,0.0547847040221453,-0.00789177504268249,-0.0686732581419838,0.127231041181541,-0.0908209381693446,0.063515156344497,-0.107440411459943,-0.011475000731707,-0.112166056141075,-0.0420322227169081,-0.0593427629181238,-0.120773404566818,-0.197171000858552,-0.0280987495359959,0.0884746266964974
"Testis_0",-0.0912626134975036,-0.131528720169691,-0.0444369521379743,0.177696952762728,-0.00099019858501263,-0.193756471145461,0.020057091091746,0.0173473166605607,-0.242480144279119,-0.0369240144356313,0.00369506551099456,0.189364582832608,0.292601642884171,-0.0476287520924263,-0.111597446634057,0.0173473166605607,-0.0556993148539369,-0.0180173516303327,-0.0764621043756594,0.0336967282236464,-0.148081759815362,-0.0285577018127755,-0.0937923827492582,-0.140855736085469,-0.165011789522952,-0.162649394351658,-0.135574934780347,-0.33767843969892,-0.0576566854675017,-0.0195241941255835,0.117609927795555,-0.0106828745128593,-0.079223296260713,0.0158135337249436,0.0142116992420953,-0.0602055672924237,-0.0233620004430344,-0.0382572959217312,-0.0484378881381116,-0.00173572834675773,0.189364582832608,-0.198205881981657,-0.0110205834244906,-0.0907770538956014,-0.0520278097122883,-0.00775549039926999,-0.0495087819053863,-0.0866594010891752
"Testis_1",-0.245897658140327,-0.385074045042879,-0.181298229867896,0.192805690184759,-0.0447548164414699,-0.256274726591872,0.0393460017538146,-0.228510812933934,0.345489213490084,-0.128309786911512,-0.481583839447793,0.463949381302384,0.903635865518375,-0.280374673883788,-0.332144609476162,-0.228510812933934,-0.424691817135906,-0.305951633014917,0.142597701521707,0.333308830155349,-0.215747835080846,0.111429882579926,-0.281942139589018,-0.159899752172091,-0.0796123955331018,-0.220640130693701,-0.202446285573786,-0.567889959642363,-0.156531647143589,-0.213458932970789,0.452251877921091,-0.213966371108536,-0.305449250603645,0.389396943405366,0.707793438279422,-0.340282937361848,0.589358008941637,-0.288076776425131,-0.256758706516382,-0.297467117240944,0.463949381302384,-0.159813017205352,-0.24651794670108,-0.19414718900213,-0.100134472785503,-0.163731608362847,-0.248115096298255,-0.291387712675752
"Testis_10",-0.905152767596173,-0.934072643147013,-0.331118975594659,6.32160156659165,-0.331734333201895,-0.589063891606658,-0.727430725883977,-1.11920799600102,-1.0520592648613,-0.379849654803014,-1.20513055534487,0.716622413795657,0.515662375637426,-0.878022168503573,-0.938615170863813,-1.11920799600102,-0.853927563390397,-0.765628414521218,0.706031868130969,-1.15729161435037,-0.158636447155457,-0.231871020561116,-0.958324487217379,-0.398772135161982,-0.324469385374783,-0.589758662499914,-0.0829605168989508,-1.15133414584489,-0.47433877330743,-0.309188323623369,-0.919921420179616,-0.571917406836566,-0.761365120585431,0.43848644938353,4.05547054783785,-1.01120166734725,0.146673599619941,-0.676642977394358,-0.675240591169047,-0.488313471246291,0.716622413795656,-1.11933579481117,-0.403282258824217,-1.12751942266711,-0.385667088594688,-0.376661336086856,-0.58067891582867,-0.749743231835933
"Testis_11",-0.16037044333596,-0.240644988415881,-0.0932118720372476,0.386158017932846,-0.218090743769157,0.0641473616095959,0.184212043014888,0.0818101235227733,0.0221028509225161,-0.110587657242556,0.051160040011572,-0.158661050751636,-0.240041814044283,-0.444226454907033,0.108742904006885,0.0818101235227733,-0.06246060897664,-0.131938270502255,-0.151250769121146,0.70140344349219,-0.157342931908096,-0.0490004386216842,0.00742847026629212,-0.273323474230243,-0.187109310401856,-0.192156937881665,0.0456247395721586,-0.758673075490504,-0.000556396998609515,0.112634875740512,0.751912663553275,-0.143100388331456,-0.0194798334699063,0.903290701102404,-0.0143991993906607,-0.306573012723843,-0.00232296233219341,-0.163392796423214,-0.310369582682063,-0.192626853654759,-0.158661050751635,-0.261077462270566,-0.126314202374041,-0.358907919277493,-0.146081249597579,-0.177625040912125,-0.12080276754198,-0.297945871345647
"Testis_12",-0.34525584798392,-0.79919455861159,-0.51539985129442,0.818390807333802,-0.0802813013519778,-0.44900124953578,-0.120937524916003,-0.901465816790419,0.899092153039014,-0.256057177022162,-0.622681811733679,1.55063135089506,1.28871769660059,-0.520121028113338,-0.558357059869006,-0.901465816790418,-0.48166323943453,-0.218217868613697,0.297439273026174,0.646910195311031,-0.499884966702651,0.318770413339651,-0.646530393020532,-0.0796536609012852,-0.00198316395607694,-0.289271384456055,-0.369537944703542,-0.820872449437935,-0.195165058835796,-0.291510548451095,1.81024500808546,-0.346064711215402,-0.572112474567062,0.436995109448614,0.729756692828772,-0.579127762180224,0.61323619360579,-0.602340070139934,-0.435064848065886,-0.538266927417236,1.55063135089506,-0.336913114414455,-0.445758865222516,-0.251075675749687,-0.205478096847421,-0.255661976808451,-0.526349704459164,-0.541781967044804
"Testis_13",-0.171365640370787,-0.313611043469418,-0.178256901363964,-0.404655484253452,-0.357301280875908,-0.0465142218746358,0.0963611533453743,0.097025768109155,-0.46565687342497,-0.145097905242961,0.173467125948947,-0.916380205793382,-0.128150947341272,-0.830119916422117,0.173030628197933,0.097025768109155,0.149075594899909,-0.0289213864369094,-0.147182068073234,0.664888091013344,-0.176680766981206,0.343866225321145,-0.180739078386308,-0.33970951400129,-0.18108395783853,-0.125717249110163,0.148644267889725,-1.07943693778566,0.0308025127471401,-0.136675122768634,0.789024116662972,-0.236773278827902,0.0322837383175006,1.49277889923657,-0.525799914576604,-0.365023904937081,0.00038550024567345,-0.261263865498464,-0.529573601017673,-0.417781287121317,-0.916380205793382,-0.303728548576804,-0.115699427012293,-0.4116871744046,-0.202496726977546,-0.196907394887037,-0.165712608279911,-0.339549799328055
"Testis_14",-0.075389439373784,0.0427809891296028,-0.0635075777401947,0.351320810075737,0.0152475985654565,-0.230985328334893,0.0182162559222125,0.010162025502082,-0.135228000964132,0.0139852128404383,0.078093476931759,-0.0239185410181391,0.293678335839911,-0.0794317519024093,-0.119256481359228,0.010162025502082,0.0885697982544228,0.0949601265926978,-0.079125770589027,0.00193436616934466,-0.152926633343768,-0.0196401758034036,-0.0768734185159353,-0.197820837592445,-0.143028386079748,-0.157256139362078,-0.0636891369278682,-0.384739220525791,-0.0486271582352357,-0.00685715283722022,0.270031620408369,-0.0116072505165115,0.111983295326526,0.0293750678866951,0.160711748307713,-0.208518993772015,0.00220004995555742,0.0762023090787629,-0.000996870574284148,0.203828834148842,-0.0239185410181391,-0.135752494939843,0.00948641733593861,0.0322950709117391,-0.00281999647458291,0.621992333658152,0.0776600737360412,-0.00322972372545445
"Testis_15",-0.0437286157083003,-0.0701946643005515,-0.0596259148515283,0.128644457411563,0.194429537234943,-0.227057487359289,0.0658216809715455,0.0285106131450512,-0.652498636005281,0.00611026670450225,0.0444339156698931,-0.0388036098911942,-0.126102347069956,-0.11250356888964,0.0581220832961625,0.0285106131450512,-0.0367501160818536,-0.0566431924304633,-0.119582367527735,0.214504863356831,-0.12567354177793,-0.110839998474628,-0.0436668119963489,-0.0530079928493042,-0.110078992765107,-0.00806606889030187,-0.152309459265157,0.64393287427192,0.00463931504804017,0.0700137156446162,0.320517251988068,0.0492938201967663,-0.0811006884029729,-0.00486567910653128,-0.0141077700541524,0.0454866564550844,0.0356225617569162,-0.107167900632047,-0.0790507894758103,-0.00336579195028516,-0.0388036098911942,-0.127418498192969,-0.00488592048637846,0.0503399664806268,-0.110042089147537,-0.16609237249064,-0.073891375658215,-0.090284708429353
"Testis_16",-0.408494460187875,-0.29982365924492,-0.326986480012393,1.57520544379171,-0.177790685671268,-0.25699260138886,-0.0415054237690745,0.0296190130717845,-0.170628876519952,-0.286368026728709,-0.688824322066799,-0.263134024645724,-0.356110272322482,-0.404844818990282,-0.415875803263511,0.0296190130717844,-0.576481003493802,-0.647714024465225,0.0275717506305218,-0.335976398973122,0.0465403602964869,-0.189413713062595,-0.187225686841247,-0.247887652350304,-0.112805718071503,-0.304104791681087,-0.0891628919721608,-0.607093150075019,-0.235957360197933,-0.236771437505546,-0.423511115394679,-0.273865052443378,-0.320051054160475,0.0482685485508933,-0.23110068828188,-0.283276353636692,0.39920833367098,-0.166716595430117,-0.289827821397824,-0.27362343248771,-0.263134024645724,-0.333039972012985,-0.264473088590959,-0.416185939524324,-0.0494526887544119,-0.173264925672749,-0.031974063978521,-0.237233521509974
"Testis_17",0.00169815351975307,-0.173031097322088,-0.182526289208847,0.257562253319998,0.00757392404275523,-0.074042008150535,-0.087656915440814,-0.0351397826320722,0.00755313230234999,0.0414433503851836,0.3500777902099,0.426649535121635,0.331965300153762,-0.208270912512183,-0.0722304676467876,-0.0351397826320722,0.355237363029063,0.377981784074285,-0.0180908691749419,0.23077881820311,-0.254282027723877,-0.170219029683634,-0.127326323487148,-0.237267940484047,-0.207864883898445,-0.169004216821038,-0.152131195987629,-0.304900126646866,-0.0139129743456597,-0.034711814187579,0.677123108213201,0.0467755408673976,-0.089749605448109,0.143597345845522,0.306738506360433,-0.163147353776536,-0.0912654747019411,-0.102631067383609,-0.0783260138846999,0.0464364087935623,0.426649535121635,-0.259492053638048,0.0565647038626087,-0.0685965607125992,-0.109408121707557,-0.0512840614971707,-0.110820318551243,-0.093665511271351
"Testis_18",-0.0159899333384123,-0.164152304035554,-0.0750791059117814,0.147178514527146,0.121996717591728,-0.0118895327134478,0.0106902779057558,0.0273615255591635,-0.0410152090242708,0.107192557781913,0.0151533832235859,0.390310644580999,0.820562483359531,0.105941901235934,0.0798609928646984,0.0273615255591634,0.176056488876461,0.098872323410749,0.0736389997614997,-0.134377845265912,0.0546904230202126,-0.0972757030380755,-0.0177825604951705,-0.174540871549415,-0.100200628537773,0.00551772664778413,-0.0663632478809179,0.363460595130722,0.0291341282893582,0.000814791215003504,0.0782246648461405,0.062841936955938,0.360586552555942,0.200546712554912,-0.00968369491432586,-0.044242742378183,0.239238994510059,0.0396896965835415,0.241238869877872,0.345019915704606,0.390310644580999,0.290213378341067,0.0431646910275283,-0.132913338397864,0.141108394301257,0.430913684356647,0.312853896540045,0.176626191468257
"Testis_19",-0.101779995688088,-0.0396228044345435,-0.0490317106906884,0.0717860615805463,0.106666731085058,-0.161952584960147,0.0214830224390745,-0.0185990214124281,-0.143200334002298,0.00550438062756343,-0.0519576785509078,-0.175669166668195,-0.040693996337102,-0.128835855090261,0.0164973315632194,-0.0185990214124281,-0.0363034086243528,-0.0636896701337834,-0.0267431083104491,-0.124337109785135,-0.129168104323802,-0.229874888850103,-0.104107423936354,-0.229407555853561,-0.124322516003792,-0.14007629455789,-0.160824169453746,-0.312400240807185,-0.06730961926329,-0.0302374992281703,0.304627242976272,-0.0226745333662971,-0.0365080032974204,-0.0878107097949092,-0.00972501295640813,-0.190670182670169,-0.057558130036147,-0.134012372688303,0.0398550551282584,0.0261482802600373,-0.175669166668195,-0.0909175767908641,0.0244351931551851,-0.100556755717771,-0.134344691107088,-0.35135986797164,0.0118342163364643,-0.104532800101715
"Testis_2",0.0929797765386854,-0.197684808657276,-0.0106283669391947,0.157242516421002,0.345923010587193,0.169155724753044,0.0715245594348029,0.0249937621517443,-0.148006745937239,0.0787452338949728,0.539601170659479,-0.156684607969003,0.178486397138489,-0.421358292123629,0.1387295342366,0.0249937621517443,0.250512161564191,0.184996161026788,-0.0117643752479256,0.804913225610699,-0.186752985719255,0.0165354755519477,-0.103822740471245,-0.119979550201399,-0.0524575625805096,-0.183733151729437,-0.202615636210155,-0.181023077815961,-0.0693119838964118,-0.110988401964043,0.105465431788696,-0.108606153035054,-0.0335438617617312,0.105378669501618,-0.0227523268338383,-0.153705691059812,0.0518059756925609,-0.0829032600405959,-0.131153731839531,-0.0982378477270145,-0.156684607969003,-0.173142876474876,-0.044694237688452,0.0257166689485221,-0.100801171788581,-0.13636330173584,-0.0569188492023956,-0.0840337101198187
"Testis_20",-0.442387053211452,-0.723242008184383,-0.62903390106519,-0.252949257499961,-0.00358706253683334,-0.223595462132874,0.139543439704932,0.32254068913752,-1.10127245637039,-0.240474672551594,-0.773864464907935,-0.147475311619214,1.49802777201786,-0.207672079416642,-0.679502563245748,0.32254068913752,-0.550784535421709,-0.494443700854079,0.287238585334089,-0.0554624001820636,-0.0814590955881902,-0.321491582298148,-0.691615855272578,-0.452201271322046,-0.376982098863497,-0.262320678208369,1.36190230993014,-0.532158008211254,-0.183442296413618,-0.228663841195593,-0.229335923270984,-0.110006870654435,-0.333396805534101,-0.409551593110487,-0.133165001092744,-0.50365656182424,0.127909438613388,-0.302796762431596,-0.446227160885183,0.0557924674979912,-0.147475311619214,-0.294332820224619,-0.135343872950649,-0.272112203962185,-0.233122785447971,-0.14778903045376,-0.120867202429895,-0.405863773773285
"Testis_21",0.102912477598235,-0.118180899211241,-0.1014526617568,0.0478924619393356,0.227766252900257,0.943917544954329,-0.0132553389369682,-0.0489575719246484,-0.0833926666863877,0.111373883513709,0.547506284519409,0.243840542576495,0.128477405388444,-0.0829096334767146,0.0695444017837326,-0.0489575719246484,0.500458977375523,0.529396036186669,-0.0582677364914155,0.261339417785336,-0.20272362002985,0.331254075684633,-0.152280275040778,0.213177976034324,-0.113855338315639,-0.122426586901483,-0.176662101859798,1.25447888344842,-3.17335898159198e-05,-0.00405376427078671,0.291810689289685,-0.0436810701504018,-0.065146846086562,0.252130821263575,-0.0257960281302888,-0.317395928503364,0.155023584979851,-0.0909562776857607,-0.0469749472701034,-0.0019655937182928,0.243840542576495,-0.202575370816306,-0.00927000146964654,0.155482393982522,-0.0514350346871782,-0.0399171554423745,-0.0281560613344992,-0.0363655828268126
"Testis_3",0.0140318138118914,0.0805479160270832,0.0350563826945065,0.118227499783146,0.148034477830051,-0.212148348381153,0.0614919203891729,-0.0317307708365167,-0.649292373829818,0.0357362843324196,0.0998900425704323,-0.0275583116181598,-0.179503774362358,-0.107220636411747,0.0724633944071396,-0.0317307708365167,0.0788993983859562,0.0307776824233269,-0.102706766647046,0.198498997616225,-0.102678314187462,-0.0642898725769695,-0.018657008300152,-0.182749946009736,-0.0532994554268227,0.0647871974471894,-0.130586130103002,-0.143662901406276,0.0415458463680513,0.00674254532533093,0.167897969609049,0.0393985035599398,-0.0765169396493452,-0.068574968603762,0.120037223396575,-0.1174657733943,-0.00797451684595758,-0.112297070894431,-0.0300560657050875,0.00766713190309734,-0.0275583116181598,-0.128444750372861,-0.031760589447899,-0.0229520840345772,-0.0786852844740417,-0.167493563074407,-0.0599531885329807,-0.0846738040833351
"Testis_4",0.0158975084035536,0.0406036669881951,-0.0682886882137319,0.132849454268111,0.205629770569413,-0.20605443295893,0.0653816577485228,-0.0251294461960328,-0.637420119157118,0.047502705472602,0.175266354741169,0.0371464029431418,-0.0894881683200826,-0.105184455987194,0.0866370230724767,-0.0251294461960328,0.106728193996289,0.0222589712002111,-0.0932805280489245,0.348483385179267,-0.128257776308661,-0.0399319486953907,-0.151530986400658,-0.186248333130589,-0.037302119584875,0.0594916151018051,-0.138452306606192,0.132101466145126,0.0511297508218704,0.0283887649171891,0.264410898144952,0.0706960273206549,-0.0603087976916931,-0.0330477783649672,0.0159851505634049,-0.109882338630299,0.00217901859027498,-0.0896431551331307,-0.0137418115336115,0.0756266873700779,0.0371464029431418,-0.095096988188217,-0.0428041805118854,0.0549995393304207,-0.0447284407250428,-0.173923778398483,-0.0368692271821782,-0.0581712670157692
"Testis_5",-0.369692383673957,-0.449781790045399,-0.0995802593350713,2.25220559633237,0.0590375871298848,-0.176034039927397,-0.254653913246038,-0.355666628243735,-0.726229317358213,-0.1579665814066,-0.386905967720647,-0.0341740392641223,0.806840493998693,-0.333529458099121,-0.425788374375796,-0.355666628243735,-0.325358523004329,-0.327702582363892,0.274001631373404,-0.40471457557233,-0.275920516339183,-0.298107210041194,-0.418230117631274,-0.323997457175785,-0.177692117141941,-0.282440124838253,-0.084623246402174,-0.483159232596894,-0.237693687094203,-0.197033482567794,-0.396223707892446,-0.260440987117241,-0.306062933208915,0.13041166894001,0.290133322808856,-0.450955045523828,0.02484276315435,-0.303991400234617,-0.338146669759644,-0.229466358682916,-0.0341740392641224,-0.483996744860297,-0.171018514110617,-0.464815802380511,-0.202529858716596,-0.174426884498979,-0.247845742712729,-0.349991373198972
"Testis_6",-0.550097147399059,-0.603294956631077,-0.158198760048785,0.299612806574617,-0.131435121552596,-0.477165935084274,-0.0701916540568936,-0.493014407645933,-0.159348739758534,-0.179476341348661,-0.715941916628631,0.482578769140392,0.396659064920979,-0.795790741879127,-0.612100457764692,-0.493014407645933,-0.503732763110452,-0.471548711135502,-0.157076939976397,-0.48023144774674,0.0268983578810184,0.0606804894720468,-0.432835565743653,-0.0869672434437453,-0.247451313516868,-0.433400023898737,-0.33443923089695,-1.12498702933203,-0.328072747397622,-0.352151923787714,-0.614808876612967,-0.400479530679801,-0.404595540001332,1.68121734137046,2.52873671426798,-0.600066354752481,0.99358263661423,-0.425235218934338,-0.409314218274975,-0.407288627957055,0.482578769140392,-0.582933967760015,-0.320109831093167,-0.506421779318936,-0.291765146585675,-0.270081253038869,-0.355720055411649,-0.50103360862678
"Testis_7",-0.0383228896636171,-0.0592410807571534,-0.0245802677934041,0.163395601524133,0.145507404962057,-0.198104021167889,0.0322746971556329,-0.0151597035294583,-0.343887224104683,0.0659760877063528,0.0564140024540225,-0.0412869258225748,0.27644131120242,-0.111111949314508,0.242572051523205,-0.0151597035294584,0.058216440460658,0.0499033622023866,0.0214399128039904,0.0575702758083575,-0.159115438679862,-0.251362759982434,-0.119385186708251,-0.119304935157186,-0.113731691496228,-0.111884687112666,-0.130155510349411,-0.354785238461881,-0.0454842629963012,0.0194497492359971,0.121638543633989,-0.0662018586601515,-0.0589523662399296,-0.0224771796426188,0.0063845897585257,-0.157071362173469,0.00471340990114442,-0.0807026888549646,-0.0165504018502719,0.00790876226369563,-0.0412869258225748,-0.136519804059724,0.00603570189515614,0.0219612868052672,-0.139718653637561,-0.255946382780715,-0.0317022477286364,0.0349589956875739
"Testis_8",-0.0916462462934708,-0.205896969371459,-0.0414680173335185,0.0555270883698066,-0.0198234013388112,-0.16509755502464,0.0117431605240755,0.000967808862817328,-0.16268457211079,-0.0549076040078344,0.0116661618018495,0.0110280652495059,0.113488500714438,-0.0548539103070353,-0.139375832160752,0.000967808862817332,-0.104686778844043,-0.0547366287423419,-0.0648132014173535,0.0820976173909469,-0.176188726106242,0.120606737393026,-0.0407000222403735,-0.161946342658176,-0.149449515604464,-0.120578585160467,-0.149856979417913,-0.308103443935473,-0.0720888192591716,-0.031717647602119,0.0269407835364767,0.0129482235155405,-0.0952998504410094,0.04407911737524,0.120198322152675,0.0316513106364061,-0.0212648646348864,-0.03820132936429,-0.0410426498600016,-0.0142970214752273,0.0110280652495059,-0.178130405125548,-0.0301173289960089,-0.054921930931202,-0.0696247904192527,-0.0175346933601333,-0.039847891552189,-0.0874528954585272
"Testis_9",0.100421354910172,-0.0114068321960605,-0.0655639276139532,0.221211237172035,0.0503971294858816,-0.175123505244989,0.0419296222858724,0.0285139688624957,-0.211186933410051,0.121661146764947,0.523390274027085,0.58330193057855,0.0373646065051469,-0.0727234834923741,-0.152191434082719,0.0285139688624956,0.424621037458016,0.406395146015028,-0.0395496337998742,0.190402025076317,-0.168836399769353,0.0582116403239079,-0.0970005849486909,-0.260173077738245,-0.105887149244235,-0.200603066457262,-0.119223441456899,-0.363547109719072,-0.0269586056912263,0.0309568439470896,0.128311353095941,-0.108308160521905,-0.020691748269851,0.116493185693063,0.0863723194074315,-0.245108669209894,-0.0264179424429592,-0.025913641370666,-0.0276646385969412,-0.0631364993712484,0.58330193057855,-0.16537911412781,-0.0237010469176893,-0.0895457554285358,-0.100991230415077,0.365693748611978,-0.0261127296690056,-0.105921333046486
"Thymus_0",-0.108153781404919,-0.0528204304217626,-0.108105119762804,-0.0552616119849376,-0.137437310383575,-0.257889517959843,-0.152258181045643,-0.00557367987875555,-0.22539978975118,-0.134165581784149,-0.127939412852103,0.0684942410548796,-0.0904211644807436,-0.0860817849102087,-0.139831953982625,-0.00557367987875556,-0.0741572724935274,-0.0733908983695315,-0.143087437667546,-0.159221589801703,-0.230163377594983,0.0690149036249438,-0.130015050544232,0.0662526412918606,-0.0513825321725747,-0.156127557555098,0.0589470423690222,-0.356891429231929,0.0214950278309531,-0.0392949817544853,0.189509359617795,0.00274962687183018,0.0753575181262063,0.109725912139083,0.141914571573887,-0.0298661226337093,-0.179703254374173,0.184463940603752,0.017963381664394,0.276592718357235,0.0684942410548796,-0.112549842566259,0.0304145859833849,-0.0312419271945843,0.0671230997444514,2.41504469362689,0.112628886432893,0.0457967591782923
"Thymus_1",-0.105777284254364,-0.2105531079418,-0.0489905177480484,-0.11129268272611,-0.178760152860377,-0.240734078897495,-0.0828862524463055,-0.0751837147452129,-0.0295344357437925,-0.183991334479525,-0.0741629300361803,-0.185512515395094,-0.344135910286342,-0.0999579688072447,-0.0799106694969655,-0.0751837147452129,-0.190257205893086,-0.172450348922852,-0.0758233837975095,-0.126070691048984,-0.211367657142092,0.329530920283815,-0.124475633922795,0.183578567173365,-0.0397515051832152,-0.219191289210004,-0.131864042079031,-0.344763987976935,-0.01799300222588,-0.0580681996521596,-0.0811290006699764,-0.0021713106027513,-0.0763199479893524,-0.0819811507040938,0.0048999088518562,0.672745627807518,-0.137335741823045,-0.0331279488014295,-0.0877151837728199,-0.0622756446360496,-0.185512515395094,-0.0476199706419674,-0.0519949762159107,-0.144425501987069,-0.00168056694575415,-0.174486226108259,-0.0822007539943322,-0.0473490188135798
"Thymus_10",-0.11768666891779,-0.108840006290778,0.00113228549765869,-0.0447858079256026,-0.143116085841745,-0.196976938764252,-0.12648719167803,-0.0627795200281247,-0.014550984961106,-0.164350168913532,-0.0929291577886475,-0.0385754909454833,-0.215502891374969,-0.116273336302686,-0.111243031382251,-0.0627795200281247,-0.162726925789104,-0.151145809621839,-0.0204573259566508,-0.106963080492483,-0.236908718906958,0.331581659113809,-0.177155679194573,0.224851973630951,-0.0268401923720242,-0.11759098921026,-0.153307431810353,-0.332528860516019,0.00805075999724018,-0.0403711476413659,0.0993348848925592,-0.00373244877689759,-0.0815668341295525,-0.0904998025972948,0.0026170755713276,0.34212303616433,-0.160965953691218,0.0411166850980646,-0.108209273355647,-0.0520186926290733,-0.0385754909454833,-0.0799793064542041,0.0177138931448295,-0.0245305088694674,0.00621369354540542,0.21325487990291,-0.0802774883114879,0.0027553983283021
"Thymus_11",-0.0978995113854127,-0.0336673862058369,-0.0721525464804282,-0.0531155319686656,-0.0902162997806302,-0.157164793865369,-0.0884454478465513,-0.0780029472820842,-0.0117253336495525,-0.0218223818766075,-0.143496081327106,-0.254650597968387,-0.142434173266998,-0.0963952632909572,-0.0367280282939783,-0.0780029472820843,-0.0908494487579923,-0.109981386917283,0.101219920958964,-0.176037980198623,0.203813475565572,-0.188159375213865,-0.129399499915471,0.132191066265772,0.0660954432336335,0.327036059358949,0.223463458232059,-0.410331020606998,-0.0190823997160952,-0.00218013447086584,0.0152006143601331,-0.0109405871310512,0.000316210182225328,-0.0705949588391132,-0.0333549723831928,-0.0415433543515101,-0.0966839478570317,-0.0163949026376788,0.0447316618601442,-0.110395648149248,-0.254650597968387,-0.0118579106036307,0.00164645936120231,0.0416050882919224,-0.0710429837465519,-0.406060554782635,-0.0189068861781513,-0.042641745836969
"Thymus_12",-0.0724661110275031,0.19928780654199,0.54942229364208,-0.0847506409899501,-0.0921548114749711,-0.253413241495811,-0.137786766178815,-0.0593127138855068,-0.124991211434308,-0.0989682188700106,0.0234128422556051,-0.0242014625978965,-0.223039994325177,-0.11168484281112,-0.0854253791329427,-0.0593127138855068,-0.0486327619265231,-0.0632422013433166,-0.0190104690406446,0.0354740181946577,-0.224551033393861,0.0873476345981764,-0.129905701881138,-0.0900618756540603,-0.0770665855533346,-0.150695807330457,-0.157426374098146,-0.333552386801418,0.00663243458830256,-0.0412668597393239,0.0652844653050639,0.00426069202116402,-0.00624073358391996,-0.00995524013527581,0.00394147281636623,0.18106081911931,-0.100187296237234,0.00623986585551453,-0.103615640590314,0.0262855064427492,-0.0242014625978966,-0.113993555192014,-0.0158349533860833,-0.0378292136832402,-0.0702319351986677,-0.189197982949904,-0.0595756591911707,-0.0170627781716785
"Thymus_13",-0.0922516014049119,-0.167079932415057,-0.011199303375374,-0.0966271693669011,-0.140995246503197,-0.160898597722505,0.0928141242666664,0.0298858402857705,0.0189354821969862,-0.158185259768198,-0.220341783605493,-0.359862329750033,-0.451288149419246,0.324571911757008,-0.128555668345583,0.0298858402857705,-0.346598833790572,-0.308352200024931,-0.112276861676582,-0.211367259078745,-0.0810238882702674,0.465677611099044,-0.0727342761021949,-0.0623593363119648,-0.130914737618084,0.151055930066097,-0.0755168335252304,-0.359271258395207,-0.106270813539503,-0.0580024804043364,-0.152919897093985,-0.0989165416644501,-0.0777142359359774,-0.0688656851524134,0.00633179766590083,0.273059446911746,-0.036570888265919,-0.0572714093094816,-0.092333349775652,-0.0556817908437966,-0.359862329750033,-0.105610062848811,-0.0374294698114862,-0.20064710393218,0.234649094606805,-0.0734997995069,-0.0694207027190554,-0.104308608964178
"Thymus_14",0.164883997904369,-0.136540090063287,0.00311479505654185,-0.090609988747554,0.00152544519226277,0.165600274981504,0.056273348496572,0.140391081786692,-0.156230729892369,-0.0230843992422426,-0.40588013896636,0.695372286321466,0.0304113823566818,0.0676401541575227,0.281185089410514,0.140391081786692,-0.215571980283498,-0.210933756228628,-0.0910061349507514,-0.229150205397935,0.27104224295811,-0.142493731675531,-0.0294343464038722,-0.0318886073499135,-0.0775026218631241,-0.0970820835535304,-0.0941500955712994,-0.235467358201834,-0.0327695469097799,-0.0344581277433014,-0.243363015891153,0.0155240003372952,0.71867905459189,0.160925829022277,0.0456366373549825,-7.22389801365278e-05,0.473878971041156,0.191619991925109,0.28511049910274,0.269904738460443,0.695372286321466,0.879132704717579,0.0556964505377855,-0.234142285211593,0.42516939326703,0.820360531866522,0.418487232113979,0.113084254800435
"Thymus_15",0.20946215187795,0.107825046498886,-0.0139916718365523,-0.0242796719192886,-0.0298247057263422,0.18461407489176,0.122682994485611,0.0967561827130915,-0.120875074691513,0.0434797231276359,0.204591013888364,-0.0416180060640007,0.0846701824275962,0.135894595928992,-0.106528974081254,0.0967561827130915,0.1593120074126,0.194230522708242,-0.0433513834333178,0.120709282792353,-0.0879243242127297,-0.1259454634057,0.450266425430219,-0.208153208369946,-0.103299691970934,-0.0453895644463455,-0.0521698799610075,-0.205467122239392,-0.0138641667423528,-0.0922463119729735,-0.136925834827033,-0.061315119837648,0.256287735001433,-0.0251050619663371,0.0115026556176042,-0.0631815704364739,0.0407172205008828,0.0826818578939861,-0.0218854058052436,0.501108759916222,-0.0416180060640007,0.95218445654817,0.0303005891556178,-0.17382078427916,-0.0146031204588664,0.132387348526269,0.432043880671848,0.0871306175322002
"Thymus_16",0.0547438806080356,-0.0394222402089744,-0.100543827066159,-0.0503054857572119,-0.0971337074379333,-0.203849166599651,-0.0505223856576425,-0.0130094706236014,-0.00505524179357121,-0.00250647234097498,0.331753306839639,0.410880482383452,-0.18706782515367,-0.0894673131827583,-0.126471486533003,-0.0130094706236014,0.316755736966692,0.255341282911357,-0.063175441281941,0.0612869897875396,-0.220827242976264,0.399356160951514,-0.15652667338284,0.0294412579794231,-0.0339349283852624,-0.181635018808001,0.0792824056611692,-0.44533848341505,0.0479055995758499,0.034039151614011,0.331050789029238,-0.0556904844468311,0.0132723867620441,0.0961176314491238,-0.00725613606825949,-0.107037460205136,-0.0980378049330474,0.143010722519323,-0.0191127089310466,0.0221653124614126,0.410880482383452,0.0336947953961462,0.0375313032956157,-0.0281434807083201,0.0690259247132272,2.03345156175543,0.0361504268034074,-0.0281485350402484
"Thymus_17",0.242042705479091,-0.208079353704036,-0.103797285356565,-0.0801068305624116,0.0917077461953875,0.446517593559015,-0.134509880894182,-0.0625961006125254,0.0374434253170177,0.0852418196564463,-0.115854477812324,1.02515764811912,0.678246940425787,0.378340047095662,0.220245291675022,-0.0625961006125254,0.111432494153991,0.0427291449748738,-0.0834765035031392,-0.0764239280285858,0.529719743118286,-0.0992830737262873,-0.150408399847493,-0.0345814685470675,0.100234405142137,0.565310488637316,0.349199926291966,1.3016285950912,0.149591827592815,0.0612105482467903,-0.209577384286495,0.256362883997265,0.833042062888291,0.12692728165011,-0.00831555804739658,0.0858266478887305,0.301591089368353,0.333813957028511,0.720328238394674,0.597997871726415,1.02515764811912,0.901420013884841,0.121408581286722,-0.156161972134804,0.69591611130836,1.13986438205023,0.668090909446536,0.670017588313681
"Thymus_18",-0.0539326685361315,-0.185490305663989,-0.106919288660635,-0.109077054538232,-0.127498328755129,-0.27966660048435,-0.131500638142123,-0.0743380582853729,0.0685601281159478,-0.162025436932251,0.0505356726507613,-0.0873690679375143,-0.289670058560303,-0.0359891862619861,-0.0897642219340007,-0.0743380582853728,-0.070632663637322,-0.0745094865489553,-0.0131653510611581,-0.0798619890275211,-0.219302719975521,0.157363401522529,-0.162259137763472,-0.0728677033164373,-0.0933390036790105,-0.00684368489902315,-0.107951944799321,-0.162280519060288,0.0244751821995064,-0.0294160508007331,0.134950935543278,0.0760005843356981,0.04460888932766,-0.0371642177876609,-0.0102953423055977,0.391161363605972,-0.134706402326535,0.0377424821536112,-0.0222308070775727,-0.0188019029388138,-0.0873690679375143,-0.103571698011253,-0.0233929360141393,-0.151891425999761,-0.0793101840303167,-0.221579689897725,-0.0862140840164834,-0.0441892977244257
"Thymus_19",0.0368630560417925,-0.0333598181218874,-0.0239088829992396,-0.0126807938249337,-0.063274713938679,-0.154629379297639,0.122126675485251,0.0879349771333922,-0.0493836180745165,0.0408732427118183,0.233352543199461,0.229797311659875,-0.179683746764763,0.0285835498606569,-0.0950624692835744,0.0879349771333922,0.221310469595645,0.247468135964447,-0.0576310785032784,-0.00956774946035953,-0.0650420348798097,-0.0304271116302997,0.0193604982872243,-0.241240343961946,-0.10381304820476,-0.157627461395157,-0.0565538752565668,-0.295902378933955,-0.0608719747202107,-0.0703877393427453,0.0305549003455323,-0.0827292196878485,-0.00163236534986963,0.0515261202414761,0.0331413451398158,-0.185512838047969,-0.0116067976942256,-0.0231776903703477,-0.0789301360333255,-0.0654077550784766,0.229797311659875,-0.140039970706657,-0.029096967486236,-0.0237513332598642,-0.0460278763059022,0.0300127803900208,0.0405604925868998,-0.0535446193468743
"Thymus_2",-0.0905887180938638,-0.199798844270355,-0.0971858195352903,-0.0952406147146962,-0.167073028772201,-0.242034655608722,-0.13740537654355,-0.0815766170579724,0.0601585911321767,-0.178088138747079,-0.044036049604716,-0.111678698361838,-0.289422618245975,-0.0815347902994138,-0.0045023618661328,-0.0815766170579724,-0.115796323821028,-0.102513761954586,-0.0547124739767596,-0.108936385020662,-0.220190398487814,0.3142905332829,-0.149761767093524,0.111386239584312,-0.0636533308692012,-0.203295288643025,-0.106662412569153,-0.236842795382035,-0.0166829801257939,-0.0562396944309446,-0.00536017657052952,0.0100212400072033,-0.0300767844679461,-0.0461108071616041,-0.00485811111703204,0.669321433046506,-0.142862616020741,0.0425128406373256,-0.092358147729396,-0.012364076590588,-0.111678698361838,-0.0451330092881144,0.00355095477270489,-0.190608566974581,-0.0112515766082774,-0.171360593646201,-0.0617848085620399,-0.0258613998149431
"Thymus_20",-0.160585262537915,-0.123190534757214,-0.0200989320805102,-0.0368598801651048,-0.135173928743347,1.75959161182558,0.0621138846335383,0.00846848809079879,-0.245971911007773,-0.195824380998167,-0.376054951128842,-0.235039710059493,-0.434724473506329,0.043709973315614,-0.172454319202354,0.00846848809079878,-0.376552423161428,-0.372134543655434,-0.135854379975534,-0.262475045655707,0.213265080419074,-0.181661465246278,-0.065318490084102,0.0138550382676946,0.570701420406443,-0.0693625393567371,0.401928707623639,-0.280775955478998,0.0393106837722179,0.00919031829256584,-0.276288905621454,0.102516089324549,0.180719210793878,-0.0212573908318473,0.025938168175728,0.0373212287545457,0.129035879533877,0.118228752428015,0.106787158425047,0.10150618891243,-0.235039710059493,0.257909468756492,0.00784525710820042,-0.129517043503278,0.535044983901958,1.1349434367436,0.151333003115951,0.0243836001433967
"Thymus_21",-0.138789042666558,-0.198296598475828,-0.0558665629216688,-0.0795774533667778,0.247151759941166,-0.212551078393407,-0.0582258099171548,-0.0515528258403571,0.0139081659678171,0.0171563426841144,-0.197002861718,-0.128445498436463,-0.14955409641066,1.14354143596035,-0.228749321697977,-0.0515528258403571,-0.114049923243466,-0.157229489526075,0.00835374318511398,-0.218550406113594,-0.157024523751523,-0.0142500355966881,-0.0607902077582346,0.225384363636236,0.317596989269664,0.0507571367972217,0.407055485547056,-0.114510264842964,-0.0275760354646145,0.0665557242341161,-0.0325909461793592,-0.0066252686777802,-0.0582980536085271,-0.232108152107811,0.00939406764658471,-0.138566731766304,-0.161312951112695,0.0208140826812495,-0.0719120538627025,0.11948655584863,-0.128445498436463,0.0290031261684102,-0.10085966621674,-0.151664393075578,0.300424198252028,1.39028270160851,-0.0336776759706109,0.0589748170421977
"Thymus_3",-0.11016413066994,-0.193901393136902,-0.0609251823138397,-0.136807899625083,-0.18892652669761,-0.21285313618573,-0.0518846321451728,-0.0411600598252365,-0.0356249942001015,-0.199437427346712,-0.176121973603519,-0.201799861703117,-0.35334882360714,-0.091321650260667,-0.00294025279385136,-0.0411600598252365,-0.239742483878225,-0.226542108779192,-0.0796912443348772,-0.160678258690465,-0.180096048027591,0.279835215305425,-0.146649673302454,0.260668757753995,-0.00692057702138305,-0.0654257443308139,-0.117277231481641,-0.373552491723442,-0.00561245758394604,-0.0384618798448781,-0.0254661940450398,-0.00578129477733821,-0.0750586982662125,-0.0488787462837219,0.00845718279408689,0.542761997388276,-0.134169587478626,-0.0365995089653322,-0.0830333730954906,-0.0388133012787508,-0.201799861703117,-0.0654639572518376,0.0111768103136439,-0.186926336213853,0.0487509200882655,-0.181587922188661,-0.0255328549513197,-0.00653346998210268
"Thymus_4",-0.103485668608546,-0.0352433474974671,-0.123624955379657,-0.057675433812205,-0.105251324843091,-0.28935584291166,-0.146668639773847,-0.0345695460309162,-0.0525481751986122,-0.116397630004836,-0.0407520282216672,0.077870269472372,0.0418400007379828,-0.0717361741738582,-0.148976513916784,-0.0345695460309162,-0.0215454353657015,-0.0193175109073449,-0.0794944538154459,-0.0295980147484821,-0.246945233101536,0.130507791750189,-0.155515493539372,-0.0746111000098949,-0.0181247610991979,-0.155924481408335,0.0913985481417099,-0.390816141133913,0.0407176365233402,-0.029702756362638,0.328735342457348,0.0399908442349297,0.125170825245771,0.059718510698444,-0.0043663177498004,-0.00485882852688334,-0.172062792562656,0.238442517719968,0.0665244890851829,0.223939009168091,0.0778702694723719,-0.0550652612196724,0.0630273601456324,-0.0185919080694655,0.13375950918839,1.67575993589927,0.143557080030005,0.0777089114318139
"Thymus_5",-0.0928924529549847,-0.16927344885605,-0.0730292384946129,-0.0197077669231022,-0.174537666404142,-0.231566084229656,-0.100090403271701,-0.0495116344189482,-0.0938422389604953,-0.180766457410227,-0.0584002322254552,-0.133453609842315,-0.355704023027984,-0.0603397888321823,0.0169273815188988,-0.0495116344189482,-0.151631549462971,-0.127074633442684,-0.0881645534492567,-0.0786630439821858,-0.184101263809586,0.121413606911681,-0.115635234750316,0.26030245522408,-0.0346943035455939,-0.189109008756435,-0.119429218374033,-0.295224972707078,-0.0049250436456251,-0.0458242239337205,0.0492851296844289,0.00892806487490986,-0.0490102902726412,-0.0267521208536273,0.00741250553777356,0.634969032996639,-0.143701196651611,0.00630052501787731,-0.0968686809227977,-0.0263739556264921,-0.133453609842315,-0.0989231104151616,0.00920018648388545,-0.213681528336329,0.0245829687885417,-0.204537300471325,-0.034027356422617,-0.0217025152930242
"Thymus_6",-0.0660498237535693,-0.189594768417315,-0.100209885569161,-0.0623528947775645,-0.155138951107053,-0.241230325348638,-0.124097236506753,-0.0550450827172247,0.0192117623645423,-0.160514442429741,-0.00854466317844485,-0.0182685388506744,-0.252468041114285,-0.0419581622101946,-0.0250068877549134,-0.0550450827172247,-0.0843402421678862,-0.0761801141545281,-0.0411784252605911,-0.131974819525023,-0.229122447913529,0.294241345553897,-0.158795314798241,0.0180786224206697,-0.0580763957353992,-0.091405367979229,-0.14050267003487,-0.239614376166067,0.0115944815187846,-0.0162995577262987,0.00279818099397701,0.0697989220791475,-0.0201030486985129,-0.0532548222323739,-0.00482078716571203,0.536308530463432,-0.149575942508591,0.0843196014643663,-0.00956538802693473,-0.00772028342487194,-0.0182685388506744,-0.049936402472074,0.000672931927380786,-0.13056103081245,-0.0536739423115246,-0.179870790091115,-0.0778097275074014,-6.69102428976591e-05
"Thymus_7",0.00768795209737001,0.248594263164038,-0.0223410924631786,0.0195652054961071,-0.0673314644788303,-0.0908021613448649,0.0852954822358213,0.0546907835817105,-0.362818962015753,0.0346908627116504,0.117908764416329,-0.0350161521382072,-0.0192379310102436,0.0247480946366546,-0.047101477740329,0.0546907835817105,0.0851493296012575,0.122111213567549,-0.0794176511119073,0.0349987150554834,-0.11638434907556,-0.146381166966283,0.0907729802408056,-0.201933924761357,-0.00766378286404543,0.1295478897683,0.0195761475221645,-0.250893557191884,0.0144914404466552,-0.0688365185073613,-0.0427012357202381,-0.020509045413038,0.298409672093255,-0.0349349442381936,-0.0016497876621711,-0.147808189600883,0.0522223704948386,0.0846870242414553,0.0138460213630193,0.512734512226888,-0.0350161521382072,0.615667927039343,0.0340003046966215,-0.19315080189603,0.0889770552391291,0.0819197483093638,0.437676582119711,0.10404310975094
"Thymus_8",-0.116199274958178,-0.173820530081163,-0.0823679223188792,-0.0770514110673831,-0.172281470969517,-0.17407518667985,-0.126735409161745,-0.0146948233686992,0.179921320510806,-0.16075047871979,-0.0635929249284635,-0.0637279010917246,-0.256480768095275,-0.104587575052647,-0.0985189177578627,-0.0146948233686992,-0.118105187149026,-0.109876761419631,-0.0256269815268486,-0.128078777870557,-0.238029885368209,0.394005197505506,-0.175801442842893,0.0758616436105281,-0.0268191119912002,-0.151183330542182,-0.151784056510006,-0.28932166760435,-0.0016288157695594,-0.0370022409530819,0.000457683814693158,0.035084196731857,-0.0887360345826199,-0.076667614329628,-0.00155304606396957,0.484918756512657,-0.125839419553631,0.0507922102317317,-0.0825655371758068,-0.0550069177612452,-0.0637279010917247,-0.0620748196877249,0.000135886036667642,-0.191131929340151,-0.0213681437220723,-0.17475580341204,-0.0700128350933553,-0.0373928424010813
"Thymus_9",-0.105739362125145,-0.125352261414077,-0.0606257526906799,-0.054850643433196,-0.149644581731559,-0.18727638020102,-0.131393089608374,-0.0404492651460831,0.0381727817037416,-0.14555975651269,-0.0698069366338299,-0.0948051302763891,-0.0458058867291906,-0.0178823369741674,-0.11274405719644,-0.0404492651460831,-0.127226745421691,-0.0909170540437818,-0.0324945986081138,-0.141118016785498,-0.257146886737984,0.517214452131669,-0.197093928959112,0.16471063099542,0.00684342293373317,-0.00197313820278179,-0.188287875983459,-0.310574887632282,0.0333382567861157,-0.01083006902611,0.00833887132181843,0.0880472903552249,-0.075847847726454,-0.0614681510777087,-0.0279821712656573,0.609094187542716,-0.138205290022038,0.148854931019722,-0.0110649388982426,0.108035154837972,-0.0948051302763891,-0.032488504754602,0.095600847586183,-0.0551961173313487,-0.00970794840934998,2.32828938684963,-0.0736995281018627,0.0426592872467894
"Thyroid_0",-0.024248075438068,0.0155622449367638,0.0102800122826053,-0.0431158671528254,0.0249263964553216,-0.130502170506656,0.18075064697003,-0.110368402507238,-0.0166186888690223,0.111719659678428,-0.0300326251952889,-0.0329576833773948,0.46351066368149,-0.146606745248363,0.0168630224961946,-0.110368402507238,0.0187214517602174,0.00827091787181173,0.101947652989156,0.0052213852389183,0.00754529646204983,-0.257528019453184,-0.210202421824673,0.206451412962557,0.0463486213097628,0.0803250395021853,0.0637783932152357,-0.340894795028026,0.0173328962867683,0.0523704013183216,0.136359766236206,-0.0567224343705953,-0.0314615143525246,-0.0511522307621035,-0.0376403051777126,-0.173698962334631,0.0426724486851598,-0.0934442332244539,0.0547662053151108,-0.108353853191319,-0.0329576833773949,-0.0828258323599632,-0.0373975168635595,-0.0318779384955863,-0.143729192041133,-0.399528331854426,-0.0259290976801398,0.0467827029641553
"Thyroid_1",0.0296996325443672,0.273845985542553,0.250924387746704,-0.0886612761572959,0.170620634546491,-0.134929879949396,0.152517070498469,-0.0773882052244528,-0.0441474244776044,0.209314952372149,-0.0534185473068557,-0.240348333214088,0.0740538282055765,0.00685680508220223,0.395757084456912,-0.0773882052244528,-0.05862404152679,-0.115444344183395,-0.0728910578045526,0.0566972124956438,0.248400068171762,-0.0668603226455231,0.0299029804601607,0.256320100054058,-0.0403027608104318,0.55541503042563,0.332085347377062,0.0918857350405765,0.0609828059708043,0.17769217987804,0.0484243759538233,0.0723154610525298,-0.0284021418002626,0.0362905086011805,-0.0196948380549916,0.241901491400951,0.243558901866426,-0.0770014050220318,0.115620387818564,-0.100988121575641,-0.240348333214088,-0.081898526819482,-0.0571104421082519,-0.0494351267244629,-0.140236886269697,-0.204588628398438,0.00964859145614195,0.0898269911280801
"Thyroid_10",0.214199222996811,0.531357335557328,1.58731410423239,0.0120425065717214,0.0801150157136227,-0.17987528197773,0.355219014186096,-0.116012136633049,0.267814295077238,0.254766051459513,0.357537773115545,0.112363145075602,0.662140667985089,-0.0435462729758285,0.0245774613559121,-0.116012136633049,0.249704297737543,0.267726609470493,0.083957633381152,0.504103750789976,0.321883978310894,0.0572279394190239,-0.0209380918149031,0.0664684926365072,-0.0476991773775799,0.512131645357146,0.294847037808574,0.756618701427276,0.102753770135204,-0.008712403974944,0.147644469680706,0.165128721912006,-0.116706733056207,0.157445989739514,0.045149191603918,0.000417473218678941,-0.088041376207986,0.0241981630147361,0.295816613699449,-0.148408688542576,0.112363145075602,-0.17839886349602,-0.00775087160629999,0.163402130525563,-0.121360034923254,-0.233744688612968,-0.0858413436464184,-0.0249608388580236
"Thyroid_11",0.169469185516372,0.00367388217368885,-0.0531591194355634,0.00245823953356125,0.861651936808322,-0.109434973394628,22.1600581961723,0.00834154401125082,-0.286572031447344,1.29259967493273,0.543876294182461,1.47908608753969,0.273228621474041,0.157600333432897,0.443456037636588,0.00834154401125082,0.621998550444188,0.669973313888871,-0.021723583967409,0.333914754534114,-0.00512637759341278,-0.174270075551867,-0.164899566995111,-0.125845995500658,-0.00389523640630559,-0.0350832862797705,-0.0823122078707046,3.37221447797285,0.04455931724287,-0.020973563028867,-0.10734874676519,-0.0517274624968348,0.331165964509381,0.876946096670739,1.12060114558148,-0.214973865067844,1.07064336868403,0.0391519330884411,0.204423145617852,-0.00882471789802667,1.47908608753969,-0.0761098049898045,0.0573226347833725,0.433518403801291,0.0968728376888011,-0.0986882182642449,0.223185959223164,0.158682933666073
"Thyroid_12",-0.0186904630269739,0.0229825309863878,-0.105776166552068,-0.0822009409758577,0.00742049986036718,-0.150024068339896,0.123043118185818,-0.104701614022288,0.0323204433465463,0.0685141826888498,0.0231618530566096,-0.105855505542847,0.543080864148398,-0.264892805745178,0.033094896729684,-0.104701614022288,0.017624099281381,0.0124984297319284,0.0376055926434256,0.0962991127664971,0.249317735082511,-0.217281787405753,-0.215075337330629,0.27910827586162,0.0510827272028294,0.074318026464871,0.181865666790835,-0.409675473300102,0.0351902577063832,0.111112727953338,0.119752516788641,0.00140854835849063,-0.0147943568466368,-0.00903554998316747,-0.0394831771842332,-0.113261040829138,0.127487763982885,-0.075562108089722,0.0913553116751795,-0.0834000154586944,-0.105855505542847,-0.0861540520373883,-0.0396688139869901,0.0522168654156015,-0.0831619866169473,-0.402849831496222,-0.0025831451518916,0.034208953099716
"Thyroid_13",0.112225419196902,-0.137318539166816,-0.0432510325067732,-0.112163276851766,-0.0483269431479499,0.52632442608198,0.621519421215549,0.000132974610823687,0.136382256329952,0.0259855516834249,-0.405812048059822,0.513325374038863,-0.104392266161145,0.497329495554239,0.316645184942386,0.000132974610823687,-0.222393629180863,-0.232748061212674,0.00349214744655725,-0.251319897088762,0.00900504710051153,-0.296908852867471,-0.0743065540619598,0.202930866438575,-0.0452669519798681,-0.0160365398508236,0.100575663564615,-0.217760920888476,0.0356351357368107,-0.0540954946885492,-0.247022949599264,0.0237367316831518,0.519939789161133,0.130835564602633,0.0284312116542909,-0.0970593121762102,0.454983610428864,0.248592729151643,0.425445691950947,0.178329621241055,0.513325374038863,0.734196549583054,0.144654272796635,-0.215499566595663,0.508416835989923,1.42654403214913,0.315272992217058,0.107892229449695
"Thyroid_14",-0.0566189467583174,-0.0655930041813963,-0.0561580381331269,0.0757842376339416,-0.0600133615454565,-0.151222890200749,0.473022827904737,-0.106542256303454,0.635558634783489,0.158323151064825,0.0217713433937055,-0.10356641116021,0.218716473515678,-0.049540444746492,0.129814835296306,-0.106542256303454,0.0380845254148693,0.0369418085070478,0.209905997505999,-0.0747324713111311,0.103691379066374,-0.206566909883423,-0.227033675691201,0.017181977608232,-0.0531041240847419,0.178100509230914,-0.0619401477466898,-0.154510411758756,0.0300542991114033,-0.0324756056623712,0.0142947247500282,0.179144392271885,-0.0552955815434945,0.0752093665505006,-0.0258161232306492,0.0256534421322082,-0.0542193607198034,-0.0528893529604061,0.180058102672413,-0.0439294831221309,-0.10356641116021,-0.084940186668747,0.000176904898322803,0.0317062952132429,-0.0539738715217079,-0.629248245726919,-0.0355265251059571,0.0083135926672872
"Thyroid_15",-0.0588193268987331,-0.169659595337429,-0.07348724376758,-0.107387910728118,-0.129786306258328,-0.219178205233744,0.262763218753285,-0.0273841956074536,0.200686111039942,-0.106944792391117,-0.0192760068892428,-0.0281752741375955,-0.161347433317556,-0.0674384341243742,0.0111919813038135,-0.0273841956074536,-0.064014058555013,-0.0758326989530119,-0.00856431846957763,-0.0325193296444207,-0.21198484840977,-0.104523684660475,-0.141046478763886,-0.00563087697062219,-0.0742109743067921,-0.020115894995042,-0.13000291745945,-0.238664530073033,0.0107190314869977,-0.0197409904263836,-0.047011279518144,0.0771955525414267,-0.0190544156002887,-0.0243146207775978,-0.0089503912120418,0.472070910843759,-0.143400038106128,0.077897537525321,0.007637415057753,0.069741443050879,-0.0281752741375955,-0.0335061066803325,0.0445868040233421,-0.104589088985738,-0.0465655112516933,0.0392175680418487,-0.0495688495386171,-0.0303835157516227
"Thyroid_16",-0.118014370298271,0.0244051452254907,0.023873266151749,0.00931094962261776,0.270485722855935,-0.142774830524543,0.18228747839994,-0.0392666221615754,0.146296702406458,0.028152703281976,-0.111741884343631,-0.167537380046894,-0.110503579988162,0.0796051728679172,-0.0879462189365743,-0.0392666221615754,-0.146644095027991,-0.157278718090973,-0.0418690391089815,0.039195413867752,-0.118507652739428,-0.12724050183248,-0.0848419524029121,0.0681938654099975,0.372980913119603,0.424541603577635,0.169550194776577,-0.151655078875201,-0.00172272292658325,0.0651798958570452,-0.180499147562056,0.120999598225176,-0.0191548520711623,-0.0763593285277445,0.00669759688292499,0.010249170680748,-0.0728519690767459,-0.0039327616390667,0.146618807268338,0.0381560980005557,-0.167537380046894,-0.0148620507122109,-0.0602489376254825,-0.161583198032039,0.263070664408727,0.379015923329596,-0.0369452773179912,-0.0101801537626573
"Thyroid_17",0.0243291811501257,-0.0997332612809477,-0.0828533332412354,-0.0690733817845168,0.046407309846767,-0.114471073511022,0.972652177760751,-0.00760854656458875,0.686954401021581,0.187204655612048,0.0154880780128982,0.109679063390352,0.503756494596315,0.303691837145764,-0.0135490453056263,-0.00760854656458876,0.0388949098096644,0.0231105130823292,0.155988513833345,-0.0646472891271181,0.0132032161369905,-0.101130291934848,-0.0851961118497775,-0.127962527340051,0.0906394651063349,0.351654834691983,0.146150229460661,0.0640432761566399,0.0970817874299347,0.00101092246621489,-0.0689031108951561,0.166934867593854,0.460049291925598,0.0597604570125257,-0.00959370169381501,0.0765169588723706,0.0338448255229579,0.130681934297425,0.331156381887604,0.402083409491551,0.109679063390352,0.671421670625293,0.0527538296135987,-0.0664386210991304,0.251668119586793,0.498479990695282,0.325886222259253,0.189883571842163
"Thyroid_18",-0.056530572346,-0.0387509811977758,0.0143364022331353,0.00266288497537259,-0.116260766684758,-0.215494101314,-0.0227155866144703,-0.0836459487217309,0.0856677159260058,-0.141135972743575,-0.00617508239681552,0.0745238198210566,-0.330854591269338,0.201137753103181,-0.0699275594921862,-0.0836459487217309,0.0114350042079932,-0.0256445352743071,0.0163653135910525,0.0939891782122051,-0.164649960441157,0.0498733577653628,-0.179567177127874,-0.0113330364098312,0.0673293794895089,0.227805694045329,0.12378306880966,-0.34266882618437,0.0906398417214453,0.00594845897075114,0.034096664940225,0.103126937345729,-0.0321270123902517,0.0512060811949576,0.0863949922716139,0.242914652243081,-0.159890892129302,0.10859462235967,0.135123273410879,0.0761941052750701,0.0745238198210566,-0.0222924920239128,0.0802932018354787,-0.0168358513814232,-0.00725415156121235,-0.162576002532918,-0.0971370111316536,-0.0467117075522273
"Thyroid_19",0.0444297242028005,0.10662643901923,-0.083618858237321,-0.150710504278341,0.00213661240105707,-0.187491641488408,0.554189588355619,-0.133457758877772,-0.219416995018564,0.00392632043346662,-0.0151268426493686,-0.227261246474356,-0.269533594502976,-0.1238389067377,0.270009344404162,-0.133457758877772,-0.129485489285807,-0.102637242020521,-0.125845034060378,-0.0456130843904028,0.0309462919340422,-0.232683056866449,-0.259057984144947,-0.07018424608898,-0.0413094808484539,0.00875899766185235,-0.0917755391941996,1.06706373188178,0.0580284306080747,-0.0285872012832133,-0.0968230393682795,0.0223333412406546,0.03106598112077,0.0619349019891605,-0.0171678939074765,0.0826462417527487,0.0878743537970381,-0.0804427447883443,-0.0255809910171002,-0.158364327320598,-0.227261246474356,0.0424713083682458,0.0720808671805322,-0.0250638362446741,0.0328004265970154,-0.285224338794809,0.0684025903424747,0.0374869230160004
"Thyroid_2",0.161308672935432,-0.0590881898264749,0.0372463834333719,-0.01652360494612,0.251125240706379,-0.0991851943627951,6.33552185579607,0.0451863816876355,-0.110488366999957,0.450842538391419,0.304064540616132,0.367996434519698,0.413682523089891,0.0547283067483975,0.173636360267811,0.0451863816876355,0.28846321573478,0.313581634477081,-0.0445523482697836,0.0947349446166608,-0.0844616116601767,0.0926560347284369,-0.0826098911937882,-0.188072656680265,-0.116470023713957,0.241918529033082,0.0190977819086512,0.893599152001125,0.0302538207066688,0.00619234926835966,-0.126719334317808,0.0532076685839199,0.127597425302445,0.253390108289859,0.108818925036621,-0.129941130421164,0.150574366462986,0.0224686310651567,0.141223416967404,0.0504128204979019,0.367996434519698,-0.00441563755194704,0.0562251117126279,0.0602787249257026,0.0263452526167706,-0.179925335729523,0.159346383264296,0.0198420289608764
"Thyroid_20",0.204399987274572,0.160196242199972,0.543322794682272,0.00796534335898298,0.10806511627622,-0.225974707671451,0.807435681309667,0.0441599983190762,-0.348435774916064,0.188675842166024,0.250080940524516,-0.00783887954277658,0.465752646497946,0.0293986659949886,0.0745280164961927,0.0441599983190762,0.176658133094251,0.184358887295701,-0.0848468606779345,0.294625992689047,0.0169923299671005,-0.0423832656598305,-0.0693277398578193,-0.208134790288002,-0.112492586368522,0.23987545460944,0.0843187224050477,0.552252620724739,-0.00284345747068923,-0.0596169069133825,-0.143740786471859,0.0152355806720559,-0.0274424491704144,0.174118940117172,0.0132501690920766,-0.127154669825474,0.00519029202970469,-0.00367573270242418,0.11233132615018,-0.125761390897967,-0.00783887954277659,-0.167866409430478,-0.0291773996319002,0.138142810965006,-0.0225428870421769,-0.159216871511961,-0.0259775597238816,-0.0480164700339828
"Thyroid_3",0.070012768842727,0.213503487015875,0.332734013164618,-0.0729669317663423,0.162632772264368,-0.21543077134262,0.134049318927641,-0.0983480420845513,0.423106793739044,0.315636998084881,0.0103797995142605,-0.167148432562116,0.243798098536414,0.234761547889732,0.393347079978307,-0.0983480420845513,-0.0105747479172487,-0.0309596210283433,0.00214219351309664,0.0763464636219792,0.162265483271792,0.0502744817689993,-0.0419069636800156,0.200094831654713,-0.0570768607257128,0.741866368954318,0.217457390165466,0.19324002774428,0.0867408106254939,0.215861885548287,-0.0756503609510572,0.196658239499777,-0.0820022651593967,-0.0170342969409459,-0.0271603997088199,0.322714465925129,0.0594386474632655,-0.0755238368838517,0.22595376519351,-0.11137852050174,-0.167148432562116,-0.0475072508285592,-0.0780027542166578,-0.0983741280693574,-0.112362595012315,-0.205716844387286,-0.0467484336794775,0.0379641328455867
"Thyroid_4",-0.00541343495136011,-0.0305029355408012,-0.0756913762722045,0.0762176857582027,-0.0324804287434358,-0.0701325979370685,0.342111983863808,-0.127966175348662,0.660647248890726,0.183475154055599,0.158806464222896,0.0858645452440598,0.434346181951948,-0.018703402055781,0.1735285715777,-0.127966175348662,0.18914111420268,0.175738042213845,0.14502850446914,-0.0205545418130039,0.188642211703842,-0.102192853080648,-0.223894572284883,-0.0440734398737794,-0.0495990356046683,0.816810717349924,0.333180390217703,-0.102406971800612,0.0560083184540444,-0.043668535830888,-0.0860822417556917,0.213716319094326,0.0348136133424474,0.20392350860675,-0.016809898934896,0.0444874228889715,0.0292276594217602,0.133694884650685,0.173005722741225,-0.0738467699905204,0.0858645452440597,-0.141379394430205,0.0201051348982124,-0.0680428613567907,-0.135581086634138,-0.616317537488636,-0.048418247741087,-0.0662420248691527
"Thyroid_5",0.118007804491287,-0.0558998622848126,0.0520310308919402,-0.0287757768961047,0.210179892146171,-0.131060430159192,7.7085727567529,0.0791500352913847,-0.204582443395595,0.447530529249579,0.162680319324151,0.312954619307477,0.237156336659279,0.0739749357116022,0.0840843179822141,0.0791500352913847,0.143903840870594,0.16710207651731,-0.063344284644219,0.0302238472595976,-0.0385964343652803,0.0809158583544712,-0.0295280651209393,-0.20065002307911,-0.108772946127122,0.0506060595731363,-0.0660082745320598,0.790215827774455,-0.00534901749776297,-0.0177145951979704,-0.169103039984898,-0.00310625792338737,0.117518273138801,0.192513000299136,0.180622555240382,-0.13519616104084,0.175711352129151,0.0363006033258139,0.0868327348543513,0.0437217340698551,0.312954619307477,0.0317958716429712,0.0238173812126679,0.00415789696575229,0.0612817850448929,-0.112564980733617,0.175018344026805,0.00746314362252025
"Thyroid_6",0.0293455394159664,-0.0373676839545407,-0.0339441259217212,-0.0150049772022362,0.0600686974645241,-0.165566466699162,0.172970354897759,-0.128173343906467,0.298826328561354,0.192838192045449,0.131915440146297,0.117199446280327,0.800305786526548,-0.145851763755868,0.108145591913205,-0.128173343906467,0.129312174617632,0.149450783636447,0.104837348680722,0.0975885327540726,-0.0242174617087652,-0.191912242339587,-0.235982128951153,0.214915707050606,0.0258604656392305,0.289364037590148,0.0340296247536073,-0.363892208317764,0.0637334754849901,0.133941716199116,0.12519259219534,0.0580027631925304,-0.00774558266146983,0.0405560860243141,-0.0545682152127604,-0.0224506507270117,0.0573261584899654,-0.0768439119221591,0.148287798769461,-0.0286672009408242,0.117199446280327,-0.0869134817339776,-0.0416773476389731,-0.012093348508683,-0.117133912167518,-0.409402654296732,-0.0301632609873901,0.0215556150257331
"Thyroid_7",-0.0472407347891184,-0.00322210982040903,-0.0635783369776825,0.0415311438056461,-0.0532808166114887,0.00874714447014811,0.507288579006331,-0.0815357130420714,0.0168934785554069,0.0771973673043906,0.0632130892487104,-0.123605660649103,0.0842600395664258,-0.0857264769480858,-0.0278644255391206,-0.0815357130420714,0.0881692136752354,0.0740626046318275,0.0884969554522494,-0.0330521409816608,0.278641323421559,-0.208809870389276,-0.18555760048805,0.0596793892290304,0.0297569103364383,0.647381558295706,0.537275229242853,-0.122337744637042,0.00539000087977027,-0.0235803157893176,0.0538456236385134,0.00187003529616594,-0.116384534801051,-0.00115024404279124,-0.01983766941673,-0.119774041344845,-0.110013822303913,0.073719812262999,0.102846638543314,-0.106308448911636,-0.123605660649103,-0.102168569487636,0.0536932539682934,-0.0647952797450502,-0.133739098538029,-0.523348575636255,-0.0767252462603743,-0.0690839847877107
"Thyroid_8",-0.0369604182534673,0.0380065813297107,-0.078318378943633,0.0471422726966491,-0.0346813208541102,-0.0836114093967195,0.511513647161954,-0.0884403754421536,0.200904860007689,0.110815677577691,0.0784127485590111,-0.20964829136264,0.155634697376149,-0.0515346612518936,0.105819608433777,-0.0884403754421536,0.0861578153776476,0.0469184695584395,0.114058903043515,-0.0185804272706056,0.0500001639230026,-0.19139367364606,-0.189691110653967,-0.0829843423562052,0.00521222387265319,0.736418548310441,0.143335570180493,-0.150835965245118,0.000807339731480604,-0.00126500667677142,0.0440006003999221,0.0361163912426561,-0.012014477042253,0.0318384425694339,0.0216532462618119,-0.0595036087753554,-0.137789890271234,-0.0325240799196315,0.127836814040227,-0.0758731517621798,-0.20964829136264,-0.143220435970156,0.0530178344169013,-0.0543871736084173,-0.127051077185614,-0.476471658588733,-0.0497541530015161,-0.0197667447498811
"Thyroid_9",-0.00137559443732376,-0.0498439407423225,-0.0144900144276551,-0.0399884976489294,-0.048538525103041,-0.265447162158502,0.397335291606383,-0.107223036673792,0.0139944860246534,0.0341481144514678,0.0805004899377625,0.0628209890159355,0.155834956722964,-0.113828274907432,-0.058380638423745,-0.107223036673792,0.0395585892158617,0.0394925532719365,0.03386063299165,0.295802718653406,-0.0692731910739247,-0.0948706187305397,-0.185877247101751,-0.0140888536490914,-0.0774353538402457,0.0720903599698143,-0.120276717087114,0.109852837316555,0.0593334837180406,0.0137950593354163,-0.0205786133213775,0.152883760268352,-0.128396594824574,0.0986943661815899,0.0143309837567304,0.0309733906101783,-0.0676590830267374,-0.1086972702267,0.12136312749175,-0.215220289871096,0.0628209890159355,-0.121145597681406,-0.0302246812028222,0.0546051309171783,-0.0936863621509505,-0.218836538307101,-0.114806437947989,-0.0982984916505106
"Tongue_0",-0.153065409967264,-0.0679066619123004,-0.0452241410375226,-0.0285567661225215,-0.135775862348172,-0.0781752256717263,0.0406405987570101,-0.0298053568593675,-0.183366005779345,-0.103871165132954,-0.258019810874986,-0.445701950048769,-0.205827485488156,-0.0645717924737506,-0.0638170505448717,-0.0298053568593675,-0.258514226311858,-0.258600724273103,0.0497470340187834,-0.176600614850382,0.503065936347126,-0.0560621733764131,-0.105225664072324,0.117440982301449,0.0131192001851163,-0.0293505483380881,0.0411574857295933,-0.325183307262641,-0.076813713235091,-0.0320413133707472,-0.0811904003887971,-0.0202341129378972,-0.135691342865967,-0.113588261293353,0.00660548758803797,0.044089076575159,-0.0560879367697961,-0.103975069933257,-0.0363304576198361,-0.124621367292137,-0.445701950048769,-0.0925081790098536,-0.0541139529842937,0.0321868394533295,-0.0523043068249843,-0.410257567951982,-0.0790689411613719,-0.0705407927208539
"Tongue_1",-0.127361332236613,-0.0823739034234885,-0.0754841852544648,0.00909711153759633,-0.117153905151672,-0.147856206532087,0.0133057565034763,-0.0697907110347817,-0.0697545667378515,-0.0465083158003416,-0.155322008583288,-0.361714776808205,0.0673741776969611,-0.0785050321108723,-0.00789499424477904,-0.0697907110347817,-0.161838959846869,-0.155028789319202,0.0587296118944836,-0.151029287959607,0.600461986579109,0.00428711041559442,-0.165533031204284,0.139708935320989,-0.0147972328159711,0.197850832422336,0.0204922194002159,-0.327936799651542,-0.048127049474225,0.0237672621753975,-0.12353363819157,0.0521390608255146,-0.114423444152417,-0.0774851138835079,-0.00117953553862815,0.304016611277675,-0.109641806895543,-0.0542414629615527,0.0278378912231901,-0.104678503901093,-0.361714776808205,-0.0980860637403839,-0.0280635405852928,0.0181104379390226,0.0311538840086916,-0.59121436505129,-0.0471369929515356,-0.0817372726009412
"Tongue_10",-0.126707786242488,-0.0753025482616847,0.0219185792779163,-0.131725887911193,-0.121869769928637,-0.00752527983940258,0.102139917221218,0.113976208440231,-0.334335876298043,-0.201802362405888,-0.431060059441025,-0.437713549448645,-0.473681044667233,0.0729788561980838,-0.240942382919403,0.113976208440231,-0.388202577945802,-0.431645598137914,-0.1684128295943,-0.159292837775331,0.0519693707133163,-0.297982614713115,-0.0977718400213329,-0.157386595337431,0.0531583515240207,0.124138385371818,0.185684119180622,-0.244289526727342,-0.0814790786158286,-0.141073886166705,-0.247113608400287,-0.17152546498992,-0.141803407769729,-0.167015792284546,0.0448883840093143,-0.216411693989564,0.0194940788813051,-0.0399933414587694,-0.100321639325269,-0.120183906879712,-0.437713549448645,-0.0527224409732229,-0.0864538588872122,-0.149136910935291,0.00180333085280541,-0.0791975719770796,-0.0640266458495019,-0.0696391174293313
"Tongue_11",-0.0590686961397372,0.190951338890478,0.553486184879526,-0.133509970200857,0.00803815935390793,-0.210809240165981,-0.059410550419359,-0.083052491465151,-0.283827388269422,0.03619062083302,-0.100664021181187,-0.28887609459158,0.192252183303107,-0.0830697267149339,0.0789757033144674,-0.083052491465151,-0.133409431120009,-0.134682958815388,-0.0989411212951536,0.0426906314147827,0.221208912714395,0.204596176700244,0.586708985963973,-0.0451323832763749,-0.0822516357425978,0.0560326464159085,0.0754836973045571,-0.0976330343015408,0.0717982662222011,0.0999236115990295,-0.152022582689369,0.122459543170241,-0.120022735217284,-0.0432019443597828,-0.00686074179821783,0.110226296931163,-0.0823907100767191,-0.095290879989592,0.0273838514025015,-0.108590775975209,-0.28887609459158,-0.0950817366545693,-0.0411403973117949,0.0042509892930174,0.719861083304764,-0.306606105215257,-0.109283412180338,-0.0345314639067288
"Tongue_12",-0.0491956981803701,-0.071433496553761,0.0539454193441607,-0.0650227667131934,-0.101395358299808,-0.155920226288305,0.157114007428159,0.109072508864319,-0.340700708537237,-0.137931694929657,-0.334379736216881,-0.418144520123756,-0.40266025820575,0.0312319303598593,-0.182750613566774,0.109072508864319,-0.323904697490626,-0.347053376597315,-0.0960490546489249,-0.13473371464706,0.0515207962203591,-0.214851424633914,-0.00252471101738778,-0.143308488174842,-0.0392614365826377,-0.101906045766696,0.00329649256083977,-0.0720404946593192,-0.109938801178443,-0.128959331294485,-0.190952660467688,-0.106116786564551,-0.110298951917018,-0.0844166183787029,0.0192292459171566,-0.144700619539976,0.048207473238851,-0.0828764098628724,-0.116067158868544,-0.143512533768938,-0.418144520123756,-0.0860018185814936,-0.0839902445244529,-0.1006472830123,0.00135217376346368,-0.105529232396184,-0.0267983277066904,-0.080858543979071
"Tongue_13",-0.114171517256887,-0.153685948742831,-0.0463034001136584,-0.0762372126781368,-0.143754311654825,-0.24649565475907,-0.0357769087258049,-0.0178171764551282,-0.0905468544611679,-0.155198586360069,-0.158678979720611,-0.140317936863224,-0.301001346094553,-0.0678652383913419,-0.152211994161174,-0.0178171764551282,-0.1794529554984,-0.186595886455586,-0.0677723745326589,-0.0939365626307515,-0.137546002112397,0.431306441230884,-0.110767042111011,-0.0507994043231966,-0.119497866814493,-0.0116700274237957,-0.104889225482214,-0.25591222664679,-0.0317358787452957,-0.0203769781868075,-0.00121890809285308,0.0187436568589442,-0.0117205988364516,-0.0730437949443164,0.00511953994541918,0.21680972193682,-0.0802299028395737,0.00305770153017996,-0.0633760212819819,-0.0279479056800535,-0.140317936863225,-0.0474593620190671,0.0398788839104384,-0.12481300342725,-0.0138659578705842,-0.125360707786894,-0.066644159709288,-0.0625425277882953
"Tongue_14",-0.0684454733443736,0.233016237259079,-0.0542919932862218,-0.0798895211255507,-0.0893751389036564,-0.165946248888297,0.0166908407835506,-0.0442926673899543,-0.208589869055531,-0.0212824910211487,-0.142034717751598,-0.320410719449698,-0.0834272938910448,-0.28560218322449,0.0387981979027306,-0.0442926673899543,-0.151856671452625,-0.155093670896426,0.0788585090943222,-0.0628970103675953,1.23558014817323,-0.0905784247560704,-0.155392917149041,0.319556487801206,-0.000164167751558201,0.00798698582193504,0.0807495784990177,-0.523648965895606,-0.0246332296999843,-0.00938621362885085,0.0161596030260409,-0.0385815446475208,-0.0798208703030397,-0.0478914846065893,-0.00681733980300363,-0.0633736774745785,-0.0237545813679463,-0.0658745245636591,-0.0138681091757815,-0.0963117105913934,-0.320410719449698,-0.0902282225314047,-0.0702797650608602,0.0373852127017924,-0.032543282855295,-0.315960961761465,-0.0132915679951067,-0.0137357165987674
"Tongue_15",-0.141755832343859,-0.00860572192708418,0.00127413309972056,0.0563286358951579,0.3215495273247,-0.19147369234863,0.0215534020393985,0.00237385147738247,-0.0981932689742632,0.0246308274048998,-0.165328230498716,-0.306767518085189,-0.141417272268464,-0.0315056132653428,-0.194169794738437,0.00237385147738246,-0.242622118460057,-0.245280294199102,-0.106461915718902,-0.0275259225174427,-0.0605992762761801,0.317609170260815,-0.083424634694185,0.164394584889217,0.460436490200674,0.363315304646086,0.295000226635648,-0.174637979593594,-0.0206699977914891,0.0633469027850227,-0.158288984548589,0.0542852948895136,-0.0660930052273443,-0.136990878405389,-0.000557703008279949,-0.0730267127064468,-0.0799867421915704,-0.00248125796652747,0.0837278223842909,0.0530793732120258,-0.306767518085189,-0.0500967574483617,-0.0621134274330305,-0.112766944979581,0.49733922614678,0.855913570279803,-0.0609981869319962,-0.0219216873153143
"Tongue_2",-0.0971232362610055,-0.0532854815237053,-0.0312046547763665,-0.0654073056972026,-0.0786139272814732,-0.173319972036647,0.00193945277078222,-0.0703995186600478,-0.30164396528568,-0.0278215729710161,-0.143315023931023,-0.344111833086225,0.198414053501336,-0.0893690044968929,0.0861254662245516,-0.0703995186600478,-0.142711140362311,-0.143630263851738,0.0810891473447674,-0.0666291960732418,-0.0564099671649274,-0.146358987019104,-0.142547103186344,0.167963426015661,0.037577550751545,-0.0555231695846389,-0.0388156445487924,-0.329181816543485,-0.0253725882192849,-0.0318006629676943,0.0647667548744791,-0.041840339001136,-0.0239600035876262,-0.0823232039910376,-0.0106466314882635,-0.124211186326975,0.0460819832304567,-0.106858735073393,-0.00548639386581152,-0.114020649135496,-0.344111833086225,-0.0856853418616194,-0.0749229229014865,0.0275261616370375,-0.0919782798374787,-0.354256606484441,0.00663376288917484,0.0730253222184719
"Tongue_3",-0.097501748209893,0.0671862303355745,-0.058958307593,-0.0415221341305457,-0.106072021479237,-0.0999830906595462,0.0199094923602104,-0.0428908965492965,-0.163439463619703,-0.0388849698827056,-0.146808948728421,-0.359093008626559,-0.125266882845776,-0.0967998351824757,-0.0156895611060037,-0.0428908965492965,-0.14639680474588,-0.147835918494032,0.120854821742117,-0.139047496364849,0.506686254474318,-0.0944351805361107,-0.135465184006561,0.227564473804972,0.0612901323278162,0.0197745950645462,0.136854978239145,-0.340547517738807,-0.0439707102184377,-0.0161519710718163,-0.00578340245125494,-0.00898697340403602,-0.114749677951656,-0.0744718986561035,-0.00314176742961079,-0.0503600890443754,-0.0843239099639655,-0.0690280256904395,-0.020193798316983,-0.0982354992379572,-0.359093008626559,-0.0862903228695914,-0.0355608965420226,-0.0326349418054073,-0.0527288450260364,-0.421063142369766,-0.0156359421042386,-0.0651672224959561
"Tongue_4",-0.130521156623508,-0.0412062399045829,-0.0657434687345666,0.0156093643764494,-0.115043174971757,-0.121453142873895,-0.033055822698058,-0.0470301076567269,-0.102697852298983,-0.085989755872521,-0.182032649000094,-0.381145311750218,-0.104783965518645,-0.083664104108565,0.0286869460735496,-0.0470301076567269,-0.175584735193677,-0.193957424873345,0.0701140299655922,-0.185618381567101,0.136936098904156,-0.0548504897522157,-0.122807855052624,-0.00138989117341548,-0.00165342052060532,0.341416516830903,-0.0187692394976654,-0.300075363788926,-0.0453258218198512,-0.00451151907036259,-0.0540747586660093,0.0244727091736618,-0.126872676589057,-0.0828492331363822,-0.00439283122547486,0.0893888742075726,-0.122724358193314,-0.0932336706569816,0.0351154208220485,-0.0866643881498256,-0.381145311750218,-0.101446880240596,0.0113943882564994,-0.0567076570056758,-0.0277432504588381,-0.455070447075014,0.026797041747675,-0.0374408906075821
"Tongue_5",-0.0953688782211161,-0.0851514209854202,-0.0729012680051545,0.0179815723549182,-0.0746230164315997,-0.131349820666731,-0.0336660415657463,-0.10578436218067,0.30292354578827,0.0167423751384934,-0.0533980896969819,-0.219783435465478,0.343248738673866,-0.0513724545968933,0.0583573374080547,-0.10578436218067,-0.0535110780012115,-0.0446685365711915,0.108233039193155,-0.135636031539133,0.484573125457917,0.0715985685676492,-0.198801504935324,0.0331114798740553,-0.0343962859206234,0.22578799309459,-0.102878988093939,-0.296237946224881,-0.0137611337389518,0.0238421822397511,-0.117763787575024,0.151969615184177,-0.081751259780108,-0.0173993105982725,-0.0116658013900752,0.361451780425566,-0.124913460504933,-0.0486246478612089,0.106363194903285,-0.0738454511783168,-0.219783435465478,-0.107727130537245,-0.0066475422000107,0.0988164920602825,-0.0548584553458302,-0.637901345663387,-0.0700540565241532,-0.0703355257374298
"Tongue_6",-0.0274535375896635,0.183945090640113,0.912887675763244,-0.0386966538326603,-0.0816933903381087,-0.184686743985734,-0.0643576095772982,-0.102436321737892,-0.176805733099418,0.0085946958262392,-0.0747449137259188,-0.196499372166854,0.121512741413629,-0.0755602887802971,-0.0212100229282334,-0.102436321737892,-0.118721265702253,-0.120754591220228,-0.0128808891245929,0.141046630974021,0.389540942662707,0.0131357196409514,-0.0143440457139135,0.121769115565984,-0.0826139176237448,-0.0707949277896775,-0.139531445305675,0.0483384785134724,0.0364248356550153,-0.000192994412669014,0.0114432936288198,0.167754712173964,-0.118827409982022,-0.0229203417873115,-0.0250800874488337,0.0365887935219693,-0.0983323014652571,-0.107139230822449,0.0765051741851197,-0.15154153083902,-0.196499372166854,-0.129562269860809,-0.0468591341560262,0.046370904804474,-0.0436371795549374,-0.240796236170986,-0.100343045260432,-0.0448482741840792
"Tongue_7",-0.16098602640843,-0.091437447862635,-0.0605107612155652,-0.0645736212866067,-0.170394800132259,-0.0727150038411164,-0.00636325325304536,-0.0786608407555366,-0.117520147314663,-0.0893421557471359,-0.257066742373605,-0.503276989325142,-0.260492211900786,-0.0900451854153934,-0.0990571321275774,-0.0786608407555366,-0.258719241461831,-0.252884020462064,0.153717269430761,-0.182489808289375,0.749205399008295,0.10638510050535,-0.131109908911791,0.0660819338076622,-0.00785057302045574,0.00364954100080868,-0.0211379798356215,-0.366831800495816,-0.072594753904222,-0.014151038352715,-0.145020398720116,-0.00564801521504624,-0.144192270130069,-0.122862718516308,-0.0108546728093094,0.0697416714470183,-0.10973368560134,-0.125607948464315,0.0548246089646768,-0.109510129695791,-0.503276989325142,-0.0534289831764638,-0.0355661592792423,0.39587370026895,-0.0424044907689827,-0.464444880537417,-0.0935480958649365,-0.0677664070867366
"Tongue_8",-0.0455140035732738,0.140710886408479,0.107698851943055,-0.107137101875882,-0.0316256273229878,-0.179654071043687,-0.043951971205498,-0.0448159851712309,-0.210451297382726,0.0300500779731574,-0.202981142761741,-0.369289483167484,0.0529770180051123,-0.0563272697350247,0.0228672315415073,-0.0448159851712309,-0.236682486746821,-0.248051587624694,-0.0913844547719321,-0.0187242890237681,0.251649760624352,-0.0133759236538745,0.252558374899686,0.0358627260940002,-0.0455635446320573,0.21551388014086,0.0951094374269015,-0.0288960060811091,0.0055192725891246,0.0904002336665969,-0.132280317173918,0.0732169330782812,-0.130717081770361,-0.111715651783084,-0.00702498159869845,0.040554768045575,-0.053915324774584,-0.0922471440047351,0.0989375130385647,-0.0916874737906276,-0.369289483167484,-0.0284156115219566,-0.071283220518787,-0.0737879951555774,-0.0262133111922902,-0.243149074715129,-0.0513214131299167,-0.00482578754482842
"Tongue_9",0.158421116327242,-0.132106996133506,-0.0484168871785884,0.776445897023754,0.127324417648646,-0.139509718418484,0.0441006814322827,0.255985585312759,-0.207643326267233,0.0789890381857554,0.177125603866149,0.335620873100367,0.137689211020064,0.0685972974333601,-0.0650959534478654,0.255985585312759,0.136427578047309,0.182215552790333,-0.0500471915357973,-0.0388809962936851,0.048640898305304,-0.0855077006232871,0.139315725845489,-0.0388954868344962,0.0752211039162539,-0.0334832392947753,-0.126843958054693,0.437652243183996,-0.0408146551816609,-0.0256576641634239,-0.155191338097827,-0.00684638022846049,0.0418927291809631,0.27636213557528,-0.0256022299406923,-0.134866298110553,0.266406817136616,-0.0824085844327368,0.00730104942118912,-0.0733453721177503,0.335620873100367,-0.0342453857344793,-0.0164686996901562,0.096390413457127,-0.0267884158742112,-0.102928888213893,0.0405334526263226,-0.0448631274856907
"Trachea_0",-0.0574611113634196,-0.117167350582407,0.00125876411972337,0.0848043629313966,-0.0413652853037925,-0.0944251263995215,0.125654663278329,0.337262147033409,0.0820773068096729,0.0431942219222502,-0.127653168019552,-0.289959042782453,0.0115507336269596,0.0345675659459237,0.0195094100414592,0.337262147033409,-0.148411404280879,-0.144334066326775,-0.0338653449369121,-0.162610226025025,-0.0384183833782939,-0.0663442285051192,-0.035241966014345,-0.168063636503948,-0.153025546989833,0.0195132421069413,-0.181969240765317,-0.257624927204771,-0.07814466581165,-0.0700546402512228,-0.127786515961069,0.106742516661061,0.0541754026497006,0.065859404889364,0.0258994414738153,-0.13736507492151,0.1415046408171,-0.0984949692665707,0.0543457863148227,-0.0811682097414906,-0.289959042782453,-0.152464677952248,-0.0716193481939129,-0.153545328058102,-0.0469799072183697,-0.275464723240136,0.0362136298099292,-0.0765649146927228
"Trachea_1",0.616503850160309,-0.163458198786246,-0.0449714241273316,-0.0198445459409833,0.539362336708779,1.47208633675705,0.0131072722039044,0.511618490371186,0.650788782668983,0.334726926124442,0.83154222959682,0.207563655988981,0.504127173660483,0.0315740533059067,0.389334892214705,0.511618490371186,0.439409768907102,0.449302347006478,0.114342431486451,0.389784406998874,-0.104381460028235,0.0658829264666619,-0.0966607108524968,0.21293176813127,-0.0820245252696557,-0.0756824043003917,-0.190949468976031,1.39148508139031,0.0669605685309009,-0.0502220958097974,-0.0811919107156414,-0.0135262906373546,0.584907924124074,1.20436642677557,0.0710997915468799,-0.14938004922199,1.61910783487082,-0.0684027377663856,0.1463451086522,0.280157262921306,0.207563655988981,-0.141377815737732,0.0232263342780081,0.289472538210275,-0.00823381461628914,-0.153861372336732,0.111910031907481,0.0372319169046955
"Trachea_10",0.385430339197334,-0.150003027110387,-0.0963732459257989,0.451026566865769,0.414294028469465,0.503652414320973,0.0697794503480399,0.188414010982869,1.34478426830823,0.319876261260264,0.754253788394315,0.36550032861892,0.391576856380387,-0.0437195169419765,0.161658682377771,0.188414010982869,0.479894947721058,0.578384291572441,0.235922623838496,0.166716793926857,-0.13601707603299,0.00734665180080513,-0.0879648457482412,0.10295181491547,-0.158115202386239,-0.0452339317870097,-0.18858648634751,1.04793507469266,0.0305749016267321,-0.0638015578219467,-0.0569788229167748,0.0186934951536573,0.181469094031682,0.432063259136855,0.0918743688740605,-0.224283501549452,0.283420730920812,-0.132082979221503,0.148116239522843,0.143972649765641,0.36550032861892,-0.185970695904845,-0.00140943740132464,0.10147685541871,0.0135273970310181,-0.135609742348142,-0.00863477707648701,-0.0357837940477892
"Trachea_11",0.527659114028409,-0.220859012667465,-0.0900462132100641,0.0157664282556294,0.497979130669221,2.60871467140278,-0.00469630204046406,0.474968366523109,0.532848547275334,0.35822645412705,1.00783776610729,1.22570797606503,0.729810666728974,-0.0309567836703304,0.498957876906262,0.474968366523109,0.69724424434472,0.782357738599479,0.0913019816860916,0.574919009056297,-0.177475495072378,0.0618839465844495,-0.1488891243885,0.273088285190799,-0.0954931424753715,-0.0776840080701747,-0.248691669302996,1.66595793579755,0.0480096451420046,-0.0939344596564255,-0.0123684633380809,-0.108244932304181,0.551447576013321,1.03057969518433,-0.0688030450326475,-0.271871986641397,1.26126541232527,-0.0791292084490993,0.0292604893772438,0.138288217630436,1.22570797606503,-0.129607128920409,-0.0425105324870074,0.165917808994096,-0.127291089656811,-0.152622382257585,0.0567288064779079,0.00929692921381115
"Trachea_12",0.0598106671172983,-0.129609524843796,-0.00828295768838345,-0.00226768767983025,0.0229549727485073,-0.192101365358902,0.1277436712076,0.318276780845573,0.913954416023065,0.0808471171588083,0.079854823342443,-0.221178881054616,-0.311014387171248,0.0251804186295176,0.0728264931547134,0.318276780845573,0.00993507531945375,0.0683946788260854,0.0723804233130024,-0.0715538016821959,-0.046364078707718,-0.1464947263286,0.00711763466759831,-0.253528639829698,-0.143988781672242,-0.0966743893232188,-0.112595755971741,-0.231012335721841,-0.0504528251330566,-0.0899674667404158,-0.316875137030188,-0.0493761047579408,-0.14231373648211,-0.0380236220650894,0.0394189631321233,-0.242436817981552,0.0182682261095393,-0.120767662438421,0.0678083042349799,-0.0961368991642183,-0.221178881054616,-0.12350395485876,0.0875775654113535,-0.0451977624491224,0.00638232071047062,-0.123248739426402,-0.085067971688121,-0.0945889955992051
"Trachea_13",-0.241796176949677,-0.29356998940441,-0.139944056212039,-0.319238899281441,-0.232279324268672,0.211930023885045,0.428276496603317,0.717765384323486,-0.331194923439976,-0.265239221390338,-0.545441065929675,-0.541783885100772,-0.621117092734262,-0.0379467600507243,-0.350489330109232,0.717765384323486,-0.497173116332216,-0.542606381467135,-0.211787765593633,-0.350437097402886,0.0220419828003367,-0.393289014801267,-0.0389505005561115,-0.284073611916258,-0.0873813646888451,-0.367063388608362,-0.0653138979189491,-0.398103427388324,-0.209957160910503,-0.269934393454665,-0.34524768023562,-0.24159599305457,-0.283391964590439,-0.207165041962203,-0.130342733030847,-0.0355975707860722,0.248221191640037,-0.0821527936601001,-0.161686918848046,-0.235659983306549,-0.541783885100772,-0.00831249727584782,-0.211151244243562,-0.340588729130782,-0.0596411319226036,-0.209097795931448,0.0198478089997777,-0.165976667656614
"Trachea_14",0.166269646991655,-0.15619566436487,0.0143735253387441,0.207019538520097,0.08111326124172,-0.039680168753043,0.00965456617503409,0.4193433238391,0.757024955939866,0.222287017683786,-0.102303272667223,1.95589187777501,0.751407083988589,0.0212928803226092,0.447426440862297,0.4193433238391,0.20321737267255,0.293040480649916,0.0242530635207663,-0.0567101109369605,-0.0410296940224146,-0.152727635426918,0.00476250075635761,-0.17357264761864,-0.0563592521193301,0.263814787381474,-0.122326896532953,0.35113735826736,0.0494857979237301,-0.0248562436842407,-0.243625622134504,0.168302075531955,0.608797368270979,0.377195703554493,0.0261304688476809,-0.143545750443991,0.646040290559734,0.0304719410999471,0.247785113396082,0.143768982244855,1.95589187777501,0.157018965090261,-0.0598979003817327,-0.216649839169393,0.0356081458771527,-0.0206825313243996,0.405178846967085,0.769299025223659
"Trachea_2",0.302985736762926,-0.131754796768604,-0.0192359440280377,0.293093814920811,0.268467582076989,0.0632509559469999,0.106797598228346,0.330151531910984,0.994739425421159,0.26720281043195,0.44505144819195,0.225534806673178,0.305120892563584,0.051944152748073,0.130594038136855,0.330151531910984,0.230895812464443,0.299023005523127,0.142461898027903,0.143868507398704,-0.0848272904971314,0.0119598442531567,-0.0412351192724289,0.0618530983387358,-0.126294741371291,-0.0535048596010776,-0.163335537065195,0.313268263114393,-0.00554970923944243,-0.0623935896290094,-0.133441802651588,0.00801854927398508,0.150353461901875,0.358166057677672,0.0933625605522383,-0.166740140349829,0.301446819836803,-0.119989231080805,0.127097941076494,0.0397669633605308,0.225534806673178,-0.153574893122293,-0.0388158732877141,0.0573786845237014,0.0250481241542067,-0.111492285032972,0.0227637068938212,-0.03449366141009
"Trachea_3",-0.0189569042191209,0.0154947508746273,0.00708847454244323,0.0257092954679178,0.130750015906092,-0.16163383727179,0.160405419887384,0.248426979267886,-0.248973688043961,0.0740165832610802,-0.100687073042102,-0.228872322369203,0.120778203965706,0.0635588124093297,0.144021145634292,0.248426979267886,-0.171622753680501,-0.162306848935863,-0.103334182964803,-0.01753957986287,0.0373434425900882,-0.114938169523534,0.102134916917763,-0.161643505841078,-0.145111007595271,-0.0370064306744103,-0.102151095904469,-0.191775305489666,-0.0436887732097936,0.00875630984799787,-0.0972554115917792,-0.0158800819740738,-0.0229457864696324,0.0612481017658764,0.087642250483091,-0.0888232444429955,0.232385247812599,-0.0876420622059348,-0.0073278467297212,-0.0789806524353408,-0.228872322369203,-0.0968476363779057,-0.0321575728055124,-0.109695095076141,-0.0653547855647801,-0.104334662045853,-0.0203358565957661,-0.0463522275382904
"Trachea_4",0.0867538884302756,0.0373211611696076,0.0128834311605119,0.113371346746584,0.213466972152845,-0.113295098507383,0.0994668705774427,0.21331043847082,-0.253869006818136,0.154477402770608,-0.0581885525583713,-0.212561320471832,0.456206271854628,0.113536859384914,0.60089989442637,0.21331043847082,-0.127513171277045,-0.123059101455718,-0.0953880053926607,0.0324620102057038,0.0134646819968449,-0.0805900028842769,0.420753950004955,-0.171046353290115,-0.170238832289849,0.0303398290460837,-0.148317727805437,-0.198309134616449,0.00968703551413058,0.0308058020966614,-0.103064037408332,0.0545444889110877,0.153025567587134,0.383717286101333,0.0296657597655557,-0.0696156185217646,0.651053180493017,-0.0964393048417361,0.103296919009192,-0.109151749780158,-0.212561320471832,-0.11235376011542,0.0214830673236625,-0.10819458205925,-0.0851641135414895,-0.114762871084863,0.0766479342990506,0.0550629603404591
"Trachea_5",0.11303915778739,-0.0682033524693548,0.212564451470839,-0.051075040799681,-0.0408538617280549,-0.1240685171388,0.176183233297031,0.269557766053656,-0.123139005859579,0.00628076235870393,-0.0152302899006283,-0.326608989499584,-0.0316588517606299,0.0589840354474873,0.00789351310716387,0.269557766053656,-0.112814711762148,-0.0855975506961764,-0.0630774875182791,0.0316207992496283,-0.0165629113229992,0.004604407044071,0.00512140731788097,-0.166940864527782,-0.117975564043976,-0.0528670755226464,-0.150481244109864,-0.203542638000315,-0.0176713561865786,-0.100319550727093,-0.117392023423075,0.04676161336214,-0.028060095009947,0.244106502987837,0.0352533550325931,-0.144045079837067,0.264429638701505,-0.114160395247639,0.0745262534677887,-0.112078328172871,-0.326608989499584,-0.134700567845673,-0.0880474022029256,-0.0262054110911237,-0.040915785775522,-0.104265698448216,-0.0372297197990557,-0.080774447700807
"Trachea_6",0.265906297795944,-0.0717730351067219,0.0163155066599203,0.00349775500009659,0.114229585241317,0.093446219708445,0.156909373675771,16.4708899519177,1.23772998283862,0.770302222556958,0.0358697897195713,-0.125795937310272,-0.0268121456549371,0.142404071029418,0.0962862802447972,16.4708899519177,-0.0150896941132571,-0.0432692433977353,0.168275359221427,0.0469499294014062,-0.0317366960943269,-0.0910119657634589,-0.0138589169492584,-0.000302878849873396,-0.107055001499544,-0.087459373404926,-0.125494547726923,0.265514630743433,-0.00980254337982427,-0.115423367450501,-0.0318337460702746,-0.0381852062975472,0.201902951243951,0.167495573815792,0.162741586558059,-0.103949611264416,0.129464892254223,-0.0684787951448257,0.0802188816982931,0.0180843815503219,-0.125795937310272,-0.100214134707244,-0.0879752870843122,0.0606687827145784,0.00911002902014747,-0.120619563862975,0.0145485511848326,-0.00741801603001721
"Trachea_7",-0.0151208427327235,-0.148346766567061,-0.00415622084780976,0.0400889693097755,-0.045656553935502,-0.152091957702447,0.130568144221774,0.182397276437303,-0.0836694417386171,-0.0359843553556106,-0.00824285574690463,-0.118302969340927,-0.0866824420310923,0.0265691229499663,-0.132105366846339,0.182397276437303,-0.0977203045950522,-0.0819494535595999,-0.0539112935888478,-0.0342128824488065,-0.0696848451424219,-0.0565963526415842,0.00632630136580372,-0.164663568442014,-0.144969246180964,-0.11197361453064,-0.0702164953770167,-0.261523945504859,-0.0575759222544768,-0.0901060664035482,0.233389451976456,0.0174517514088583,-0.0198538191967717,-0.00901270642269412,0.0248846273466961,-0.0392952977377441,0.0306479823769773,-0.0374216607783691,-0.0070623998247004,-0.0382454363907681,-0.118302969340927,-0.14639986803363,-0.0815682337749958,-0.101605825666415,-0.0173068941912162,-0.0180358416830943,-0.012689273881825,-0.0687203296346839
"Trachea_8",-0.0759542246912654,-0.145365140874565,-0.0463817060197671,0.0728775484397347,0.0279124880422259,-0.0602582554713526,0.122668079355075,0.169500943282414,-0.264013804488984,0.0119386523501616,-0.149156613175319,-0.308567486574166,0.368763270149598,0.00654691030071788,-0.0245851801140542,0.169500943282414,-0.178747884638302,-0.165413332522942,-0.0379411731530759,-0.169203427973613,-0.0505439574593706,-0.166362693845266,-0.0226063503529688,-0.113476695695023,-0.115251704290357,0.0178593054092151,-0.126243768404784,-0.311151383505274,-0.0787124270427564,-0.0359469519640579,-0.0526322544098903,0.00635403310462453,-0.0203376442934715,0.0220969415751936,0.0242617113766687,-0.176799060304639,0.143297521825877,-0.0862504961033962,0.0202848323556522,-0.0454860561046485,-0.308567486574166,-0.125675267727927,-0.0698809325309282,-0.120778880836914,-0.0419278589053683,-0.156886164752669,-0.00749038274966333,-0.0537366842767055
"Trachea_9",0.0963581408750472,-0.115571370526897,-0.00303935030285824,0.11140658588437,-0.0392188691204354,-0.063011004478901,0.17285998368449,0.2631054171373,0.250568187576701,0.0430174532244256,0.109519049575407,0.193561758012941,-0.217836597732207,0.0623456001526346,-0.128810910719774,0.2631054171373,0.120740110072993,0.144949837960336,0.0179555205590497,-0.0846438713107047,-0.0268627858286684,0.0522900777532333,0.0251436156318661,-0.220248015599541,-0.12853213266122,-0.144470003793707,-0.0953138955799279,-0.206650123305215,-0.0728476603473358,-0.0579624653746918,-0.106943648775558,-0.0881638427968855,-0.0446510476372835,-0.0494106692427997,0.0396626292111068,-0.185668060624515,0.0713410294703725,-0.0334485636428549,-0.0285737054964604,-0.100425985442488,0.193561758012941,-0.0898510522125603,-0.0603548346401904,-0.154209250150346,0.0102828944050055,0.106682454128694,-0.0189096598178292,-0.0904044124083816
"Uterine_0",-0.122165224848674,-0.0644632655714605,-0.0803271118136861,-0.0862320849359124,-0.137489885020857,-0.0545925411576989,-0.0621831917710784,-0.0897815221430412,-0.0622097413786966,-0.108511793580938,-0.152673793148176,-0.325028009548269,-0.28269351172153,-0.116003015647997,-0.0593412251844543,-0.0897815221430412,-0.147318438206571,-0.127785294905978,0.129233821050475,-0.173690028212466,0.611187758111644,-0.203630990359795,-0.168400241728232,0.13273188498591,0.00178745073696177,-0.0560121845483293,-0.0472347128566036,-0.356839957968572,-0.0426007618393195,-0.039183493998191,0.0181399295528551,-0.059078977205547,-0.150379232170429,-0.0944743006530298,-0.0216206889257581,-0.0232899438400399,-0.1323528773555,-0.114016693440593,0.0121003854364262,-0.101747582664292,-0.325028009548269,-0.0697642031460528,0.0228480101200936,0.261857812947875,-0.0948356837604028,-0.516806362946661,-0.0886343476285243,-0.0739891996685236
"Uterine_1",-0.0904862725989123,-0.0847107946512127,-0.0942182464350976,-0.0502512917459457,-0.0830199367004635,-0.0949781376668385,-0.075032128862664,-0.104597309114949,0.067486912261995,-0.0364442106003713,-0.00708545661612916,-0.0564487980153445,0.0677315329055672,-0.102746621650472,0.0641116844949292,-0.104597309114949,0.00576331125431471,0.0312904555168821,0.162924273927261,-0.11722793648289,0.348854091885642,-0.173669700528392,-0.225363787817323,0.038839015774579,-0.0530936609718751,0.139443983303275,-0.113697724712134,-0.333239919863007,0.00626995224531508,0.0182639914318086,-0.00859177208410726,0.0275028497674528,-0.106396392008616,-0.00340766467868479,-0.0260113271816479,0.141361577427594,-0.162914450985502,-0.0867562161261198,0.105311730739836,-0.0701909449486048,-0.0564487980153445,-0.0903775263914101,0.0458666359915486,0.268930802192076,-0.101335124068079,-0.614621991917784,-0.0531673867524654,-0.0854589298074825
"Uterine_10",0.152487472733188,-0.125359486227002,0.0130114004825872,-0.106902819604622,-0.0557907510090773,0.614034337172238,0.0809686164945299,0.0196935341069777,-0.137973371826131,-0.0284515725782696,-0.385397103926074,0.707966020613479,-0.110945425008253,0.308625033911585,0.177705388445973,0.0196935341069777,-0.194787378886473,-0.17468093886628,-0.0594355067905245,-0.212802701744751,0.0855633644487151,-0.244778523192102,-0.054039775457841,0.0778578710635917,-0.0189667264773012,-0.114598210686148,0.0149127499235511,-0.259764880272654,-0.000832335426241266,-0.0520475010400563,-0.247336606442938,-0.00634002331199227,0.518115601783078,0.0810762711436298,0.0317492610958118,-0.112989116983866,0.329102153878427,0.209008754548082,0.317619658427522,0.215853020162066,0.707966020613479,0.769385256069758,0.114691667739537,-0.199248711732877,0.471835505930382,1.20962415580373,0.318714139577207,0.0610073820684836
"Uterine_11",0.202653304430503,0.345136216672382,-0.0252013125788455,-0.0474315212350551,0.0935212432108515,-0.120078061991191,-0.00442126802889373,-0.10564087756116,0.168920974674584,0.215605895167672,0.371747470494574,0.504498462376337,0.544769735541337,0.137427753060656,0.131090150296929,-0.10564087756116,0.476388761804723,0.451441117534878,0.045347669244627,0.418988716806887,0.122153581810478,0.203262768099048,-0.194110787684075,0.055323295466346,-0.0388640628101351,0.306983669457124,-0.201035714217739,-0.127410394143939,0.127982277121471,0.157627701975041,0.0724676887711223,0.101395642686938,-0.174066571578414,0.208613730269641,-0.132971884298145,0.0316168301231693,-0.158906142830988,-0.123973195486162,0.0744182565374086,-0.106768973035706,0.504498462376337,-0.0832509500382743,-0.0355398995704796,0.2318054027849,-0.11967716918821,-0.201465930851888,-0.00361633754783927,0.028589516962929
"Uterine_12",0.00633912979763694,-0.144813224616888,-0.00621743148882528,0.0242608407614535,-0.0705143891457719,-0.225841622318042,-0.127612788325484,0.00183271562648018,-0.146308631415393,-0.0643999260255574,0.192144933377643,0.269858249426529,0.114917085823612,0.0329267547166603,0.00426803778331449,0.00183271562648017,0.0939658173605659,0.173250055972159,-0.0679917815010632,0.128120762342423,-0.247199813132937,0.268272626019903,-0.201405873294605,0.0182673124528241,-0.088329329748451,-0.0996332501982938,-0.22764081541068,-0.34447983753976,0.0643522791313957,-0.0125810072014767,0.255360375338778,0.091980437860668,-0.0226893555724432,0.0995629695079234,-0.0190706212836414,0.512495166715208,-0.172640562151225,0.139425135852236,0.0462027333071175,0.109737705562269,0.269858249426529,-0.0637804736661183,0.0930281241990714,0.169491694736128,-0.1133764926215,0.114249482399225,-0.025110999946485,0.00885431596741261
"Uterine_13",-0.0894423684183024,-0.0705065785886537,-0.0866011597482853,-0.00261458232866618,-0.126710279520363,-0.0808088468643094,-0.104878954453795,-0.089869418804207,-0.0458939622368359,-0.070076042415257,-0.0173119507088427,-0.283370626971562,-0.211944384193484,-0.139307731147218,-0.00408555187330274,-0.089869418804207,-0.0176623105716574,-0.0191311585214645,0.143924116838558,-0.0876370677241501,0.28564175510274,-0.235611414552251,-0.183879807530862,-0.0442566076935184,0.000541917643760068,0.245782858331326,-0.095444220409855,-0.333764460110966,-0.0266919738081863,-0.0133509827812614,0.0624257268652027,-0.0114807689149797,-0.0705094517866188,-0.0216895284069515,-0.0280968035013563,0.0154204443380609,-0.177696548035143,-0.115200497223547,0.013628886197405,-0.0684960576490837,-0.283370626971562,-0.113406654058022,0.048708668423897,0.0206204477121504,-0.0953390739742785,-0.494380716011606,-0.032114461847493,-0.0479322961912552
"Uterine_14",0.0224625838321,-0.153350599235416,-0.0884452146839179,-0.0776980513642972,-0.132086654119394,-0.321983726340253,-0.135079001960101,-0.0341287628536266,-0.03270295158078,-0.127594431433862,0.133804141707457,0.219634563519653,-0.334447490841858,0.0312353491456015,0.0149038467880115,-0.0341287628536266,0.0559347617371019,0.062902163179554,-0.0518843882555043,0.0827592985308449,-0.193894490968447,0.0610210645221504,-0.118517187384948,-0.115874840815505,-0.119044785828743,0.000747128698526298,-0.093637733405669,-0.0878909778426514,0.0385234788005381,-0.0304237319249192,0.161083105472492,0.0576201094360836,0.0350258929657447,0.0370555250067494,-0.0117481326925264,0.374123619636753,-0.133128873825004,0.0265313585666,-0.00196263058461469,0.0829008695012472,0.219634563519653,-0.0636407369460749,0.0278915846832302,-0.115245528840217,-0.105621688261679,-0.202688993987208,-0.0398481735499676,-0.0330071454864907
"Uterine_15",0.0257976355631946,-0.0338216594620811,0.296700561168843,7.22383635881921e-05,-0.102331988155873,-0.278517983529112,-0.107914454632468,-0.0426432690112228,-0.0480565560909977,-0.0756283213445072,0.15581781373955,0.227860504646165,-0.198916224900698,-0.0198009432097373,0.00828479961701367,-0.0426432690112228,0.0603089974259385,0.0971512602679773,-0.0479710600824492,0.00572839403751492,-0.237304911737146,0.0182704007128956,-0.137633436732255,-0.0376122082132296,-0.03870627226609,0.0174760900595635,-0.192168583820712,-0.325616546938649,0.0565530481900457,-0.0314305660641078,0.0568747136902733,0.0790660215589534,0.0354921973663474,0.0355845115271097,-0.0304481546910485,0.400410536795528,-0.167205418523808,0.100391040975031,0.0769561247488009,0.182729982948973,0.227860504646165,0.00264638874748901,0.0997052112470869,0.0217528539024013,-0.0681155531999559,1.97248115195515,-0.0122424477391184,0.00333367116503892
"Uterine_16",-0.0183906761556289,-0.155103122471948,-0.124445519355773,-0.0678910781498022,0.0494226389082241,-0.0333675847163457,-0.159908199541152,-0.054933291267945,0.313831994689152,0.0238475198849118,0.0155299592562328,0.262634735072858,0.91692403603135,0.141914801324659,0.158032611915239,-0.054933291267945,0.0554986201904035,1.37857448888621e-06,0.0342774136514543,-0.0264447221760171,0.227735784308079,0.218143348780419,-0.146429398242596,-0.0334522080041965,0.0464134712481185,0.303940862611651,0.411252580001263,0.881451117883363,0.198377807892217,0.0313832722539384,-0.194047724596357,0.270554749346057,0.57600051921728,0.160990969409352,-0.0276071660877629,0.0494942087820734,0.182427821318509,0.186391086143235,0.496426539532487,0.552942356516177,0.262634735072858,0.607164696313137,0.161417341319879,0.0791509511467473,0.618915731808704,1.26633018731838,0.500742856919286,0.433874981334705
"Uterine_17",0.0375191445116528,-0.135251981644969,-0.126193412269912,-0.0461681152306086,-0.00732028314363106,-0.0443153000411314,-0.096460625490627,0.0120032073087227,0.900320455874221,0.0352487691430313,0.0494745389339778,0.390013698040511,0.498666512889225,0.545111328295569,-0.136822518112342,0.0120032073087227,0.0703548658312296,0.0988074139950078,0.163428191354884,-0.0613106161897839,-0.000807106940955165,0.343930148392508,-0.0583704222702511,-0.089195502437126,0.221415555123364,0.590999242157606,0.433793241437867,-0.290432312342464,0.131165526621158,0.0430428287266406,-0.057094509503723,0.288758918240394,0.523245647794404,0.0299892180105319,-0.0384270706201002,0.107614524806156,-0.086067323528674,0.220210200220215,0.496584659952794,0.463563040599266,0.390013698040511,0.870392877457318,0.0604933551197934,-0.0604769117058579,0.311508277722525,0.697304705469519,0.307442457926687,0.195590441236552
"Uterine_18",0.27433270072154,0.0419332055895476,0.0321031345348337,0.00184955479425549,0.09630604747486,-0.183860725255839,0.140459325758193,-0.00250826167690412,-0.252095360777233,0.189301143239475,0.390103863758316,1.45098776144915,0.15616800154057,0.00369883515466173,-0.0567520997186654,-0.00250826167690412,0.525104324326871,0.597908944119826,-0.0729586646464116,0.356483845188364,-0.0538259243665964,0.0361844682594226,-0.0464209264256725,-0.248807341799264,-0.0918996549055655,-0.125739355312265,-0.196877099136174,0.208983886546963,-0.0172680502730116,-0.0547766938575405,-0.0515334814540317,-0.00707251008048823,-0.0911009312856645,0.11501872317133,-0.00586705396168981,-0.200249410485317,-0.0655716669775513,-0.0646068598073225,-0.0160306657418877,-0.102799486121374,1.45098776144915,-0.162553716599024,0.0284550023616338,0.297504346048085,-0.0115624981220735,-0.175977843409116,-0.0229226074352468,-0.00859160133629267
"Uterine_19",-0.0251092628179675,-0.0735288296022573,-0.00660953885944161,-0.0761338184066182,-0.0860655752254028,-0.144801587469674,-0.0517413063416353,-0.0572424774115341,-0.243739949493017,-0.0259255457665954,0.0964368343998241,-0.260158542729886,-0.0611955763173727,-0.083409555471734,-0.107407756095872,-0.0572424774115341,0.105189937487302,0.112564928687678,-0.104883590210421,0.0671103689712853,-0.0939175191522529,-0.0021724645118396,-0.210179574292913,-0.160803433262255,-0.0708662092398454,-0.1882825104768,-0.135166976100139,0.456863865618445,0.142031565663389,-0.0337028472832499,0.00143857543878426,0.0018798876044325,-0.128544612460015,0.0884133427765739,-0.0178898057946631,-0.0810222921154818,-0.0671178998431719,-0.128873753445429,-0.074464121928103,-0.172318721839593,-0.260158542729886,-0.0875849835295954,0.0749784604025956,0.220908577700392,0.0241250426136079,-0.307448832711888,0.0747981878480271,0.0554608642185848
"Uterine_2",0.144139815837428,0.223608739058533,-0.0287537806718788,-0.0620253105728398,0.0429574603672944,-0.0636169309615189,0.017630551546505,-0.0717223580108871,-0.0531498917359117,0.132088549832536,0.220579258242266,0.159571442121997,0.157342546909924,0.112775057783045,0.0234490358383117,-0.0717223580108871,0.320520039996405,0.28687951524399,-0.000124829285175212,0.261306938071312,0.237612851160775,-0.0794998992820739,-0.147480115319384,0.0330808304876435,0.0109685332195013,0.225880079902823,-0.168323765149654,-0.203507332469322,0.0621181401171989,0.0652233261927743,0.00201615382672017,0.00177188887400279,-0.199861152606393,0.130356092983822,-0.142900733732519,-0.177583664177104,-0.128682436216986,-0.0882177122815796,-0.0288106018736422,-0.144608122779626,0.159571442121997,0.0481896347373097,-0.0493554561803308,0.115385766291154,-0.145714128296346,-0.195083496646644,0.0405020016203834,0.0721233498229739
"Uterine_20",0.0292678343945749,-0.21253922621361,-0.188920318572349,0.101355238734643,-0.134372058323994,-0.0586286388892783,-0.192769316612494,-0.0711728437127039,0.324396557012809,-0.0227958544269228,0.436328460291103,0.252784832619081,-0.273460717242554,-0.228559707074099,-0.0157312207441669,-0.0711728437127039,0.373171532697754,0.401915491543533,0.0224231922229291,0.129373759308726,-0.185455415495992,-0.112413418809476,-0.196377018805802,-0.0487982474594312,-0.122563903448919,0.00357941578162416,-0.196242861029434,0.0136751045085928,0.0739013458903719,-0.0264973804061321,0.384465680537409,0.0996072080585761,-0.0581615598838257,0.0873324115277233,-0.0585417785056903,0.19854422566913,-0.251836144587078,0.0180853367357943,-0.00276811520908581,0.0509217257995282,0.252784832619081,-0.0660140808467243,0.116011408278829,-0.0766171017847905,-0.11253986675582,0.305209648261305,-0.100103276965692,-0.0364909985641797
"Uterine_21",0.0821347439762088,0.0703381859350287,0.0358965660772104,-0.0171838756171607,-0.0367744637441744,-0.0947949673766461,-0.16547090258556,-0.148077522231514,0.0541825142514856,0.124779937705948,0.304823769304382,-0.104397702998704,0.268111029533071,-0.0332697400293983,0.084209711254197,-0.148077522231514,0.279626916935263,0.309984120975079,0.151816911920125,0.083389456210726,0.26018207771181,-0.129616006352728,-0.208106185185123,-0.0767913579186295,-0.0628071643822003,0.0548246633022309,-0.206317602263532,0.0409114454274023,0.0755908604354839,0.023089761110832,0.195447212249834,0.111247355500608,-0.107164245219413,0.10930030700494,-0.0874151146404527,-0.0846099540656695,-0.184755814198517,-0.170672318736002,0.122236897056734,-0.0675904321014805,-0.104397702998704,-0.13765209625852,0.0944938481715003,0.373200412217534,-0.152330905042793,-0.565572122785683,-0.0990082053093153,-0.0185966917403516
"Uterine_22",0.11816052165881,-0.0610717216516367,-0.0260253215106315,0.0163933731122369,0.131447508514694,-0.0800096617754164,0.0872006822174453,0.0589818405624357,-0.0498606464175121,0.0699793642750895,0.0768349904318621,0.253959080886225,0.306096156578211,0.0808241957529716,-0.074623911879083,0.0589818405624357,0.0994838770316279,0.117195602827441,-0.0152831307265066,0.0835901645181704,-0.0424638823261144,-0.0660434518280337,0.0462134653328989,-0.195145334564864,-0.0580810398372234,0.0194769757304549,-0.0128146787152872,-0.225915373361834,0.0134675779932619,-0.0634202663625299,-0.0752039406684034,0.0155488140653521,0.248205094541992,0.05073482774539,0.00217873311274488,-0.139319407853259,-0.00507640154012783,0.0195606479206315,0.0483792359206064,0.282139365122376,0.253959080886225,0.362151634057509,-0.0157602798951899,-0.0218850849958694,0.0855243928624073,0.017629967538166,0.18222444238785,0.0693601337236866
"Uterine_23",0.121968625395371,0.115989985259309,-0.0137643919113165,0.0366405700490986,0.0233061319119389,-0.0804256540601762,0.105349918268815,0.0260411401574432,-0.212403593143686,0.120904681849228,0.170587440468375,0.302956498443474,0.134367030640883,0.243288309272409,-0.0593785963608282,0.0260411401574432,0.254073233904626,0.246082384609251,-0.0601657254366184,0.146058439219939,0.107766221963065,-0.117439162625664,-0.0806077550188283,-0.164023351059436,-0.0782415032056285,0.0018928698109551,-0.149970737907476,-0.155959807416298,-0.0238396012153196,-0.0502849544614647,-0.038764512252069,-0.0364312201235214,-0.107326944864663,0.156112274503992,-0.044590089631677,-0.146124312118794,-0.0535491391101548,-0.07053286016492,-0.0306718055867763,-0.123844086988656,0.302956498443474,-0.0957062953761134,-0.0362561530888359,0.133059249010738,-0.0514157368614006,-0.19909820281762,-0.0497751431940051,-0.0876219118490031
"Uterine_24",-0.0445523931780236,-0.0746747288724181,-0.128370029714024,-0.104927329623011,-0.133534594889479,-0.177310148847863,-0.203775440156677,-0.127538266793958,0.0285189083971333,-0.0950295471176185,0.0584962803363614,0.0956659265020925,-0.169955529507189,-0.143720001858631,0.0267187783256109,-0.127538266793958,0.00634198010274687,0.0556236205101255,0.109563248133925,-0.0189084671501605,0.174018483362316,-0.0592292434094911,-0.24438584017931,0.126968835130965,-0.00502949581096218,-0.00305347704415574,-0.126932547183562,-0.364022719878614,0.0437212658235514,0.0208580424768865,0.122598683399447,0.0459039135064478,-0.0634350119611313,0.0216872851095513,-0.0379984560809022,0.297851236883187,-0.213853323448178,-0.0230992433258595,0.0779440852887294,0.0399375410082031,0.0956659265020924,-0.0873977798369644,0.116479389165582,0.16424622613232,-0.112419164838787,-0.215656945834544,-0.0660889430038613,-0.0406642988809045
"Uterine_25",0.0575460286670768,-0.0745075106570692,-0.0611062458196444,-0.000156975092618513,-0.0546055574128242,-0.125711605647262,0.085329046568161,0.119172108046857,-0.00938969729260011,0.0270727793050189,0.210752066433272,0.298202696177128,-0.154149569063757,0.0547316117297958,-0.124090699263424,0.119172108046857,0.250096069254857,0.24921067466571,-0.0449369326128632,-0.0348951754260051,-0.0254922992310981,0.205324962786613,-0.00163884874896092,-0.14116237415966,-0.0753767863393516,-0.143654305030599,-0.0999488999696596,-0.320064940995401,-0.0129990757644421,-0.040221239770211,-0.0309685687892766,-0.0746783116987831,-0.0712617719002022,0.0469145044709223,0.00277147138657999,-0.226918822259412,-0.0365507592686137,0.0728080813968385,-0.0391803332249223,-0.0621860258571277,0.298202696177128,-0.0481640735178463,-0.0164329976087429,-0.0280922580812982,0.0903034807868498,0.693574307961004,-0.00781785148022574,-0.0534157202160809
"Uterine_26",-0.10367509426074,-0.224796957580261,-0.274989422355134,-0.0713068593465721,-0.103169111007321,-0.684436813061984,0.0951394025325406,-0.315817480707142,-0.318532747506193,-0.0884866869289178,0.00473140244478931,1.59290947447601,-0.306747133574643,-0.144294468956018,-0.192079743577545,-0.315817480707142,0.056690796335096,0.182563843511098,-0.194552382397527,0.313313134822617,0.0752609134966271,0.0140574283986112,-0.290642257509102,-0.0387267193091321,0.0660693304341814,-0.282022062544214,-0.0670914432700385,-0.162771006127811,-0.0971895766614172,-0.143805131316643,0.0384403789104168,-0.219308780029907,-0.127865220926226,-0.170545642306488,-0.063331148527484,-0.269253336545829,-0.142684858795531,-0.119523885344371,-0.230638736075502,-0.212595043958322,1.59290947447601,-0.17539315452315,-0.131297881754794,0.0283567685068772,-0.212855287198251,-0.219955012666441,-0.0979509737309073,-0.10827830938638
"Uterine_27",0.176966583980638,0.452911954992847,-0.0547329627202095,-0.238601226360055,0.0363972647347448,-0.168963256053437,-0.18966663234906,-0.158930610979754,-0.0200749761196506,0.247901036643031,0.112218756597211,-0.0654458774869107,0.0293978324560581,-0.0564999174111164,-0.0180349824371523,-0.158930610979754,0.173455024776638,0.162442970691378,0.0672111420090563,0.0710485129711294,1.08002417069124,-0.0244318157517711,2.12930037995993,-0.0438045450098099,0.102660766303283,0.0625830589380129,-0.0311082780193383,-0.450368359614471,0.0951076118853135,0.156041456779529,0.195952394959024,0.195997288587474,-0.181901391258845,-0.0272259776618555,-0.164222592346013,-0.239210811826541,-0.100110481219764,0.0130046285809288,0.132000274164677,-0.0584467835339935,-0.0654458774869107,0.0382569535522007,-0.0846224584282179,0.0504903324609646,-0.0723714115701148,-0.302583718852955,-0.0449810874274454,0.0501619764475381
"Uterine_28",-0.00172421018269706,-0.0491612039797676,-0.0219033099275407,-0.0679189549557188,-0.111439558582959,-0.0723870731026062,-0.11607476923216,-0.0381891792540877,0.123470830478669,-0.0487900361635107,0.197533403411062,0.499195837537716,0.166784141073436,-0.159156781972068,-0.0839243433404895,-0.0381891792540877,0.210977486725723,0.244157140217424,-0.0803512264375181,0.0907102378895021,-0.180500820838252,0.129890535722111,-0.123876692339526,-0.0774563404798918,-0.00744661482857904,-0.17301925872014,0.0412381054689767,-0.284519134006093,0.0552008153133158,-0.0107217781994282,0.384274796021573,0.0747271580929333,0.165771891041671,0.104945948670504,-0.0282811193878672,-0.149760527434194,-0.165981177609139,0.300921001562167,0.0718497327118183,0.245090271011942,0.499195837537716,0.0396720736710018,0.0595991219715129,0.128505716952144,0.138785431139298,1.63358694078723,0.129519873960807,0.0515486184037192
"Uterine_29",0.0549768168101128,0.0751407196393003,0.133348180327699,-0.153295334439322,0.00652216076521171,-0.209204436966465,-0.0987116165765111,-0.142140610561074,-0.0365063131846061,-0.0592862444195526,-0.00597171511728142,-0.122647863424489,-0.110890675927422,0.0677257609610738,-0.0363118652331991,-0.142140610561074,-0.00371206376552385,-0.00762840059434321,-0.0808325664365925,0.0438536403168592,0.547397798750457,-0.12692819231963,0.972253465537311,-0.0355709020575822,0.118290152304996,0.0633055022196806,-0.0246562306528871,-0.333335672347548,0.0256362284291285,0.235983353670965,0.0210056272741959,0.0128177825419768,-0.118806449094205,-0.0360926419519126,-0.117715200614815,0.0202179136941263,-0.160873816964467,-0.141888241931856,-0.0799294484804823,-0.0983565353202608,-0.122647863424489,0.00343461396444987,-0.0560982054444345,0.189042280609229,-0.137149587499314,-0.143362053001154,0.0157037374017622,0.0591893643169088
"Uterine_3",-0.118645086813398,-0.0747152024537646,-0.0863159526974272,-0.0753836522566045,-0.147879563791713,-0.03375858631832,-0.0939747723910354,-0.119945509591122,0.00237605026895322,-0.0370141141117899,-0.0884478977506614,-0.402985797233058,-0.224830463550661,-0.120449078213881,-0.117813999920826,-0.119945509591122,-0.0559158926083347,-0.0565898663363883,0.206113204413915,-0.200536444192764,0.641676831610669,-0.190279778572097,-0.194678912199934,0.0220571606302571,-0.0203025505537393,-0.0483343894014663,-0.108791551538173,-0.386895028315537,-0.045004136219397,-0.0305679551997102,-0.0135711558558726,-0.0503752335285089,-0.169512090989244,-0.0756330712598389,-0.0399700292661873,-0.0684180128728467,-0.133251090658454,-0.137474855668946,0.0365635509763906,-0.0878901536812621,-0.402985797233058,-0.0541028484671468,0.0590284836358661,0.420809536959347,-0.117067884127233,-0.600736474439565,-0.108463951135855,-0.0476607089330367
"Uterine_30",-0.104401194046627,-0.0883942586774802,-0.106752545434138,0.162133952774258,0.231744019369996,-0.194634134768117,-0.0943365924676182,-0.169828476248675,-0.0650702868099718,0.0411368738826291,-0.104154116124216,-0.0388467018701018,-0.149670212581939,-0.145062473457438,-0.119474368246882,-0.169828476248676,-0.134339430014597,-0.107036840957596,0.035814217056707,-0.0859699382712598,0.353789713996836,-0.184450300297609,-0.187082783580905,0.0909906049914333,0.255235348766482,0.139871936510604,-0.0522699258734523,-0.334402098275187,0.00430571206121132,0.0727315701200416,-0.0484512607662981,0.0345092792317803,-0.0433417998721611,-0.1027987464343,-0.0592403859240683,-0.0737088775906895,-0.104830487774852,-0.0221509056896696,0.170206495783746,0.0915075927824458,-0.0388467018701017,-0.039093337681794,0.0481685051434582,0.237340067691809,0.0776345714752584,0.163648511947998,-0.0271527111959528,-0.0066706648763297
"Uterine_4",-0.0242287148481071,-0.197838252929625,-0.0939318628755628,-0.0572779636162656,-0.155108291549244,-0.222965283064503,-0.130032694854828,-0.0124915651606954,0.0592799985401285,-0.132781602662878,0.0483054546846226,0.205375418269636,-0.269276942300978,-0.0346128628012893,0.00762898119979965,-0.0124915651606954,-0.00491110533120108,0.00825767150766214,-0.0536614683863755,-0.00150815798606536,-0.213959459853889,0.0954423828003528,-0.11994750418605,-0.0273845050098647,-0.0864908062170334,-0.0963653247419476,-0.154884123316531,-0.282004185416507,0.0175750241535067,-0.0215664335976403,0.0393861533426974,0.0703215493141152,-0.00916199261129804,-0.00906719044679524,-0.00937215622285954,0.509802611141238,-0.153549252368387,0.0771320037176178,7.26566390417464e-05,0.0651175091159034,0.205375418269635,-0.055424905936472,0.0577600423854969,-0.13294279999604,-0.0724092127478952,-0.201573285044627,-0.036141122429603,-0.0196230731295054
"Uterine_5",0.115041299430166,-0.0530359729181245,0.148686748077772,-0.0446290099411713,-0.0250613536651978,-0.0338720696822762,-0.0596925346924955,-0.0905340138937738,-0.0555883117821338,0.0492841234025323,0.284324200085129,0.0343410605677293,0.365725769681936,-0.0513151887895502,-0.0382225659487468,-0.0905340138937738,0.232838200009695,0.275763562906185,0.0895757756650075,0.383187882223261,0.13164480533956,-0.0258882608681381,-0.0383035943727044,-0.00636598066498538,-0.0129457493762482,-0.0535278593268886,-0.114978068495633,0.429042625066974,0.0970134350538255,0.0181239248903918,0.134772994166944,0.158408749398617,-0.0826554405843306,0.138353920088078,-0.0714516961454319,-0.0744891572143668,-0.127322853304049,-0.121408533108143,0.080472567205486,-0.0996682489451367,0.0343410605677293,-0.132583070545217,-0.0278442362442281,0.270362653322544,-0.100642663673502,-0.207435567730652,-0.063627535867699,-0.0313974201132616
"Uterine_6",0.0368745139235292,-0.0860954149963267,-0.10097846274321,-0.135512216919895,-0.0847451813752169,-0.187432917389112,-0.00536322099817138,-0.123979943488887,-0.272840471383057,-0.0979729660372364,-0.0471245978242356,0.45499719361957,-0.401015128844868,-0.103195879890517,-0.271715059255214,-0.123979943488887,0.0605192930869452,0.0729662278179307,-0.0327790038854172,0.157435685877407,0.12692606154085,-0.0710554475691118,-0.187512199777937,0.204711756509847,0.0999252773614784,-0.119788409532774,-0.11149132879248,0.0522066255332183,0.0995951075901397,-0.00207516527797545,-0.0267094695242851,0.0738688917027679,-0.164910861238793,-0.160465349327357,-0.0596404875710381,-0.18755808392303,-0.186924852008946,-0.0476087865007629,-0.166008636839856,-0.170259421407748,0.45499719361957,-0.0780685741357389,0.0348454043689488,0.180462613635494,-0.0772937958957153,-0.270952455094974,-0.0730925009614388,0.280655646870453
"Uterine_7",-0.0937645283774531,-0.0498309838253582,-0.028496849529472,0.0486862653226676,0.415123615569893,-0.0767094511296728,0.032271384851165,-0.0295508731139513,0.0363647616877932,0.106474797595362,-0.0594198411499426,-0.0255630686755035,-0.171695968644362,0.0151052498305365,-0.147279701238763,-0.0295508731139513,-0.104554893325227,-0.0850783122194135,-0.0464257646371149,-0.000168003664474466,-0.122110897946832,-0.196793860183478,-0.0611712400977542,0.0670171368818245,0.428540196931813,0.292161748653381,0.0170500846974855,-0.217252628169299,-0.0167750128309127,0.0505172269319308,-0.157100619538771,0.0530361547438146,0.039324398894968,-0.0830954753315406,0.0111065257565302,-0.171362842878325,-0.080752455154092,0.0414483015975578,0.145822105756102,0.129969257233339,-0.0255630686755035,-0.0438330668889737,-0.0460400840919504,-0.118104161877149,0.313446340738394,0.654376785599315,0.0291068191683737,0.038237665921806
"Uterine_8",0.000549068126976501,-0.0439539284722996,-0.0144748358053869,-0.0233086009100424,-0.0154439734090695,-0.114806944752067,0.0852585377168744,0.0294332652016217,-0.16796009524313,0.0310852283992028,0.0910780658595195,-0.0414031702800745,0.0540467253039725,0.0862515657653672,0.0243201653346961,0.0294332652016216,0.0812173280353987,0.0951511961951324,-0.00306326888916281,0.0721439335381673,0.0432778821900756,-0.160032954985394,-0.078983822084992,-0.147675665268218,-0.106233383869718,-0.0635781889068656,-0.127536329502625,-0.169380907280096,-0.0424191531747652,-0.0613493400238775,-0.0718668616608627,-0.0340905311742712,-0.0844856228234676,0.0770827081497246,0.00198363981118215,-0.1228443182952,-0.0434067867139125,-0.0870828452788968,0.0101926679167122,-0.0630500094912272,-0.0414031702800745,-0.118649930906135,0.0131149770427734,0.105577600272181,-0.0547168943319548,-0.342412342273173,-0.0320871678194402,-0.0570934349299799
"Uterine_9",-0.0379096612138232,-0.15213529897295,-0.115915529848852,-0.0155410688938605,-0.125467904081366,-0.214012978830084,-0.169324230814197,0.0258689427904952,0.361220158657792,-0.0779262302418637,0.0984405527779113,0.0240970846075998,0.108140169888126,-0.00959802763071056,-0.079840886033717,0.0258689427904952,0.0452276021136675,0.071507465952934,0.0252812068480563,-0.0423139243132047,-0.250911602319528,-0.107089660016598,-0.136631403432531,-0.0210515970037284,-0.155089782705174,-0.177060298792468,-0.177805778821808,-0.310406850735905,0.0302362182873383,-0.0334207369644266,0.0213008411165186,0.0894255628691428,-0.071182904443595,0.000327987884123303,-0.0137694339856046,0.401145918427866,-0.196974947212379,0.096197391927953,0.00193904445648484,0.223878191305322,0.0240970846075998,-0.124505681279267,0.0828384845294035,-0.0882234358281793,-0.086571751811596,1.684180501281,-0.070814068204395,-0.0385619218201375
"Uterus_0",0.0852377082733038,0.0643203699276708,-0.0486642095924382,-0.0543719720102603,0.0457721345266029,-0.15120863569332,0.0597169009798171,-0.0350831524280907,-0.174735044875401,0.0692832688735378,0.135201751795135,0.190771031206441,0.135098749049394,0.0206147161253916,0.00373450765248291,-0.0350831524280907,0.174954264434116,0.177683561334082,-0.0915943976891314,0.221286422541162,0.13525939869987,0.11708539193113,0.407173247688811,-0.101538842027441,-0.0666745895790993,0.0571701479337754,-0.134317174424378,-0.24780615500505,0.0196572404465061,0.124828184950105,0.0490541127482635,0.0209577349395354,-0.12825107381068,0.0556446859046919,-0.0993392826133005,0.000877497520943918,-0.0881306630332653,-0.121574438378539,0.0297495920558381,-0.125193991124574,0.190771031206441,-0.118632083392391,-0.0429575562513212,0.126440051012179,-0.0309472039473784,-0.182664412204046,-0.0507236293031097,-0.0584736180277304
"Uterus_1",-0.0202456256414676,-0.0564584690320553,-0.0741749340227155,0.132564522622746,-0.0430577611579543,-0.140297981226642,-0.00604711353575034,-0.0771992310386165,0.432749162570922,0.0967518019171642,0.218140883383869,-0.0213966664488786,0.289731398078549,-0.0525128834672963,0.0717680271551097,-0.0771992310386165,0.215293612792485,0.23086134577921,0.19197141180901,-0.0460247857451943,0.25772798036677,-0.0986583617011929,-0.190541093080658,-0.150322323422053,-0.10878567883101,0.0970829643052195,-0.211691700501772,-0.269262110153606,-0.00210684633302376,-0.00534970752846464,-0.0434226113377431,0.042179404687121,-0.0705216192224887,0.114187828862749,-0.0325451020295616,0.0603824258251933,-0.160539596678738,-0.0877361386742127,0.0809877004701829,-0.0582159315062929,-0.0213966664488786,-0.126127793644151,0.0192196570623289,0.260448475019172,-0.0578280898375669,-0.589095718507556,-0.0943979567214882,-0.0731741970830609
"Uterus_10",-0.038674016505914,-0.0263143031859283,-0.0760947514438373,0.116652988378562,-0.0364022728117568,-0.170048504460869,-0.0665232828287059,-0.0504364095386142,0.256341073890606,0.0448679471864572,0.151911367964598,-0.143571324261515,0.185313104708512,-0.115652712853405,0.122461728457803,-0.0504364095386142,0.15613964497292,0.12519949052321,0.108286917131055,-0.0232128158454892,0.103625846489253,-0.223593568131489,-0.17902136280329,-0.162816984494317,-0.0579547869405579,0.276306591965004,-0.198081724259215,-0.245079673243377,-0.00655355290866363,-0.0130651309213673,0.033276235971914,0.041547227624691,0.13312815915523,0.0917669722662692,-0.0291450792212465,0.014821727754887,-0.160441349622516,-0.121804460223612,0.0664737247532663,-0.0404695282399442,-0.143571324261515,-0.141628678746402,0.0273701726317403,0.0314467046775491,-0.0968116055970491,-0.48187877845916,-0.0641875152482642,-0.0549443411210842
"Uterus_11",0.0142850086413444,-0.0456968233632029,-0.0694434610743086,-0.0158833311366456,-0.0180117718332889,-0.0297908202634481,-0.068445248969363,-0.0405089954662827,0.68151131501248,0.0341887042626637,-0.040092874339261,0.16710999016079,0.538607434762639,0.186698791752627,-0.0845246724903337,-0.0405089954662827,-0.0289753090040634,-0.00752083031048396,0.126326828939213,-0.102763227175697,0.0121949937312714,0.391261190620165,-0.0163499656504746,-0.0619675048772649,0.1844091766109,0.680299395057408,0.415589984108077,-0.131815493933935,0.0779861067013563,-0.00408575884187904,-0.0608384653596936,0.240364791675057,0.463097916985957,-0.00792297778405624,-0.0345740196568606,0.104862487208414,-0.0294818252641714,0.180935565047357,0.445988210692428,0.405994876545912,0.16710999016079,0.766768171681663,0.0428532545336286,-0.0455536250264525,0.305670990119194,0.608319940733957,0.34389833251806,0.250442473075871
"Uterus_12",0.182115459941544,-0.133900944550587,-0.107289133433729,0.0530859195233123,0.233290827778473,-0.0997349636822164,0.0224281228951705,-0.1307166775712,-0.364639734895836,0.211433738569663,0.474049863692403,1.56048439823016,0.396493603209371,-0.113573317746568,-0.168603840589167,-0.1307166775712,0.521134060892425,0.562997959735997,-0.12493156526705,0.491598930055965,-0.000333506309303165,0.196264304525818,-0.164478314832846,-0.127864993584671,-0.0186129508238804,0.18284128539235,-0.239307827471793,0.703709756660169,0.0984539004330107,0.0221487248780642,0.126892017838364,0.133541536724016,-0.107448423768979,0.0850255082792458,-0.0955910613776742,-0.273475795855977,-0.122239801986624,-0.102765002190931,0.0257810015375368,-0.0811873340596463,1.56048439823016,-0.185945849783548,0.107790952381638,0.37262441918868,-0.0856827906438474,-0.203322702766873,-0.0394446903532994,-0.0330462791931909
"Uterus_13",-0.0802370295645295,-0.0303110530242119,0.0242162531204956,0.0483721712873655,0.417300729656352,-0.0832455507252518,0.0685358163878696,0.0209110123115304,0.0343155735368959,0.120364841479599,-0.0467031791857766,-0.111875754132196,-0.0450854071075923,0.0456440263686928,-0.126817752735944,0.0209110123115304,-0.144528193689289,-0.123684418673023,-0.0251248981065802,-0.0148788037580306,-0.0955357239063427,-0.156400068553242,-0.0365269844837671,-0.0349472237838579,0.232529135023293,0.316600555908079,-0.041110994153782,-0.157560459960789,-0.0301179557626818,0.0202038066020749,-0.17603888746605,0.0524961339102959,-0.0162226246243901,-0.0432810160804451,0.021447638005956,-0.138900971201451,-0.0623162397296563,-0.019420580738872,0.156878494272578,0.0766653731131663,-0.111875754132196,-0.0908942453259331,-0.0643379664520568,-0.0778868739536927,0.202540417082516,0.297101902745026,0.00990232244049828,-0.000594855655805718
"Uterus_14",-0.0668010649006597,-0.142873470913587,-0.0592857272709608,-0.110213627221735,-0.0787074823268896,-0.22869567553618,-0.0416177030985089,-0.0269576596223312,-0.19646961433533,-0.104963882739741,-0.0562739095601902,-0.289199363806732,-0.202729407819124,-0.00863630184653333,-0.0318488224861108,-0.0269576596223312,-0.10931759551698,-0.106412735352937,-0.111968701954337,-0.0719941047292084,-0.0502441452815675,0.0942013407637584,-0.0868142193316236,-0.128176918483589,-0.0712353408834306,-0.174983777664623,-0.0838965490922875,0.625394143161628,0.0973057134934755,0.00611161953346817,-0.0769622847784474,-0.0327945297042489,-0.098470084647873,-0.0226001658462242,-0.0101820404349631,0.0292550990591135,-0.0617884984836803,-0.130240835378758,-0.0645495452334543,-0.159811261092898,-0.289199363806732,-0.0786384905623166,0.0472694219950485,0.0187762734258934,0.0544884841502467,-0.261201046508202,0.0216149131690481,-0.0202956016518519
"Uterus_15",0.00880066227137795,-0.0379666971886065,0.134603119324597,-0.00236657737018734,-0.0294677389165074,-0.101199303653105,0.168982331827269,0.056314417929469,-0.17164813441682,-0.0148760300689709,-0.00571645380266163,0.191723364149897,-0.0441341715106481,0.0135791576381625,-0.112984998753443,0.056314417929469,0.00176653137116384,0.00559249967932256,-0.0767012707273449,0.103852084341462,0.0182681479037711,0.00576499606644784,-0.023183955130994,-0.174935009702843,-0.0613545760034862,-0.101665635982139,-0.0899496680403732,-0.0512841669866702,-0.0539900494598132,-0.0446955453389126,-0.0587154837212179,-0.0373439406412002,-0.0431424086444463,0.0141801220543932,0.0179439677526565,-0.178898973833411,-0.0227756063291351,-0.0240707564168792,-0.0201418849933314,-0.0589633886511192,0.191723364149897,-0.103998198914599,-0.05162930041408,-0.00165903592312596,0.000417269473608443,0.0886459414190107,0.00146162711061274,-0.0500660958157535
"Uterus_16",0.145266309181322,-0.132965523858278,-0.00398013873578654,-0.102533961048047,-0.0981985607421365,0.37589389113676,0.0916164148484858,0.0257323903808944,-0.141327029738255,-0.0346194387611256,-0.380018331301326,0.761686770507301,-0.233130097317542,0.241953272037924,0.236435934222699,0.0257323903808944,-0.18887944712663,-0.170421725677288,-0.117211219487653,-0.254610966636647,0.0461058283570054,-0.296925437821246,-0.0382877426161827,0.00841910661570866,-0.0439735450887587,-0.0265760615674746,-0.0246740718015141,-0.290417010119006,-0.0258116927571044,-0.066460599601147,-0.234351320418562,-0.00801378492488801,0.590821028836157,0.125869426251289,0.0280558544514567,-0.0604317137111132,0.393969785140022,0.213596582685638,0.326559400219424,0.225207853458961,0.761686770507301,0.860226949780036,0.0577619492151559,-0.221098416871222,0.255866974156511,0.940268193774328,0.315050967617295,0.0535120692664798
"Uterus_17",-0.0372266288963766,-0.219215998542082,-0.102746132779245,-0.17408095411325,0.0533064831654063,-0.382645150769471,0.0639952805862705,-0.356388843152727,-0.310041546678728,-0.000996167968232796,0.202307895133623,1.49005095231853,-0.131223332996332,-0.0664550122995381,-0.200390713378894,-0.356388843152727,0.141319026205745,0.23631222934444,-0.141240927130344,0.294272207133061,-0.0517592142079731,0.104156212573284,-0.170008155961013,-0.156309155163313,-0.0726836426224661,-0.185111625872876,-0.162322035069791,-0.0170137668478927,-0.0453339395485249,-0.0600701687594608,0.183046341836588,-0.120560563189358,-0.133516832878586,-0.0689718342653198,-0.0520303799059842,-0.221850570754994,-0.13422003330094,-0.122339861942943,-0.0949217682827846,-0.124156855771369,1.49005095231853,-0.172856875429442,-0.0507396144445664,0.0644639224800342,-0.193490075944291,-0.217146536946635,-0.0510728461344278,-0.0981517525002359
"Uterus_2",0.142507509570485,-0.0227621936275502,0.277479371862479,-0.0689917084313905,0.0207725885902221,-0.120221483271925,-0.0174275751381526,-0.0786018515084819,0.058039231183279,0.0833149905105695,0.296580527625353,0.0338982962353275,0.551178538024152,-0.038092489061141,-0.00516769905014502,-0.0786018515084819,0.238026259988969,0.280696770129158,0.0759652774660478,0.405157033757237,0.124153922968635,0.0885014879766253,-0.00956261572395734,-0.0349071094779817,-0.0170723416844091,0.0273606557818458,-0.119312726995661,0.487029526978315,0.0982839243071823,0.00892421426934026,0.0270583927988437,0.163880258854626,-0.0713003106890716,0.175152637279357,-0.0540489743428141,-0.00336377011614474,-0.110732366582551,-0.106443251231347,0.142937638505839,-0.0848400161675359,0.0338982962353275,-0.10992236184106,-0.0550759678060529,0.279496873301997,-0.0976619834539593,-0.185015385979446,-0.0792429471547837,-0.0461008230201806
"Uterus_3",-0.00716888726440746,-0.0335608464845043,-0.0933713957840803,0.0773240237635134,-0.00922806910060048,-0.156564009920954,-0.105192207230914,-0.0916681629423412,0.444562092547884,0.122234816334236,0.255447052155687,0.0223067914523453,0.40677946078914,-0.0565546308347422,0.0868064666973936,-0.0916681629423412,0.257880606738543,0.273621922093265,0.234988232131305,-0.0602276501812548,0.250396595729146,-0.129080179972498,-0.214777184344991,-0.109367774254506,-0.0871481425898814,0.0901984157517669,-0.252829018169247,-0.251011255801117,0.0236295270118545,-0.028508081739311,0.0220048650752191,0.0919558576793781,-0.0508586128475015,0.112988749702566,-0.0361001752481053,0.0684566660858342,-0.157127226825427,-0.0824672917329175,0.0784920844764499,-0.0457273023701408,0.0223067914523453,-0.121394155337798,-5.95849645105461e-05,0.440469446215971,-0.138416028928739,-0.554930974324913,-0.0996698495828711,-0.0819684069760411
"Uterus_4",-0.0878298001916524,-0.0567594196247287,-0.0295485255765945,0.0407401697513662,-0.0779167931355144,-0.0687982910135071,0.0121784085157901,-0.0365319619837226,-0.0837136435731355,-0.0245772887756721,-0.0611736417868728,-0.246323483951137,-0.0596355901033252,-0.0471086025493008,-0.0374488591075985,-0.0365319619837226,-0.0566994877469321,-0.0576577999797514,0.0971529910328249,-0.0897773812666057,0.283745182471258,-0.153009435098284,-0.113983434910679,-0.0511175440787585,-0.0681433900575864,-0.0687820026552844,-0.10364339258857,-0.279060611745806,-0.0602322806389635,-0.0431725794751505,0.000195998375394532,-0.044076932343702,-0.116279647556379,-0.0353325793558054,-0.0140752924353305,-0.0962193386130132,-0.080177902545115,-0.110882208319691,0.0042343392851798,-0.076267845245565,-0.246323483951137,-0.11844880843947,0.00117872453605949,0.204738162921612,-0.0647661139889864,-0.439060124276444,-0.0720175156061739,-0.0624472674591315
"Uterus_5",0.0622010405054335,-0.0524653757493044,-0.0949728445100917,-0.0599032871045004,0.0224239928789255,-0.214451511727559,0.113688902929899,-0.105509138437561,-0.162652327032304,0.00733178842683342,0.104011109380428,0.719160346889908,-0.128387788762085,-0.0787456419481411,-0.217681886995246,-0.105509138437561,0.16904602564557,0.166825663882392,-0.0692772341290996,0.367973814368825,0.22445592155288,0.109174335453242,-0.13860755356738,0.0348498528216233,0.0504234108327114,-0.0851777038448762,-0.21603872453116,0.0780687834761934,0.0274847481996765,0.0107839181650939,0.0818644817776031,0.0741313060873229,-0.115483846764518,-0.0620651627844781,-0.0474338651637228,-0.141680418888399,-0.132461772119008,-0.0876299669224895,-0.0185029935400431,-0.0788693898620318,0.719160346889908,-0.178638184932548,0.0854417133437501,0.210122001635458,-0.0883392552588882,-0.230227987405369,-0.0321515575457799,0.0276872544306274
"Uterus_6",0.0706005940807914,0.0626846787614751,-0.0597285197881979,-0.0233891898919784,0.0209330468706189,-0.131138963000274,0.00468321007090222,-0.0721816917537395,-0.18588709626889,0.00567971344802756,0.0517588016612837,0.0981854661678288,-0.0875041925337608,-0.0202054177644636,-0.0341871416456953,-0.0721816917537395,0.109278219666989,0.108612868227302,-0.0650633673999166,0.105335411107781,0.382779094419999,-0.123125299411854,0.591022147467706,-0.0261246853893221,0.0186669923979043,0.00124612650392501,-0.0697448143958616,-0.251882683099914,-0.00471948814793952,0.0971933994578381,0.0111029565478037,-0.0533932508900411,-0.158920287270096,-0.000939167914425938,-0.132356061440788,-0.14273562682537,-0.122007193239931,-0.12884922074848,-0.0844819885688081,-0.156405933391043,0.0981854661678288,-0.0692804072049377,-0.0725691853309084,0.171917196466151,-0.0963113011886486,-0.218869280416521,-0.0153969035009539,0.00443583716163932
"Uterus_7",0.12979149068859,0.220794779073551,0.00857390891072918,-0.0371333131845903,0.0994573476714179,-0.119992574044631,0.0236549502813833,-0.0549893152055837,-0.0900485763889076,0.140903861027862,0.194971026863166,0.128490644033292,0.229964328508627,0.0187883369438313,0.103880168568133,-0.0549893152055837,0.216260192414354,0.221190690517122,-0.0138510952780267,0.193823453252638,0.232227500585314,0.058934326349056,0.171625034938194,-0.023001258839755,-0.0477241972927723,0.186956740323264,-0.10344099045243,0.0579525919690145,0.0497346039793554,0.121430082828256,0.0485754800019945,0.0408247063414941,-0.113057767952902,0.0443581622101315,-0.0824810355441921,0.00561911730481849,-0.10435259531016,-0.114906073144452,0.0686535260011327,-0.100036349465893,0.128490644033292,-0.0791668067328793,-0.0327156324162927,0.148104255769433,-0.0973621285239876,-0.191070194270284,-0.0412186667146724,-0.00770784602822347
"Uterus_8",0.0481095156180183,-0.126027688474529,-0.0893094075216312,-0.0364884172924111,0.0424168162535122,-0.160620010980295,-0.0194129421381002,-0.0694859011906074,-0.130005342136858,0.0387426036855724,0.249380858054631,0.136219599838812,0.363256310117376,-0.117630012932105,0.162589821406014,-0.0694859011906074,0.209805523198651,0.243520842760662,0.0274770950643756,0.340370308466073,0.0412460367778285,-0.15482208482266,-0.13891511222598,-0.0918573493002945,-0.0857212297785995,-0.0976849333769707,-0.170443014662949,0.63512837357897,0.103314746019584,0.022424578667987,0.121560306159209,0.193827359474715,-0.0807431627677447,0.211791354115802,-0.0562310367414426,-0.0653447339603893,-0.082205560725838,-0.117945291053896,0.04002683238578,-0.152508945994868,0.136219599838812,-0.145367759954411,-0.0614520197940536,0.239152386592894,-0.0815189159217747,-0.200857055124384,-0.0756131877631913,-0.0129047335619188
"Uterus_9",-0.0327931891935853,-0.154406245092827,-0.0247564168425019,-0.0199042432063164,-0.0957735714541897,-0.234998841130479,-0.010841832664078,0.0231168088296792,0.0257300651569417,-0.0786928972993234,0.0751373812513869,-0.00677661808899075,-0.0861694253728164,-0.00513524563203069,-0.0693359889549176,0.0231168088296791,-0.0293122155720885,-0.00482346820596985,-0.0385437683486994,0.0111935771773976,-0.165307389524158,0.0661863459350806,-0.0787751386310484,-0.0636678280063912,-0.145600418735397,-0.0828308908103796,-0.159769179938037,-0.240629383728307,-0.00524848091780329,-0.0472793605719514,0.110940450928441,0.0572552197789188,-0.0416929356688826,0.0158885289887875,-0.0050688955485554,0.275281069518444,-0.0971592281398096,0.00610626852897391,0.00746922962435552,0.0182550649630259,-0.00677661808899076,-0.107549675256364,-0.00337273593347795,-0.0295694509528474,-0.0742407178761629,0.145556633505662,-0.0512587499185467,-0.0587159152034415
"Vagina_0",0.0114794513013757,0.0543411880527999,-0.0162686279308423,0.10917081051276,0.422973083726662,-0.179260749680276,0.116926770589183,0.0512493189427618,-0.243748024857496,0.391733639576283,0.0863672093426882,-0.144949850061399,0.373325468456164,0.0435372086806375,0.0994183225326448,0.0512493189427618,-0.0867763991099077,-0.100190221186316,-0.116139754132301,0.149512274968158,0.112818965045098,0.0281784654801061,0.0492146046351364,-0.109761288971196,-0.0525017621264269,0.0850841457415023,-0.124479704960483,0.0545656869585834,-0.0204124054554512,0.0798291181880832,0.0389426360997936,0.0139128311442856,-0.0982011990854713,-0.0874301029544823,0.00984183010445687,-0.105195320913953,-0.0305157436225582,-0.105892326173186,0.0804297682275507,0.0379769249819726,-0.144949850061399,-0.124171437291346,-0.0309119892527082,-0.0684188863756753,-0.106088090678532,-0.141707922513561,-0.0695212603163265,-0.0767073093608299
"Vagina_1",0.0720400582471468,-0.119685588153717,-0.099876915390195,0.372943398057514,2.06187630966526,-0.0400134491164156,-0.166557265161948,-0.0966878524459216,2.26441796349643,0.246621371485395,0.478408269693253,0.562742412604792,0.958487521011701,-0.0183169591852298,1.00152891063268,-0.0966878524459216,0.464572018487468,0.492726870602424,0.279949959180738,0.418887590396395,-0.137390713284127,-0.0998886550147498,-0.132038777830003,0.636040236881529,0.203037900251748,0.258457507516815,-0.0778468414029332,2.17137562421452,0.180797480081566,0.00486646877294441,0.00435988455287537,0.279026975720926,0.316657635691985,0.243606408991293,-0.0544717991724841,-0.361906731906516,-0.0354008634067171,-0.0726306878232192,0.469740696019356,0.668809437917866,0.562742412604792,-0.165309420965124,-0.0178336188868652,0.211613281036705,0.312056820275418,-0.275720300446583,-0.036730529993397,0.168833655877174
"Vagina_10",-0.0346994508639257,-0.0537881510279887,0.18442363712836,0.152512355377716,0.020202179077481,-0.206971765244706,0.123670008985475,0.0393587819202108,-0.228567249017322,-0.0159377669154396,-0.109467268563131,-0.147483773164884,-0.100445607964375,-0.021260455275896,-0.0894709247129874,0.0393587819202108,-0.161145129401054,-0.144563547123201,-0.0501994295594826,0.136897968113493,0.0191641777041592,0.0110862133913461,0.0582264284541587,-0.127089474040946,-0.125500596565449,-0.0277715940575044,-0.14960553572032,-0.191854847893436,-0.0417080992482167,-0.0438173838694763,0.17378016740233,0.0483498229323304,-0.112690610412097,0.0720773841231388,0.011528037770771,-0.140327093802324,-0.0262897208700411,-0.111733575999506,0.0305518718763884,-0.105251278844673,-0.147483773164884,-0.0855967786945768,-0.0525384728170417,-0.00897556202996899,-0.0426073661117897,-0.109469074763802,-0.0725495941776743,-0.115888086928656
"Vagina_11",0.0644660125247009,-0.10498823289035,-0.0143103135410446,0.646161921376105,1.06361349816029,-0.167708471682052,-0.0654281565320769,-0.0539030182785796,2.32446090141903,0.34205456940659,0.260486904721069,0.904597835905141,0.687462702430657,0.17224575322112,0.411480392757097,-0.0539030182785796,0.288595872251692,0.354323757506411,0.341038542717518,0.278841070708281,-0.132874914037753,-0.0258690023239553,-0.112773404916141,0.359721287493176,0.00725563756466711,0.105860833348434,-0.160336883799474,0.647044021256104,0.0884878036667912,-0.0161080786955827,0.0566641927544512,0.115606465767012,-0.0260970335029301,0.182749624098015,-0.00944391426665443,-0.292004346052075,0.00334804349213838,-0.103945096010564,0.316615389328334,0.278883794524369,0.904597835905141,-0.172090994736227,-0.099572579067303,0.0802975116382516,0.0845483151652126,-0.169531496267044,-0.0754909889546116,0.00210618389313528
"Vagina_12",0.0648365923617378,-0.0246899783154865,-0.0561593971636978,0.289933191880817,0.424212945601751,-0.125895575073462,0.139141105732997,-0.00996559846435075,0.0618177778517502,0.194354463031942,0.271615353454984,0.255643120187428,0.368702771201657,-0.0632953392852884,-0.107027456255376,-0.00996559846435076,0.269251729036498,0.306750720985674,-0.0318410646611794,0.282182563721419,-0.106378012626384,0.159155624244495,-0.146019291729418,-0.107733296163755,-0.105091079229813,-0.022825698811531,-0.111287418999601,-0.34455536779069,-0.0154686331596569,-0.0375112052481374,0.213523434631067,-0.0126897626163813,-0.131695107316436,0.134435336196087,0.00960507034268303,-0.254356835718295,-0.00448333881017987,-0.0854573466168093,-0.0149532034802537,-0.116253969418178,0.255643120187428,-0.153523844067675,-0.0320735948801191,0.175452660761751,-0.0460519240893279,-0.174253277178702,-0.0959655551625153,-0.0548626566600328
"Vagina_13",-0.121904226814039,0.00206266501092328,0.138027885137827,0.142286355005603,0.111914950863347,-0.138323798647407,0.101648382119648,-0.0228444355178859,-0.292934783306577,0.0362937882605758,-0.159828063010874,-0.142214539538145,0.310616053960073,-0.0485620801637256,-0.0447338291840016,-0.0228444355178859,-0.160842993117061,-0.163397087954284,0.0570537774682255,-0.0610570687035639,-0.0702105388981588,-0.0990158132825144,-0.0589191867472566,-0.0403263134665658,-0.11540115586015,-0.0558924689187999,-0.116968362531111,-0.306490749987053,-0.0484357762496018,-0.0249738422057485,0.0664588793243582,-0.0312200324830736,-0.0686863577768847,-0.0864192582208987,-0.00698465037923561,-0.138315932526734,-0.0264779501331443,-0.0827781324052461,0.000785824661919408,-0.0151423274047832,-0.142214539538145,-0.137434429009858,-0.0524449228931825,-0.0125945139943483,-0.0852453488491766,-0.210463234039456,-0.0276631030805025,-0.0242179795516461
"Vagina_14",0.00244093858094051,0.0320900220841145,-0.187506315274959,0.648196498283513,0.160413982106852,-0.133846014880506,-0.00730644214474187,-0.0526351870778394,0.129525110125402,0.154622693046098,0.359101194673574,-0.0306532365890442,-0.0650471072376985,-0.246048584853108,-0.0231717868518409,-0.0526351870778394,0.280681177577376,0.324275465591228,0.105656480313749,0.177522675244781,-0.14685364804076,0.139838518475416,-0.153637364503937,-0.208303393385748,-0.196832646331696,0.166397934512429,-0.211281857668953,-0.346957667322773,0.0266364143432258,-0.0229087813538181,0.778793394274379,0.0507649682094171,-0.00443541624071395,0.107879038253223,-0.0216661560752114,-0.20597414687067,-0.137812808210512,-0.146293110597042,0.0653477209715836,-0.0137643221434415,-0.0306532365890442,-0.116470946957837,0.0590852178144138,-0.0244267493366732,-0.179932038690791,-0.362120962556207,-0.0886365958086917,-0.0558242227978416
"Vagina_15",0.172614214327135,-0.12554104809166,-0.08531487008567,0.0427015367047809,0.467351379754936,-0.154021187708004,0.0992609116389217,-0.032909336240208,-0.280026698222156,0.318939570471655,0.49556484140921,0.53729724953873,0.31797850633098,0.00904683967849153,0.00289912338419165,-0.032909336240208,0.43993843108096,0.554305232155572,-0.0586112872216713,0.312440408714878,-0.147768984376129,0.163710980149811,-0.0677547122264242,0.0920034062503184,-0.0914647170708308,0.100419509436308,-0.203232763953705,-0.285125659662677,0.00295365014244694,0.0473489718454046,0.221216571425649,-0.0410327961533088,-0.0979537687185771,0.152203567245006,0.0059390464609094,-0.239170002995885,-0.030369330028132,-0.129205539588379,-0.0459267872041802,-0.106142894865707,0.53729724953873,-0.218543415980627,0.0314710907586563,0.162741619712831,-0.0223651386473207,-0.252467003572867,-0.106650021521666,-0.102438657869297
"Vagina_16",-0.100846221422926,-0.14770075653502,-0.0751879181510502,0.0176624093976675,0.0620841931959522,-0.269576781320697,0.00255841218350874,-0.0189442476509527,-0.0611518155048382,-0.0418453750385627,-0.0492299778867659,-0.179617858401573,0.0816085524256284,-0.0980273088430449,-0.0375813745068758,-0.0189442476509527,-0.0562837212864854,-0.0542200826624364,0.0521070412115536,-0.239037850594902,-0.141457374679553,0.0404508631968451,-0.115058164247163,-0.175559867955972,-0.212403667190305,0.0613917860648491,-0.181812113029914,-0.186685456220153,-0.0307985275448538,0.0281025842788199,0.113759726266894,0.0733787071633694,-0.0931415669857105,0.0212512889517989,-0.0135477257305496,-0.122953859613597,-0.0350887455136932,-0.12482617433469,0.203154993245168,-0.0559081665183968,-0.179617858401573,-0.02075937905737,0.0529891957469494,-0.134291974078648,-0.0801473165353438,-0.328246539038126,-0.0321914421529711,-0.10967409858599
"Vagina_2",-0.0775480048989484,-0.0304169171841462,-0.0704492702382014,0.238086246606732,0.0836090816142376,-0.13906343942535,0.041585215900518,-0.0173719433470297,0.0110540861922677,0.0123024479717422,-0.0138258059983147,-0.0277523427857146,-0.0237401597544909,-0.127788452202473,0.0125321468093132,-0.0173719433470297,-0.0346934568664586,-0.0102390320233455,0.0562314818939056,0.0125796811831227,-0.119237238634391,0.0549860752471484,-0.10854017312689,-0.0895410335033462,-0.16413340695641,0.048398316409146,-0.182588179753918,-0.359010688478884,-0.0446076925205573,0.0063234628624045,0.256755230796729,0.0396428003497495,-0.0690823498807697,0.0230621465267453,-0.0221038129480508,-0.116924022918686,-0.0619661483417162,-0.128416965331667,0.133342575686483,-0.0165082883419916,-0.0277523427857146,-0.126639149344668,0.0529645336122977,-0.00261852796749965,-0.0891850778317517,-0.356627875004819,0.018450576687145,-0.0691830672555025
"Vagina_3",-0.0584425311081401,0.0975769121209792,0.214429275951437,0.0939718049265102,0.183728680267777,-0.0906128063040428,0.0982625380813926,0.0241607823107155,-0.229179073374882,0.196309086540684,-0.0846585621286765,-0.0974458327718737,0.0798861775854317,0.0437474209035476,-0.120550485901309,0.0241607823107155,-0.110010205522044,-0.12398478522472,-0.0928422735646776,0.121796084036844,0.05443078377406,0.0321837757762464,0.484399241812074,-0.0671106303039208,-0.0634020536449158,0.00589660252171524,-0.131395360521559,-0.256092203581729,-0.0362943672495137,0.079627488195561,0.103159734854662,0.0552068707293201,-0.0940990121285031,-0.0581219410341048,-0.00468795809737817,-0.194827394263168,-0.0399788272632258,-0.0904131700297693,0.123237623206817,-0.00874298065957754,-0.0974458327718738,-0.121650618102854,-0.0449508228115214,-0.0651910582726321,-0.0816839747317045,-0.163128978596996,-0.0617752476660836,-0.120110663973096
"Vagina_4",-0.0293057490044941,0.0537884833159167,0.0123900363676169,0.134554357989059,0.28817296107767,-0.10973570769571,0.11270128098747,0.035489224480539,-0.194844736785438,0.23445269981067,-0.0183768594881514,-0.0929118677677234,0.212641651602151,0.00412823167784146,-0.00346237763242147,0.035489224480539,-0.102847248445528,-0.107865905128043,-0.082109843197066,0.129509114989583,0.141757852502062,-0.0148624812186121,0.173812238418107,-0.113108843548951,-0.0300343152604796,0.0122782461250038,-0.11751318001086,-0.178688595565856,-0.0378419380724002,0.0731016389690446,0.0362115635008945,0.0256417851753947,-0.0809292414189416,-0.05631887816151,0.00143766361417782,-0.144347391530487,-0.0414291374219178,-0.093741515702845,0.126685536328577,0.023889062034889,-0.0929118677677234,-0.127946448742937,-0.0164419583444707,-0.0548709532645539,-0.100252293662876,-0.167319210352668,-0.0575885993181712,-0.104757611200034
"Vagina_5",0.0668048385753367,-0.097957485594716,-0.0923150961861539,0.279549740971474,1.98035657019775,-0.0275903733085003,-0.0868565107597141,-0.0577606488516296,0.400762580539423,0.190100980199953,0.435743939597196,0.517746840435607,0.647581514795951,-0.0695035695967083,1.01493855391015,-0.0577606488516296,0.466636104269438,0.475076657346589,-0.0239224106903287,0.318737088391987,-0.157190815071443,-0.123198155866675,-0.102780387214675,0.3793800279894,0.139146287329822,0.0662353965711171,-0.0203791749917698,2.08833252849544,0.116510306276995,0.0164362348726543,0.133666601365795,0.18701136926423,0.29712356223663,0.151446756303163,-0.0550944797400584,-0.318294234958062,-0.0225386264534221,-0.0557924429640023,0.322021795034132,0.316177916225245,0.517746840435607,-0.144608070902276,-0.0120253668354057,0.157482235702064,0.274989052794005,-0.253935535112423,0.0129494782703283,0.196566494134583
"Vagina_6",0.0417187516484283,0.0419737440045056,-0.0869320759086053,0.26765220197212,0.14852654216791,-0.136869361164665,0.153474932809932,0.000216667462108053,-0.20112375338223,0.204647530629458,0.302945907889678,0.23216656203182,0.0487021775178481,-0.0584041996562164,-0.084665188124708,0.000216667462108045,0.27255557709982,0.342363617233146,-0.0272154073642006,0.22739781612131,-0.108125557066126,0.133845916781332,-0.0916538448215127,-0.12166575605821,-0.148078979501672,0.102196969780038,-0.162444911343278,-0.290329068107112,0.00898811126978159,0.0288402988419203,0.578329678196124,0.0289989213114258,-0.116525014768243,0.0887299585324133,-0.0141375023426774,-0.234610233333465,-0.0621776730162303,-0.148186181540296,-0.0122427121354554,-0.0863459187447167,0.23216656203182,-0.16726935560936,-0.00876677524550848,0.0687838830398101,-0.0806835404734052,-0.147349605026192,-0.100533810466947,-0.122961646344747
"Vagina_7",-0.0459635842794255,-0.0618056016281179,-0.0492909140019115,0.277182761077951,0.144694549381123,-0.151127390253428,-0.00794453197338569,-0.0266458722932111,0.265119295793238,0.0561960748685913,0.0598509890259235,-0.133696878789247,0.120835879259743,-0.103080183890461,0.0202745700854235,-0.0266458722932111,0.0115958301856554,0.0216077113199275,0.0729770746044125,0.0206590372763615,-0.130740975110923,0.117664296374142,-0.100433092348071,-0.126686556982269,-0.12495275863523,0.215921327358022,-0.177207400712707,-0.310887512412085,-0.0312056641847273,-0.00482396959537186,0.104041835779374,0.125750299715809,0.0887643914625489,0.0897648185663814,-0.0171346095733056,-0.0803249142399287,-0.073427639143088,-0.139667730709595,0.12838294687192,-0.00920499858080985,-0.133696878789247,-0.159968109199416,0.00530962562632166,0.0213067290375134,-0.0737471162485135,-0.344506837353213,-0.00862534232285974,-0.0785754284177924
"Vagina_8",-0.282453173898701,-0.204924160046968,-0.100881366008791,0.249109126534685,-0.0865832644077327,-0.0207369541876227,0.17891490354205,0.5032864367061,-0.146662284931247,-0.241879972905708,-0.545983564628531,-0.529727156375287,-0.54417817145654,0.00947274676303671,-0.313655902304363,0.5032864367061,-0.519094843014847,-0.555912417585994,0.00906182952078391,-0.280793135156525,0.105929377684523,-0.255436655154227,0.108590176579607,-0.150446141645158,-0.0895983804372459,-0.180554826513351,-0.00707229902249961,-0.303674298872791,-0.189523610977455,-0.173001724780184,-0.349302198381175,-0.191110794063267,-0.0944949799287138,-0.176825540581736,-0.0945231878795049,-0.0656807243019669,0.0267986411341125,-0.0220078690870544,-0.128366030445062,-0.133132705731187,-0.529727156375287,0.00815273221420726,-0.161146878001732,-0.212430009476585,0.0477628353526767,-0.156033904186019,0.098371190962493,-0.149174609214618
"Vagina_9",-0.0407026639787239,-0.132595871685078,-0.0216126632867098,-0.00402636751645541,0.0262684003198515,-0.146938309530991,0.108386289817441,0.0445676404359857,0.127319563619201,-0.00697068067649632,-0.0219906928682093,-0.0958217292258966,0.0426843166422375,0.0999376157574427,-0.110476338209009,0.0445676404359857,-0.147153655150425,-0.104104582719595,-0.0227357809613595,0.12507681906162,-0.0542412862517394,0.136240438775566,0.0095643969068147,-0.109638262296084,-0.0550206308445471,-0.00479737602587907,-0.0990900447543149,-0.145609347109519,-0.0427638748317639,-0.0669275748493514,0.0967237638803362,0.0597799249987898,0.016378223068031,0.00102008358625561,0.0192158432493377,0.0352325560822621,0.0123860535688103,-0.00721059869374475,0.0508534720058153,0.0252858730166103,-0.0958217292258967,-0.0575143734083851,-0.0474910957842084,-0.0490663975494236,0.0101438059622672,0.0190132456880039,0.0157978232443268,-0.0392821782473932
