"","tissue_cluster","an1","Antioxidant_fusion","Response_fusion","Generation_fusion","anti_all","resp_all","gener_all","tissue","system","system1","color"
"1","Abomasum_0",0.179869801217634,6.85629344448642e-07,5.40723666850215e-07,6.5510560066586e-07,0.187036077203788,0.0753426304385126,0.114707917225644,"Abomasum","Digestion system",2,"#87CEEB"
"2","Abomasum_1",0.0490174068947082,3.75913221855104e-07,6.79579294543641e-07,2.91321768846132e-07,0.0532354025749476,0.119217646833401,0.00214089355798926,"Abomasum","Digestion system",2,"#87CEEB"
"3","Abomasum_10",-0.0881958728064789,3.06449682906292e-07,4.29424346974645e-07,6.39287252640379e-07,-0.0503405545172391,0.00566660719436314,0.0143385816271704,"Abomasum","Digestion system",2,"#87CEEB"
"4","Abomasum_11",0.105700588050761,6.5704298852798e-07,9.7359971545321e-07,2.67322423436316e-07,0.137161594740471,0.0688167644216574,-0.0424503692690147,"Abomasum","Digestion system",2,"#87CEEB"
"5","Abomasum_12",0.287520325971198,3.57068544897849e-06,7.42838220618797e-07,7.61249849572502e-07,0.362607687627588,0.036405159595615,0.0832245104245881,"Abomasum","Digestion system",2,"#87CEEB"
"6","Abomasum_13",0.0161190106414222,6.32512840100862e-07,3.19957722958704e-07,2.57919356141106e-07,0.153338300068994,-0.0702782116883151,-0.019260776587734,"Abomasum","Digestion system",2,"#87CEEB"
"7","Abomasum_14",-0.0844685281469791,2.55079404019573e-07,4.59597435787604e-07,2.16889190357021e-07,-0.111069575002093,0.0182281674848472,-0.0657294095721746,"Abomasum","Digestion system",2,"#87CEEB"
"8","Abomasum_15",-0.144157168687596,2.11343676089325e-07,5.00453560223183e-07,4.84649249744077e-07,-0.0857828116567738,-0.00882352755434473,-0.0268142820557285,"Abomasum","Digestion system",2,"#87CEEB"
"9","Abomasum_16",0.0640471968747323,4.16173806071482e-07,5.83617583546132e-07,2.67607386241838e-07,0.0682178714072606,0.0200603899612232,-0.0482574767211363,"Abomasum","Digestion system",2,"#87CEEB"
"10","Abomasum_17",0.103310594081402,5.91782992525917e-07,5.60734134659642e-07,1.56574638531798e-06,0.0164014355425003,-0.0190630510629451,0.163037063534157,"Abomasum","Digestion system",2,"#87CEEB"
"11","Abomasum_18",0.0194552187588437,8.84147559770681e-07,1.87476287597567e-06,3.77373647061422e-07,0.223183037363153,0.176692712258453,0.0241608608331229,"Abomasum","Digestion system",2,"#87CEEB"
"12","Abomasum_19",-0.0158846093356587,2.71815337087516e-07,3.08322553391806e-07,2.23904737182075e-07,-0.0292335523901163,-0.0914267683271449,-0.0664863245526747,"Abomasum","Digestion system",2,"#87CEEB"
"13","Abomasum_2",0.0017189052777841,3.03052219739106e-07,2.86712168831328e-07,2.17153986986382e-07,0.0115264735399444,-0.0917190090406202,-0.0681162260158687,"Abomasum","Digestion system",2,"#87CEEB"
"14","Abomasum_20",-0.133460703521559,2.11820255564183e-07,6.00109515389551e-07,3.96032606047951e-07,-0.103801688062981,0.0941705789926944,0.0413811105077754,"Abomasum","Digestion system",2,"#87CEEB"
"15","Abomasum_21",0.348268711210987,8.73207603793328e-07,5.18029935162111e-07,3.09551073205717e-07,0.179165162823528,-0.00183754864030667,-0.0427328617945622,"Abomasum","Digestion system",2,"#87CEEB"
"16","Abomasum_3",-0.0422430533809287,2.27385825088556e-07,4.1821351519436e-07,2.25497258864396e-07,-0.0603369859162008,-0.0253661796185552,-0.061331477320279,"Abomasum","Digestion system",2,"#87CEEB"
"17","Abomasum_4",0.167666464812848,6.3890838955603e-07,6.57283274954608e-07,3.40452799566402e-07,0.186831221098864,0.138911319131778,0.0121892093741149,"Abomasum","Digestion system",2,"#87CEEB"
"18","Abomasum_5",0.023599814975676,4.71262794992641e-07,3.24925673705702e-07,3.06703006322214e-07,0.028853494311034,-0.0724341406357969,-0.0353025392171355,"Abomasum","Digestion system",2,"#87CEEB"
"19","Abomasum_6",-0.0779683591115699,1.59117955699162e-07,3.43660606807283e-07,1.96168062787736e-07,-0.110333448747334,-0.0639617176598955,-0.0784368730194489,"Abomasum","Digestion system",2,"#87CEEB"
"20","Abomasum_7",0.0100668452798543,4.44368210478298e-07,4.02705822354185e-07,2.33061019807284e-07,0.0935130683561484,-0.0489456046481341,-0.0296343999361367,"Abomasum","Digestion system",2,"#87CEEB"
"21","Abomasum_8",-0.0981952367967771,2.22684466550591e-07,3.69876243295045e-07,2.87970038359188e-07,-0.0970272898866021,-0.0341762030608933,-0.043759546152879,"Abomasum","Digestion system",2,"#87CEEB"
"22","Abomasum_9",0.0609949093508952,3.95986326807382e-07,2.83695951425181e-07,3.22132333478889e-07,0.0315468397026201,-0.0966032378042946,-0.0594013540453879,"Abomasum","Digestion system",2,"#87CEEB"
"23","Adipose_0",-0.0930082340656995,4.35520263419111e-07,6.36936753100233e-07,3.16870463553428e-07,0.0458586351962918,0.0829059607780476,-0.00439454592697418,"Adipose","Other",7,"#ADD8E6"
"24","Adipose_1",-0.0760140727095866,4.15506237153886e-07,4.59429603531417e-07,2.82160221158894e-07,0.0450713505135166,0.0036669824808845,-0.0288486581800657,"Adipose","Other",7,"#ADD8E6"
"25","Adipose_10",-0.135287059950042,1.65905354015781e-07,7.18459157368825e-07,2.77457273381461e-07,-0.117293156006642,0.0366015024425655,-0.0276092323108845,"Adipose","Other",7,"#ADD8E6"
"26","Adipose_2",-0.0981807982559698,4.2249170719531e-07,5.64092707454992e-07,3.16931804117372e-07,0.0416325720334284,0.0434890693134195,-0.0256367385172883,"Adipose","Other",7,"#ADD8E6"
"27","Adipose_3",-0.201877861996779,1.74449580843979e-07,3.82910437526017e-07,2.4028672768529e-07,-0.129751134978276,-0.0583298184096316,-0.0599669491770684,"Adipose","Other",7,"#ADD8E6"
"28","Adipose_4",-0.148179173601094,1.67087323610122e-07,4.46130974684314e-07,2.81286390961568e-07,-0.113122015640867,-0.0353872249199835,-0.0460082103574522,"Adipose","Other",7,"#ADD8E6"
"29","Adipose_5",-0.139172385658403,1.88111486476327e-07,6.86943392253603e-07,3.05529206404923e-07,-0.109960739451847,0.0404632020610289,-0.00692963186915616,"Adipose","Other",7,"#ADD8E6"
"30","Adipose_6",-0.135010955637508,2.55158134877666e-07,6.43870501339656e-07,2.66275052658296e-07,-0.0189933792939062,0.112460789271612,-0.0111148046770835,"Adipose","Other",7,"#ADD8E6"
"31","Adipose_7",-0.108183417465096,1.93277475400587e-07,8.20563362099542e-07,2.46758523014332e-07,-0.0884187920441617,0.158748556580204,-0.0380914407438997,"Adipose","Other",7,"#ADD8E6"
"32","Adipose_8",-0.0810920722810787,3.39528227404235e-07,6.80743956140402e-07,4.20995608624601e-07,0.0592250427125414,0.101759680537286,0.0899164918826827,"Adipose","Other",7,"#ADD8E6"
"33","Adipose_9",-0.164867314719548,1.81690852174926e-07,3.9631290793771e-07,4.12492342888023e-07,-0.111462880390821,-0.0557642203938038,-0.032222623619163,"Adipose","Other",7,"#ADD8E6"
"34","Adrenal_0",0.0440853735151926,6.69891357707223e-07,5.45634414462026e-07,2.87582254135242e-07,0.184006749142924,0.0302151140572397,0.0183857952891594,"Adrenal","Urinary system",10,"#4169E1"
"35","Adrenal_1",0.175219142577007,1.74166934676792e-06,1.42940513842343e-06,3.85058132294929e-07,0.32540048888023,0.236919428809615,0.059975198924021,"Adrenal","Urinary system",10,"#4169E1"
"36","Adrenal_10",-0.0559201811255328,2.48566668154903e-07,1.34259228447964e-06,2.15949343377456e-06,-0.0664497066027085,0.188018123092176,0.251149245837208,"Adrenal","Urinary system",10,"#4169E1"
"37","Adrenal_11",-0.0532317133187059,3.08318044665284e-07,5.1325102003299e-07,2.46816685657326e-07,0.0373483721136523,-0.0178348980247051,-0.00853937253682606,"Adrenal","Urinary system",10,"#4169E1"
"38","Adrenal_12",0.0640578092424777,4.18042423760307e-07,6.35931185850281e-07,7.8554749076866e-07,0.054844130932502,0.0735063166211484,0.140185490208345,"Adrenal","Urinary system",10,"#4169E1"
"39","Adrenal_13",0.00712381674774839,3.54307718951213e-07,5.79851457117849e-07,2.71407640463268e-07,0.0250667481494361,0.00886672218937118,-0.0419168568049939,"Adrenal","Urinary system",10,"#4169E1"
"40","Adrenal_14",0.043294626588919,2.30868988528236e-07,5.02629633643332e-07,3.14939071262824e-07,-0.0459448079484534,0.0326157305660999,0.00491459826631855,"Adrenal","Urinary system",10,"#4169E1"
"41","Adrenal_15",0.00714400650640438,3.84533534184184e-07,7.3690104509262e-07,2.74618322173912e-07,0.0197947178271707,0.0587490156621006,-0.0383269852107939,"Adrenal","Urinary system",10,"#4169E1"
"42","Adrenal_16",0.115073832768254,8.84717104518949e-07,1.58467826315683e-06,7.39232781988911e-06,0.0988220555232982,0.196186766087349,0.362935081345002,"Adrenal","Urinary system",10,"#4169E1"
"43","Adrenal_17",0.00334459149423759,3.70362979689629e-07,4.21258633156771e-07,3.0124794156343e-07,0.0550126039380823,-0.0191806447123196,-0.00173589476188333,"Adrenal","Urinary system",10,"#4169E1"
"44","Adrenal_18",0.0157354421668528,2.68284577054518e-07,5.82704805531134e-07,4.71970815793142e-07,-0.0141014591143316,0.105982623958379,0.0477523092996069,"Adrenal","Urinary system",10,"#4169E1"
"45","Adrenal_19",0.133890876453357,8.99659467759158e-07,5.45034644092845e-07,2.55461121039019e-07,0.26234561197456,0.0341691125021054,0.00318575963329328,"Adrenal","Urinary system",10,"#4169E1"
"46","Adrenal_2",0.0521617814719189,8.62683147403361e-07,6.8299670731836e-07,3.60731370591543e-07,0.189870579644899,0.0633739457170124,0.0255927248782768,"Adrenal","Urinary system",10,"#4169E1"
"47","Adrenal_20",-0.0149553640300388,4.33309707826119e-07,4.79586321960981e-07,8.39637431307545e-07,-0.00318297697313723,-0.0101075287737475,0.0343503688158398,"Adrenal","Urinary system",10,"#4169E1"
"48","Adrenal_3",0.0545742262095158,7.84226919597529e-07,1.25765351007467e-06,3.0196410313939e-07,0.162864717415815,0.198614261852564,0.0295071834521396,"Adrenal","Urinary system",10,"#4169E1"
"49","Adrenal_4",-0.0185676924301742,3.67530267673277e-07,4.98206467418144e-07,2.7793433723223e-07,0.0673878619536244,-0.0160274660324801,-0.0184120645444497,"Adrenal","Urinary system",10,"#4169E1"
"50","Adrenal_5",-0.136997511893688,3.54162589309395e-07,1.13225373756314e-06,2.2267272201149e-06,0.0048464036736068,0.201823838207608,0.227008530924712,"Adrenal","Urinary system",10,"#4169E1"
"51","Adrenal_6",0.120713265549604,4.68784369931527e-07,3.6240252317163e-07,2.6723748837665e-06,-0.0407303414660407,-0.07388952638139,0.179569940786143,"Adrenal","Urinary system",10,"#4169E1"
"52","Adrenal_7",0.10090173883593,1.34386837231073e-06,5.89771652402623e-07,3.62128798457188e-07,0.234540709832765,0.0334304659397224,-0.00110108701224299,"Adrenal","Urinary system",10,"#4169E1"
"53","Adrenal_8",-0.0913133880352319,2.34165541511011e-07,3.86316262437123e-07,4.59841940662618e-07,-0.0797816687238123,-0.0378496192971423,0.003862764094626,"Adrenal","Urinary system",10,"#4169E1"
"54","Adrenal_9",-0.0987232876597321,2.37186165837287e-07,3.6178342589586e-07,2.03452651536704e-07,-0.0595393441840956,-0.0774072789174026,-0.0507404308387026,"Adrenal","Urinary system",10,"#4169E1"
"55","Bile_0",-0.325994145424438,8.3442647198019e-08,1.9737857762226e-07,2.09467655553993e-07,-0.323939974432904,-0.190593974851519,-0.114661851820755,"Bile","Digestion system",2,"#87CEEB"
"56","Bile_1",0.174572616858217,4.84316831835378e-08,3.20118650523258e-07,2.17764545849771e-07,-0.259106756980214,-0.0390383822032682,-0.00840078513031863,"Bile","Digestion system",2,"#87CEEB"
"57","Bile_10",-0.291360887711298,4.88638255515243e-08,5.97221161375287e-07,1.28862882558598e-07,-0.330724099111691,-0.0133816889814975,-0.138738083819118,"Bile","Digestion system",2,"#87CEEB"
"58","Bile_11",-0.312393446166338,6.99391857319863e-08,5.41953587652869e-07,6.54447728110541e-07,-0.283360774973613,-0.0183971066198503,-0.00951180195240429,"Bile","Digestion system",2,"#87CEEB"
"59","Bile_12",-0.309404189853172,4.39636035695024e-08,1.98709063841665e-07,1.67437605332686e-07,-0.332862994212283,-0.168963152138566,-0.125053346632359,"Bile","Digestion system",2,"#87CEEB"
"60","Bile_13",-0.299983560573405,3.50576560684301e-08,1.47494925156174e-06,1.41930612651197e-07,-0.345414695646142,0.15890360704803,-0.123997266489295,"Bile","Digestion system",2,"#87CEEB"
"61","Bile_14",-0.245571021101145,4.12273124850337e-08,1.99172828180121e-07,2.94846547199269e-07,-0.330950308946109,-0.155749177925907,-0.0297603581781518,"Bile","Digestion system",2,"#87CEEB"
"62","Bile_15",0.872754931115626,3.43508006933656e-07,4.24005599873314e-07,4.91932608784571e-07,0.108905770656139,-0.0576658333197804,0.0373047841821284,"Bile","Digestion system",2,"#87CEEB"
"63","Bile_16",-0.314314235429871,2.64693662424153e-08,3.87923872839071e-07,1.22885369484962e-07,-0.382013072436345,-0.0259716762890021,-0.11760300156033,"Bile","Digestion system",2,"#87CEEB"
"64","Bile_17",-0.337110452841586,1.18895594531168e-07,6.40816878404667e-07,2.89841807929055e-07,-0.290280894511697,0.0230569882018919,-0.0935379608677866,"Bile","Digestion system",2,"#87CEEB"
"65","Bile_18",-0.295193284922025,3.87661029728117e-08,2.60679484006146e-07,1.29281969978587e-07,-0.332624782872303,-0.104866430809461,-0.106961018495364,"Bile","Digestion system",2,"#87CEEB"
"66","Bile_2",-0.299490378720301,6.42889242759564e-08,2.53719892682722e-07,4.1577833289089e-07,-0.327388246764636,-0.12750627775075,-0.0571259384733095,"Bile","Digestion system",2,"#87CEEB"
"67","Bile_3",-0.346062118028311,2.98141858656332e-08,4.39375195265415e-07,1.14146011102028e-07,-0.397648786816685,-0.0295123222782546,-0.115513493585551,"Bile","Digestion system",2,"#87CEEB"
"68","Bile_4",-0.270158248726276,4.76521532747608e-08,7.96913971097726e-07,2.3187395614873e-07,-0.332809145838081,0.0307416280182349,-0.0812632537072675,"Bile","Digestion system",2,"#87CEEB"
"69","Bile_5",-0.270365153221938,5.08119049774697e-08,3.87041405407995e-07,1.44873694194648e-07,-0.307245401350499,-0.0697632391277892,-0.105624451981867,"Bile","Digestion system",2,"#87CEEB"
"70","Bile_6",-0.264521470368693,3.59963613031229e-08,4.28937149930162e-07,1.42594804925058e-07,-0.342046448158495,-0.0726166645507499,-0.130642607932685,"Bile","Digestion system",2,"#87CEEB"
"71","Bile_7",-0.212624243168476,7.97373186644614e-08,4.94413479813615e-07,1.31736501745845e-07,-0.282351977881248,-0.0344277893048407,-0.129715283437684,"Bile","Digestion system",2,"#87CEEB"
"72","Bile_8",-0.31242557545521,3.58884158585948e-08,3.37418596141452e-07,1.48690129970865e-07,-0.338948744621006,-0.0866817706731105,-0.110287139859875,"Bile","Digestion system",2,"#87CEEB"
"73","Bile_9",0.0730690195923758,6.71448305935847e-08,2.52743848698767e-07,3.27493868672311e-07,-0.202201657221168,-0.109282588291222,-0.0547360976926241,"Bile","Digestion system",2,"#87CEEB"
"74","Bladder_0",-0.242732556301758,1.04926261369307e-07,2.24448534112215e-07,1.68951627294607e-07,-0.239741332020434,-0.147919020425574,-0.109251613055499,"Bladder","Urinary system",10,"#4169E1"
"75","Bladder_1",-0.18277247565262,9.32880475227384e-08,3.01356331602362e-07,1.84408429411514e-07,-0.214309712044905,-0.0929665216321876,-0.0919963846794994,"Bladder","Urinary system",10,"#4169E1"
"76","Bladder_2",-0.194925727684322,9.30958908883925e-08,3.5064349959735e-07,1.83477936829431e-07,-0.221429838172312,-0.0726721141656554,-0.0951969801017633,"Bladder","Urinary system",10,"#4169E1"
"77","Bladder_3",-0.197377207823111,8.04427443332294e-08,3.12602614190414e-07,1.79117185914604e-07,-0.227422393082517,-0.0963754364968605,-0.0993640815199078,"Bladder","Urinary system",10,"#4169E1"
"78","Blood_0",0.994609722323633,1.79512512658007e-06,9.1352669255752e-07,1.79890379909489e-05,0.255541186018699,0.132526610058452,0.531044666599624,"Blood","Immune system",4,"#4682B4"
"79","Blood_1",0.252180330891211,4.08815228392908e-07,3.02531001535284e-07,1.88596538812646e-06,-0.0215960917957379,-0.117360474102765,0.325827050172451,"Blood","Immune system",4,"#4682B4"
"80","Blood_10",0.188197596281764,2.44448034937698e-07,3.11647662004382e-07,2.87813395869776e-07,-0.0994675314486185,-0.114758820389388,-0.063812576036093,"Blood","Immune system",4,"#4682B4"
"81","Blood_11",0.314910528508457,1.22676699918235e-06,1.04734703563635e-06,3.84920888616168e-06,0.29626705732787,0.23591198052559,0.323420017778904,"Blood","Immune system",4,"#4682B4"
"82","Blood_12",0.374916644734582,5.50970582790223e-07,3.29954433786105e-07,3.27455081872968e-06,-0.00112086936592818,-0.105113615238866,0.363862819561312,"Blood","Immune system",4,"#4682B4"
"83","Blood_13",0.135279362843997,4.34398650605276e-07,2.55851293048871e-07,3.58995464913825e-07,0.0485828149336286,-0.08978869039532,-0.0351545056430282,"Blood","Immune system",4,"#4682B4"
"84","Blood_14",0.149645255292957,3.85374670035398e-07,2.6548484059277e-07,4.55829816305986e-07,0.0226439386993015,-0.0812607386472957,-0.0290115848931041,"Blood","Immune system",4,"#4682B4"
"85","Blood_15",0.449533744127137,6.63258813700229e-07,5.703954680675e-07,1.34527994695718e-06,0.0672561471180168,0.0282405870914894,0.121841448915326,"Blood","Immune system",4,"#4682B4"
"86","Blood_16",0.396744406288901,7.40280994170175e-07,3.15777289141077e-07,1.50801985250555e-06,0.0797357521505647,-0.123739282782049,0.220461437302399,"Blood","Immune system",4,"#4682B4"
"87","Blood_17",0.438574808224174,6.33962307108078e-07,5.26729029554661e-07,7.03108266225317e-07,0.109321221946672,0.0389142404266247,0.0808948318398667,"Blood","Immune system",4,"#4682B4"
"88","Blood_2",0.771780964585049,1.99446709747452e-06,1.14172112822687e-06,3.92174307127972e-06,0.368533059305819,0.246444878914755,0.295856917837296,"Blood","Immune system",4,"#4682B4"
"89","Blood_3",0.109095954446321,5.7176664671675e-07,3.35697437300246e-07,8.66118477754859e-07,0.146130311511118,-0.0409973439276536,0.0815353099873483,"Blood","Immune system",4,"#4682B4"
"90","Blood_4",0.185886988957211,4.335631833837e-07,2.61930498250029e-07,3.67979329620849e-07,0.0601343237917966,-0.0829216159738225,-0.0213889611490568,"Blood","Immune system",4,"#4682B4"
"91","Blood_5",0.166052135353493,3.31508948287618e-07,2.53895991314323e-07,2.93344820671523e-07,0.00646880139939872,-0.0997815702894877,-0.0506646129899198,"Blood","Immune system",4,"#4682B4"
"92","Blood_6",0.438228110521213,6.83558767598604e-07,3.90544481283378e-07,4.45058471465883e-06,0.0394678057068423,-0.0873474874204216,0.41158574508041,"Blood","Immune system",4,"#4682B4"
"93","Blood_7",0.142968733755719,3.24140105681377e-07,2.55555451844024e-07,3.15601276120357e-07,-0.0191981458281704,-0.103458659778228,-0.0364811401529894,"Blood","Immune system",4,"#4682B4"
"94","Blood_8",0.670102291934877,1.85150447740508e-06,7.89195313717589e-07,3.64265781887269e-06,0.364966547979743,0.156820276203842,0.159643328030311,"Blood","Immune system",4,"#4682B4"
"95","Blood_9",0.161661848341771,3.68202933595541e-07,2.74143689116904e-07,3.28344387488625e-07,0.0337798066633468,-0.0853932458480913,-0.0294131977295692,"Blood","Immune system",4,"#4682B4"
"96","Bloodvessel_0",0.00957937643365083,3.79700186376864e-07,4.68907026250007e-07,2.72199404766839e-07,0.0389180019619874,-0.0331480341506828,-0.0475226493001464,"Bloodvessel","Circulation system",1,"#00008B"
"97","Bloodvessel_1",0.157503267314395,7.62181912967517e-07,6.30147773838332e-07,3.5560914533897e-07,0.238722309883627,0.0275538300260552,-0.00877774262595793,"Bloodvessel","Circulation system",1,"#00008B"
"98","Bloodvessel_10",0.123288717068841,7.56460977096075e-07,4.29817507995188e-07,5.25065279596712e-07,0.152020032505675,-0.0205889405612805,-0.0215976932322322,"Bloodvessel","Circulation system",1,"#00008B"
"99","Bloodvessel_11",0.0156748344040901,3.88555384684732e-07,4.67611503088189e-07,4.33908201058289e-07,0.0331289741060334,0.00506602858329514,-0.0172082370237581,"Bloodvessel","Circulation system",1,"#00008B"
"100","Bloodvessel_12",-0.124085904032166,1.61978449154592e-07,3.8179163702701e-07,4.12282488036678e-07,-0.16859535230154,-0.0582737666232644,-0.0186451988413184,"Bloodvessel","Circulation system",1,"#00008B"
"101","Bloodvessel_13",0.00208151542545024,3.08210100784521e-07,3.50284713958182e-07,8.7905172576496e-07,-0.0931597388254472,-0.0929121245420643,0.0936924590970733,"Bloodvessel","Circulation system",1,"#00008B"
"102","Bloodvessel_14",-0.117290950905747,3.33629817146852e-07,4.34573918773521e-07,5.69609553241379e-07,-0.00452853370594465,-0.0402589473510609,0.0255152316283239,"Bloodvessel","Circulation system",1,"#00008B"
"103","Bloodvessel_2",-0.0100567658750515,3.46709976055652e-07,3.60027499108525e-07,3.55523538216492e-07,0.0147514161405233,-0.0437689384034121,-0.0123616902584663,"Bloodvessel","Circulation system",1,"#00008B"
"104","Bloodvessel_3",0.010081627690722,5.31109501051195e-07,5.69035725587744e-07,5.2234415366774e-07,0.109318981960885,0.0983867764997847,-0.00371617058416319,"Bloodvessel","Circulation system",1,"#00008B"
"105","Bloodvessel_4",0.10740451346549,7.26072284709098e-07,6.74662610149022e-07,4.19623606618795e-07,0.234737359450311,0.0228706814804736,0.0376977533694807,"Bloodvessel","Circulation system",1,"#00008B"
"106","Bloodvessel_5",-0.0485505598145574,3.66208921069621e-07,4.04884590056085e-07,4.7760359536247e-07,0.00538714310654811,-0.0313646571949652,0.0139370377131024,"Bloodvessel","Circulation system",1,"#00008B"
"107","Bloodvessel_6",0.00343167227930293,4.12105271844141e-07,4.99174896547922e-07,6.3507369630481e-07,0.0472467880282196,0.0755519677502979,0.0208907635929094,"Bloodvessel","Circulation system",1,"#00008B"
"108","Bloodvessel_7",-0.0799805171141107,2.89141876574688e-07,3.44757013360065e-07,2.87706207307008e-07,0.0139871192548117,-0.0695361375824032,-0.0358012715648087,"Bloodvessel","Circulation system",1,"#00008B"
"109","Bloodvessel_8",0.0334725491817455,5.99834493776387e-07,3.94758692170689e-07,3.56045131771238e-07,0.116867864313523,-0.0257322599609078,-0.0185508032824794,"Bloodvessel","Circulation system",1,"#00008B"
"110","Bloodvessel_9",0.100933900390572,7.68305540071829e-07,6.86068323992025e-07,2.5469686266409e-06,0.139390157585864,0.0320117056170011,0.22975428628255,"Bloodvessel","Circulation system",1,"#00008B"
"111","Breast_0",-0.064387044240647,2.23747598790679e-07,3.3935310602461e-07,3.92831812567842e-07,-0.086381853745583,-0.0531154153363587,0.0059924271166628,"Breast","Reproductive system",8,"#FF007F"
"112","Breast_1",-0.114254698067851,2.05931366941987e-07,2.9762133188587e-07,3.84303344052266e-07,-0.0896735336750085,-0.0590117755383431,0.00294947763975008,"Breast","Reproductive system",8,"#FF007F"
"113","Breast_10",0.00530907538655429,4.66060206717971e-07,1.1634771715593e-06,1.99368310526682e-06,-0.000140491562369365,0.122928951088108,0.267359899981938,"Breast","Reproductive system",8,"#FF007F"
"114","Breast_11",0.122991076868416,4.2288236379186e-07,1.31105394438734e-06,2.89638704478554e-07,0.0628364837676784,0.161720333690912,-0.0247867725329713,"Breast","Reproductive system",8,"#FF007F"
"115","Breast_12",-0.00106527160443628,1.33683594212373e-06,3.41985651606601e-07,4.32451606429391e-07,0.420235789522144,-0.0249767142544094,0.0078872650140739,"Breast","Reproductive system",8,"#FF007F"
"116","Breast_13",-0.200605406942214,8.71718331457397e-08,2.76129215944937e-07,2.41065925622131e-07,-0.247308095936581,-0.0941635401770401,-0.0817008880778612,"Breast","Reproductive system",8,"#FF007F"
"117","Breast_14",-0.103410536725636,2.24928821070959e-07,2.65080981371124e-07,6.72403144668312e-07,-0.0789866586293625,-0.0977853407927105,-0.0108689584326862,"Breast","Reproductive system",8,"#FF007F"
"118","Breast_15",-0.177576400856925,1.39783769902513e-07,3.23408517273991e-07,2.63392562352867e-07,-0.164120301813161,-0.0627712803972069,-0.0679703861055184,"Breast","Reproductive system",8,"#FF007F"
"119","Breast_16",0.0607815935666242,5.27053179764249e-07,2.90460187647366e-07,4.21219962059295e-07,0.0997417729880597,-0.0768979564701881,0.00842606290627368,"Breast","Reproductive system",8,"#FF007F"
"120","Breast_17",-0.0604037183627985,3.96781068418129e-07,5.06414324131618e-07,6.39220955967625e-07,0.0621120331959179,-0.0163883765474444,0.0173593607910103,"Breast","Reproductive system",8,"#FF007F"
"121","Breast_18",-0.0199078722537647,3.42621951760243e-07,3.44713312599685e-07,3.654793852119e-07,-0.0152247489089785,-0.0154790738560084,-0.0293258437339294,"Breast","Reproductive system",8,"#FF007F"
"122","Breast_19",0.103689668355784,4.9490813404265e-07,4.3185304718265e-07,6.96161651196653e-07,0.0490683195991541,-0.0390347743529361,0.110321554082037,"Breast","Reproductive system",8,"#FF007F"
"123","Breast_2",-0.0873715089576067,2.168110382334e-07,3.11471190623227e-07,3.66705473857919e-07,-0.0967274836793876,-0.0640870482759862,-0.0116203109374262,"Breast","Reproductive system",8,"#FF007F"
"124","Breast_20",-0.0363728043040816,1.53008984962676e-06,7.63583379116723e-07,5.65081629589823e-07,0.443410251878788,0.103298549437601,0.0530973309615707,"Breast","Reproductive system",8,"#FF007F"
"125","Breast_21",-0.0578623313600484,2.65939727304184e-07,4.36181750426432e-07,4.10088928413979e-07,-0.0493386165917654,0.0196328513699397,0.00554398421015219,"Breast","Reproductive system",8,"#FF007F"
"126","Breast_22",-0.0952061428242067,2.17686725270561e-07,3.44736617515798e-07,3.560630868546e-07,-0.0960108548645771,-0.0553491288077496,-0.0171598189842897,"Breast","Reproductive system",8,"#FF007F"
"127","Breast_23",-0.0360929149956132,2.4712907624693e-07,4.83500263057748e-07,4.77134739524294e-07,-0.0542729484631136,-0.00238714861820914,0.0333131372379229,"Breast","Reproductive system",8,"#FF007F"
"128","Breast_24",0.157249804162551,8.24138745850046e-07,3.5488336216268e-07,5.72939751372797e-07,0.150388139569558,-0.0570804559395941,-0.00829626730300136,"Breast","Reproductive system",8,"#FF007F"
"129","Breast_25",0.00866443037736083,6.0708985231711e-07,4.00397446864793e-07,2.84408260701434e-07,0.23629891216158,-0.0574932834656924,-0.0159133476330048,"Breast","Reproductive system",8,"#FF007F"
"130","Breast_3",0.0116236247849302,4.50721507576682e-07,5.10821111428049e-07,2.41006519901396e-07,0.106801295618209,-0.028393313659699,-0.0525161101650632,"Breast","Reproductive system",8,"#FF007F"
"131","Breast_4",-0.106908342737734,2.53656203576462e-07,6.51312489917583e-07,2.40354081798559e-07,-0.0476750392079149,0.0169221648012252,-0.02691192571733,"Breast","Reproductive system",8,"#FF007F"
"132","Breast_5",0.114548498710227,4.70229538499201e-07,3.11968746294931e-07,1.89102716803141e-06,-0.0767649015204215,-0.104247985566009,0.171574903636093,"Breast","Reproductive system",8,"#FF007F"
"133","Breast_6",0.0717165246822144,7.02559970573064e-07,3.90388017129198e-07,3.20330557967388e-07,0.215102193097834,-0.0816165022098102,0.0151361344702938,"Breast","Reproductive system",8,"#FF007F"
"134","Breast_7",-0.06028739282282,2.22235656579629e-07,3.73588281185025e-07,3.92318074712244e-07,-0.0746909252477967,-0.0351755856540938,-0.00316358236210679,"Breast","Reproductive system",8,"#FF007F"
"135","Breast_8",0.0479613009848472,5.4585968169421e-07,3.54645900029971e-07,2.47112139042598e-07,0.143262319017858,-0.0623131060357591,-0.0263663609827711,"Breast","Reproductive system",8,"#FF007F"
"136","Breast_9",-0.0945575437328974,3.79489634306476e-07,4.56950961643389e-07,4.98401198568148e-07,-0.0672266752626821,-0.0154501120094459,0.00424407702126196,"Breast","Reproductive system",8,"#FF007F"
"137","Bulbarconjunctiva_0",0.055508008002232,3.61503415075417e-07,7.29021424677071e-07,2.2915947046776e-07,0.0255310223728271,0.0158776757412039,-0.0679775224462998,"Bulbarconjunctiva","Visual system",11,"#E0115F"
"138","Bulbarconjunctiva_1",0.0400589486333097,3.5696967318429e-07,7.27570371571338e-07,2.40436805505854e-07,0.0117801071446519,0.00630950573387895,-0.0578920845285306,"Bulbarconjunctiva","Visual system",11,"#E0115F"
"139","Bulbarconjunctiva_10",0.28688926656321,8.06869152090097e-07,5.97409744233127e-07,4.9690640154469e-07,0.125335647180406,0.0813995254837976,0.00198923897147995,"Bulbarconjunctiva","Visual system",11,"#E0115F"
"140","Bulbarconjunctiva_11",0.114458883964734,7.28273055653011e-07,7.59040181408243e-07,4.14592272824848e-07,0.200740772285013,0.075298482395105,0.0283864564602037,"Bulbarconjunctiva","Visual system",11,"#E0115F"
"141","Bulbarconjunctiva_12",-0.111766780377599,1.14593002991468e-07,2.31502886620245e-07,1.48774968220216e-07,-0.251882826192737,-0.170490002656071,-0.122699142872587,"Bulbarconjunctiva","Visual system",11,"#E0115F"
"142","Bulbarconjunctiva_13",-0.0933336835666445,1.54902596436248e-07,5.55705504896643e-07,3.42749943123227e-07,-0.126802303564428,0.0170972754739821,0.00131209986163415,"Bulbarconjunctiva","Visual system",11,"#E0115F"
"143","Bulbarconjunctiva_14",-0.0966621920426024,2.11942887415091e-07,4.12823250270689e-07,1.85055117758026e-07,-0.125765675331651,-0.0210499723790615,-0.0974169708847199,"Bulbarconjunctiva","Visual system",11,"#E0115F"
"144","Bulbarconjunctiva_2",-0.0593521542594572,2.24608983371636e-07,3.51787683288277e-07,1.8378888745426e-07,-0.0475399545767286,-0.0721011638567946,-0.0800406386112007,"Bulbarconjunctiva","Visual system",11,"#E0115F"
"145","Bulbarconjunctiva_3",-0.0305966425218381,1.81624040552792e-07,3.84987423623245e-07,2.53033372844534e-07,-0.127955112141404,-0.0542323351286402,-0.0616129476845703,"Bulbarconjunctiva","Visual system",11,"#E0115F"
"146","Bulbarconjunctiva_4",-0.0266840864082433,1.72798304721095e-07,4.56768838543806e-07,2.37997200873781e-07,-0.13509033836964,-0.0114283521058082,-0.0663900511191197,"Bulbarconjunctiva","Visual system",11,"#E0115F"
"147","Bulbarconjunctiva_5",0.0644328416057601,3.2549436110996e-07,3.69332018572669e-07,3.07686276383002e-07,-0.0549400440030496,-0.0609450970449682,-0.0693766263682272,"Bulbarconjunctiva","Visual system",11,"#E0115F"
"148","Bulbarconjunctiva_6",0.219701435451556,6.47471778539083e-07,4.46845661209392e-07,3.83447313254456e-07,0.0826839250013926,-0.0134906310509228,-0.0367552497111511,"Bulbarconjunctiva","Visual system",11,"#E0115F"
"149","Bulbarconjunctiva_7",0.664854198031965,1.61134703131328e-06,6.67571249647822e-07,8.75415237593715e-07,0.267844458933221,0.148177433890663,0.151260581252036,"Bulbarconjunctiva","Visual system",11,"#E0115F"
"150","Bulbarconjunctiva_8",-0.0108723714739324,2.44142112692348e-07,3.43507680043936e-07,2.09330518433911e-07,-0.0394552358294976,-0.0731637322644273,-0.0631832059756039,"Bulbarconjunctiva","Visual system",11,"#E0115F"
"151","Bulbarconjunctiva_9",0.493037409311139,3.30809753232752e-06,4.48847772098964e-07,3.2130036612629e-07,0.514806381224363,0.0757277865310558,-0.0115496629592207,"Bulbarconjunctiva","Visual system",11,"#E0115F"
"152","Cecum_0",-0.0922983763843372,2.43829810152758e-07,3.475822343418e-07,3.68961400637972e-07,-0.069214729975252,-0.0292394150921091,-0.00995698153895888,"Cecum","Digestion system",2,"#87CEEB"
"153","Cecum_1",-0.066288250303264,2.61489400177934e-07,3.87757246098999e-07,4.04786074662e-07,-0.0737444153839653,-0.0108010384522049,-0.000739110647878386,"Cecum","Digestion system",2,"#87CEEB"
"154","Cecum_10",0.00846171744368449,5.79729560184316e-07,8.44544007585302e-07,3.06367018977993e-06,-0.0229271412648444,0.0526357890206104,0.282905639009572,"Cecum","Digestion system",2,"#87CEEB"
"155","Cecum_11",-0.121672289657011,2.95533328522891e-07,6.77781892712502e-07,6.2690469913324e-07,-0.0511324415408396,0.0409242792092001,0.0139534937450988,"Cecum","Digestion system",2,"#87CEEB"
"156","Cecum_12",0.0590671849328931,6.85885833728352e-07,4.51342422561642e-07,3.07267371815736e-07,0.165530581037254,-0.0283251533519367,-0.00323812222927266,"Cecum","Digestion system",2,"#87CEEB"
"157","Cecum_13",0.0894529049740802,7.88056861728856e-07,5.07913594186027e-07,4.85546813191076e-07,0.166792456566659,0.0579866417322352,-0.000483446505347495,"Cecum","Digestion system",2,"#87CEEB"
"158","Cecum_14",0.277849823531695,1.59566736710622e-06,5.94985753998422e-07,3.76454946146936e-07,0.397273905667494,0.0416809211036711,-0.00992343417176567,"Cecum","Digestion system",2,"#87CEEB"
"159","Cecum_15",0.386519612752695,2.24007495207615e-06,7.93327535388339e-07,3.74416822526068e-07,0.502344680410066,0.0612852302757973,0.00445121970194791,"Cecum","Digestion system",2,"#87CEEB"
"160","Cecum_16",0.142092478940988,1.87015991150849e-06,1.53776603156765e-06,4.40345107355293e-07,0.354771114651098,0.150601699117768,0.0324260629776911,"Cecum","Digestion system",2,"#87CEEB"
"161","Cecum_17",0.186867860282147,1.18291707365324e-06,3.87562475239983e-07,2.99804801999111e-07,0.347787414068709,-0.0312606935353204,0.00909833092085684,"Cecum","Digestion system",2,"#87CEEB"
"162","Cecum_18",0.103642489794377,4.5826238358209e-07,4.59530163225146e-07,3.48086915720239e-07,-0.0256408915060479,-0.00857034124978522,-0.0142519027744844,"Cecum","Digestion system",2,"#87CEEB"
"163","Cecum_19",0.0437176829983671,4.74772118330625e-07,4.88259177084725e-07,5.61880079079407e-07,0.0576384683640799,0.0279094279521864,0.0309085131802509,"Cecum","Digestion system",2,"#87CEEB"
"164","Cecum_2",-0.0763591039696821,2.56172380127456e-07,3.52852172459021e-07,3.78098062196022e-07,-0.0607792021977824,-0.0321228474159981,-0.00662539998188597,"Cecum","Digestion system",2,"#87CEEB"
"165","Cecum_20",0.330573975050618,1.95246328666721e-06,4.25182988285329e-07,5.36845525063542e-07,0.424861080494757,-0.00617328544164917,0.00493303404452617,"Cecum","Digestion system",2,"#87CEEB"
"166","Cecum_21",0.395304686064944,1.8097799960919e-06,4.0481119494215e-07,6.04406253856892e-07,0.428359507576563,-0.0210612517809448,0.0266933498050842,"Cecum","Digestion system",2,"#87CEEB"
"167","Cecum_3",-0.157820846289992,1.62292230606979e-07,3.68734461170773e-07,3.07154982092143e-07,-0.172926711845899,-0.0334734188084719,-0.0237061804743331,"Cecum","Digestion system",2,"#87CEEB"
"168","Cecum_4",-0.0995785357434723,2.80002714285425e-07,4.14213594326052e-07,1.25226796007355e-06,-0.0446401823048501,0.000711387288264376,0.075865512213166,"Cecum","Digestion system",2,"#87CEEB"
"169","Cecum_5",-0.0661601352805043,3.40817077436062e-07,4.26825082329048e-07,3.85816459436945e-07,-0.000533711689158389,0.0125413694079219,-0.0101255862050262,"Cecum","Digestion system",2,"#87CEEB"
"170","Cecum_6",0.0423399881590868,4.00957252812737e-07,3.49202360986311e-07,4.76612147461754e-07,0.0119663709156951,-0.0550005136656607,-0.0367613344065661,"Cecum","Digestion system",2,"#87CEEB"
"171","Cecum_7",0.298222117984342,1.06418770929975e-06,8.19897317246027e-07,3.79667415132844e-07,0.14720588367732,0.168463516694843,0.0288335513335033,"Cecum","Digestion system",2,"#87CEEB"
"172","Cecum_8",0.0913014752250286,8.14516091045062e-07,5.34766651450736e-07,8.59479159479268e-07,0.171799556411892,-0.00131490636733573,0.0990756279088299,"Cecum","Digestion system",2,"#87CEEB"
"173","Cecum_9",0.229628579283446,1.02822675078442e-06,7.56795511057388e-07,1.84913457723308e-06,0.219244453954374,0.0820009961591479,0.264931600276989,"Cecum","Digestion system",2,"#87CEEB"
"174","Cerebellum_0",-0.282363607407754,5.99950873255154e-08,1.46236770313044e-07,7.62336427369955e-08,-0.334645069231459,-0.192181551661035,-0.15070623372061,"Cerebellum","Nervous system",6,"#FFCC33"
"175","Cerebellum_1",-0.317431438058409,4.13117480510436e-08,1.18889708544084e-07,5.71931574586299e-08,-0.381726557157957,-0.212259603798303,-0.161117515633766,"Cerebellum","Nervous system",6,"#FFCC33"
"176","Cerebellum_10",-0.168770225922153,1.34610174104099e-07,2.57519615576354e-07,1.63542581516605e-07,-0.188576745444872,-0.131993122222212,-0.0983394829833766,"Cerebellum","Nervous system",6,"#FFCC33"
"177","Cerebellum_11",-0.256148103952391,5.85664000688787e-08,3.22573139917529e-07,6.01969034639585e-07,-0.313777194636273,-0.0805302415746514,-0.00327882615254774,"Cerebellum","Nervous system",6,"#FFCC33"
"178","Cerebellum_12",0.0809222165701145,3.25011005277357e-07,3.35512727226411e-07,2.00020367963511e-07,-0.0749696152219228,-0.0528055322691662,-0.0771543906667098,"Cerebellum","Nervous system",6,"#FFCC33"
"179","Cerebellum_13",-0.245658389219062,3.15992806697523e-08,1.85862099980953e-07,9.14385896720948e-08,-0.397830353646993,-0.129883729413551,-0.115616617985482,"Cerebellum","Nervous system",6,"#FFCC33"
"180","Cerebellum_14",-0.138906940104219,2.41348917442e-07,3.07901508911056e-07,1.60758337687149e-07,-0.0968743426627472,-0.104489371628167,-0.0870471204306753,"Cerebellum","Nervous system",6,"#FFCC33"
"181","Cerebellum_15",-0.343853300289651,3.36609446975459e-08,8.72521670703767e-08,9.11572132347795e-08,-0.426130075406001,-0.227342679520251,-0.060446754896224,"Cerebellum","Nervous system",6,"#FFCC33"
"182","Cerebellum_16",-0.252693191399672,2.50817774859352e-08,5.09286543031841e-07,5.56919554874957e-08,-0.396067531797259,0.0535790697433749,-0.168236404501447,"Cerebellum","Nervous system",6,"#FFCC33"
"183","Cerebellum_2",-0.303894357960853,5.05366141935229e-08,1.39284005526523e-07,7.2161191465202e-08,-0.357666516999381,-0.198443400941975,-0.158767501239722,"Cerebellum","Nervous system",6,"#FFCC33"
"184","Cerebellum_3",-0.328597251288654,3.94805801040753e-08,1.03202638568246e-07,4.90041995235344e-08,-0.391715415379516,-0.228674157548403,-0.168125821358849,"Cerebellum","Nervous system",6,"#FFCC33"
"185","Cerebellum_4",-0.216675159130803,3.47665602875094e-08,1.96027408039379e-07,7.05049879802129e-08,-0.355545772216522,-0.108255959335327,-0.145016019151002,"Cerebellum","Nervous system",6,"#FFCC33"
"186","Cerebellum_5",-0.185717405175472,1.14256995954778e-07,2.68237020882537e-07,1.97554933648068e-07,-0.230440850361698,-0.134680758553182,-0.106507118499962,"Cerebellum","Nervous system",6,"#FFCC33"
"187","Cerebellum_6",-0.24716982321704,5.43907702355028e-08,6.78303819431582e-07,1.0679122623888e-07,-0.31193672202929,0.03683833159893,-0.136955889012786,"Cerebellum","Nervous system",6,"#FFCC33"
"188","Cerebellum_7",-0.295019022031883,3.67228572098191e-08,1.10678278294528e-07,5.59542186433132e-08,-0.379062920816612,-0.213511768688207,-0.15537308800524,"Cerebellum","Nervous system",6,"#FFCC33"
"189","Cerebellum_8",-0.315415728769192,4.0484376841923e-08,1.22700235395249e-07,5.63658115000815e-08,-0.373148026570633,-0.213765936717447,-0.148729717682168,"Cerebellum","Nervous system",6,"#FFCC33"
"190","Cerebellum_9",-0.275470158703283,4.05398511299551e-08,1.34270364051322e-07,1.01126795563753e-07,-0.383001578743649,-0.202656020309811,-0.10743344014654,"Cerebellum","Nervous system",6,"#FFCC33"
"191","Cerebrum_0",-0.218150392480999,7.02039676552545e-08,6.98383826026548e-07,1.26455417207037e-07,-0.271237630600463,0.0344569896971838,-0.11983640633008,"Cerebrum","Nervous system",6,"#FFCC33"
"192","Cerebrum_1",-0.0259602559733518,2.91652967960486e-07,4.56482419356009e-07,1.6747027148016e-07,-0.049022416083189,0.0160923607795571,-0.054307087137489,"Cerebrum","Nervous system",6,"#FFCC33"
"193","Cerebrum_10",-0.150026642374327,7.16658965323841e-08,3.22290598757641e-07,1.7036811834003e-07,-0.265415443042996,-0.0799360301367142,-0.0704996901683918,"Cerebrum","Nervous system",6,"#FFCC33"
"194","Cerebrum_11",-0.373340651033014,3.11104016944158e-08,8.50857188492153e-08,5.38390150104696e-08,-0.419571608916757,-0.259373470173857,-0.177687102218325,"Cerebrum","Nervous system",6,"#FFCC33"
"195","Cerebrum_12",0.0274712346742163,3.55336416676542e-07,5.96444694946058e-07,1.97540904783248e-07,-0.00447769236100328,0.0633373855640952,-0.00229576390621033,"Cerebrum","Nervous system",6,"#FFCC33"
"196","Cerebrum_13",-0.360630154698358,3.47856391866925e-08,8.83103140738081e-08,4.58106798441565e-08,-0.394404118467885,-0.243951431616987,-0.194412852903004,"Cerebrum","Nervous system",6,"#FFCC33"
"197","Cerebrum_14",-0.226541050464919,6.96781649114711e-08,2.29211212437949e-07,1.48414769380133e-07,-0.305593256497248,-0.149753151280512,-0.0885175145642527,"Cerebrum","Nervous system",6,"#FFCC33"
"198","Cerebrum_15",-0.278359748632542,5.3461258663467e-08,1.63933167673808e-07,5.4681863018865e-08,-0.350833193148475,-0.186558003722411,-0.142345412747386,"Cerebrum","Nervous system",6,"#FFCC33"
"199","Cerebrum_16",-0.307046932456481,5.04724167402227e-08,1.60534652015837e-07,5.16253692398171e-08,-0.365831477390511,-0.171792152768158,-0.133834241923198,"Cerebrum","Nervous system",6,"#FFCC33"
"200","Cerebrum_17",0.0749546690603659,3.94777910773004e-07,5.64418755012791e-07,2.00909029369001e-07,-0.00235663694125034,0.0527079927382094,-0.0282898743041378,"Cerebrum","Nervous system",6,"#FFCC33"
"201","Cerebrum_18",-0.179549303318191,1.50861606512078e-07,2.08818789870932e-07,1.09924721352663e-07,-0.200890549682071,-0.144528865788645,-0.0975510397118272,"Cerebrum","Nervous system",6,"#FFCC33"
"202","Cerebrum_19",-0.311793579197214,4.60184252590843e-08,1.26135561143561e-07,6.65379189599167e-08,-0.346356392158348,-0.198128963609925,-0.137926331386352,"Cerebrum","Nervous system",6,"#FFCC33"
"203","Cerebrum_2",-0.184968008786017,1.22178836508187e-07,2.56051026082796e-07,1.268111182782e-07,-0.230318577041708,-0.131927233370793,-0.11644274870378,"Cerebrum","Nervous system",6,"#FFCC33"
"204","Cerebrum_20",-0.299356267054688,5.00451456224898e-08,2.05953960991252e-07,5.72245230195306e-08,-0.353692807983511,-0.154369922312267,-0.143990014486517,"Cerebrum","Nervous system",6,"#FFCC33"
"205","Cerebrum_21",0.0208952881626482,3.48965013650247e-07,4.23408550058718e-07,1.67394223568752e-07,-0.0270056630855899,-0.00251490428858079,-0.0594015550400029,"Cerebrum","Nervous system",6,"#FFCC33"
"206","Cerebrum_22",-0.154592561124521,1.0704892555989e-07,4.91114755758331e-07,1.80679540243263e-07,-0.20556570596053,-0.0253392012314619,-0.0760566844190809,"Cerebrum","Nervous system",6,"#FFCC33"
"207","Cerebrum_23",-0.156209148600695,1.03723392359262e-07,6.67912147072732e-07,2.67023083854385e-07,-0.237976376176871,0.018589598237066,-0.0612158165963854,"Cerebrum","Nervous system",6,"#FFCC33"
"208","Cerebrum_24",-0.282540956031018,5.20900205395976e-08,1.29735348176379e-07,7.60616052996304e-08,-0.320210054041588,-0.216058103917588,-0.142296890122613,"Cerebrum","Nervous system",6,"#FFCC33"
"209","Cerebrum_25",-0.350459740292221,5.61612745234203e-08,1.05525112277388e-07,7.35489695545035e-08,-0.376642832250811,-0.245256618558443,-0.171880936603421,"Cerebrum","Nervous system",6,"#FFCC33"
"210","Cerebrum_26",0.0365989469891692,4.14484140381055e-07,4.94690179497202e-07,1.93526232618019e-07,0.0174454041025544,0.0412569410153973,-0.0241472445358371,"Cerebrum","Nervous system",6,"#FFCC33"
"211","Cerebrum_27",-0.304947751338612,3.98407519243001e-08,9.29580339462627e-08,4.43036901185266e-08,-0.366692583776097,-0.243449349444453,-0.168534799961091,"Cerebrum","Nervous system",6,"#FFCC33"
"212","Cerebrum_28",-0.350699714472516,5.95751562581594e-08,6.59552064495367e-08,3.13234307865873e-08,-0.345947167602263,-0.252836527467716,-0.186691751489633,"Cerebrum","Nervous system",6,"#FFCC33"
"213","Cerebrum_3",-0.377485233684241,3.20682855344577e-08,7.15706238826379e-08,3.81189957366923e-08,-0.426410001179539,-0.264714378995209,-0.203556150400483,"Cerebrum","Nervous system",6,"#FFCC33"
"214","Cerebrum_4",-0.378472795715094,3.63917546064399e-08,7.85597028183146e-08,3.97592779992656e-08,-0.416180585004703,-0.261218484864409,-0.195362787066744,"Cerebrum","Nervous system",6,"#FFCC33"
"215","Cerebrum_5",0.0803809202057679,2.47971373387455e-07,4.32659690336335e-07,1.89661342395809e-07,-0.0497170175625694,-0.036945815399481,-0.0914788430707116,"Cerebrum","Nervous system",6,"#FFCC33"
"216","Cerebrum_6",-0.0120093781664198,1.60341926291758e-07,3.79958945385628e-07,4.75196938854996e-07,-0.143422683143193,-0.0643057793374223,0.0293657140560969,"Cerebrum","Nervous system",6,"#FFCC33"
"217","Cerebrum_7",0.206725953936194,2.76842022056084e-07,4.64182900693843e-07,2.37540476698746e-07,-0.0465102283650429,0.0568151014481461,-0.0354707156208874,"Cerebrum","Nervous system",6,"#FFCC33"
"218","Cerebrum_8",0.113061406442558,2.35583818862904e-07,2.90680682966627e-07,1.84804182271799e-07,-0.0736873467629132,-0.126165338323551,-0.0629377650112442,"Cerebrum","Nervous system",6,"#FFCC33"
"219","Cerebrum_9",-0.351078456443331,3.21512450544486e-08,7.61834356416899e-08,3.3691072591248e-08,-0.412968362689552,-0.259363817312332,-0.221249515869036,"Cerebrum","Nervous system",6,"#FFCC33"
"220","Colon_0",-0.107208945063782,2.12839809665209e-07,3.48409482134154e-07,3.61094190737559e-07,-0.0909574485067832,-0.0374798319647646,-0.0101792305885665,"Colon","Digestion system",2,"#87CEEB"
"221","Colon_1",-0.110169511904545,2.16110279321485e-07,3.55001654740447e-07,3.55388024839784e-07,-0.084368666201502,-0.0281686332547551,-0.0106976963117138,"Colon","Digestion system",2,"#87CEEB"
"222","Colon_10",0.148510048553769,5.51320741383776e-07,4.71379590250202e-07,2.98826105162261e-07,-0.00895684398589723,-0.000490181314721485,-0.00921566218148842,"Colon","Digestion system",2,"#87CEEB"
"223","Colon_11",0.0821818551070432,9.59049097493274e-07,9.23442203388768e-07,3.25317043598919e-07,0.140825299538136,0.0820873605854336,-0.00772027475965343,"Colon","Digestion system",2,"#87CEEB"
"224","Colon_12",0.0582520527625059,7.63510670563261e-07,5.11377313435908e-07,7.27157313655401e-07,0.134203374844371,-0.0179389720658784,0.0566150377543316,"Colon","Digestion system",2,"#87CEEB"
"225","Colon_13",-0.185543568879667,1.15261131052523e-07,3.74953023030402e-07,3.00092341005987e-07,-0.216225430629955,-0.0260817618013603,-0.0215962503348187,"Colon","Digestion system",2,"#87CEEB"
"226","Colon_14",-0.195996582753021,9.64605050277578e-08,4.17912991968157e-07,3.03037202460552e-07,-0.241612804557409,-0.043058542671653,-6.06890836655467e-05,"Colon","Digestion system",2,"#87CEEB"
"227","Colon_15",0.0823209539239485,7.17195772606727e-07,4.14247048916196e-07,2.55214477172774e-07,0.185492011205455,-0.0370871060011795,-0.0184125843336694,"Colon","Digestion system",2,"#87CEEB"
"228","Colon_16",-0.064784477442491,5.63804366412871e-07,5.99777646608117e-07,6.1994888243552e-07,0.0878699313502874,0.0140588759911381,0.0262937259322704,"Colon","Digestion system",2,"#87CEEB"
"229","Colon_17",0.16364102887016,8.13943988263683e-07,4.40129019433416e-07,4.08509486031491e-07,0.208613800264578,0.03651705888023,-0.0209731718419555,"Colon","Digestion system",2,"#87CEEB"
"230","Colon_18",0.365070316314514,7.81030450483748e-07,5.28347647922048e-07,3.47938114214513e-06,0.052529942328682,-0.041243140833429,0.343331582402319,"Colon","Digestion system",2,"#87CEEB"
"231","Colon_2",-0.100720977489163,2.07225004271871e-07,3.7391317494872e-07,3.67369366232371e-07,-0.104236964068774,-0.0194370711291908,-0.0132389530648546,"Colon","Digestion system",2,"#87CEEB"
"232","Colon_3",-0.172664811793688,1.27341853165333e-07,3.5511782779551e-07,2.82096922574718e-07,-0.196629695661245,-0.0461914946491878,-0.0279956432179271,"Colon","Digestion system",2,"#87CEEB"
"233","Colon_4",-0.0716230502751403,3.25560999096826e-07,4.37181039681261e-07,3.93407338708534e-07,0.000564603055851629,0.0164493456324837,-0.00758231569386283,"Colon","Digestion system",2,"#87CEEB"
"234","Colon_5",-0.0688910914776393,3.29923069372913e-07,4.03405847794506e-07,1.07175487724716e-06,-0.00058739216615251,-0.00464745629367117,0.0699636285945597,"Colon","Digestion system",2,"#87CEEB"
"235","Colon_6",0.0573807359428015,4.18160852645004e-07,3.39982287890357e-07,4.72114965049822e-07,0.036472145448045,-0.061562269327419,-0.0347660149883281,"Colon","Digestion system",2,"#87CEEB"
"236","Colon_7",0.258079828756515,9.6620676175773e-07,4.88356526743061e-07,1.0547344777378e-06,0.185946493146374,-0.0188329563105347,0.204046009852995,"Colon","Digestion system",2,"#87CEEB"
"237","Colon_8",0.0316804019538818,5.05950313452133e-07,4.85455818104802e-07,6.47277544942323e-07,0.069695721191952,0.0662523588728714,-0.00495303730570693,"Colon","Digestion system",2,"#87CEEB"
"238","Colon_9",0.307250261892834,1.24418736524455e-06,6.82432974707163e-07,3.45479015221594e-07,0.183735931242174,0.12788652495919,0.0290426361138207,"Colon","Digestion system",2,"#87CEEB"
"239","Duodenum_0",0.0878422122112795,3.54675004038668e-07,3.37006247414704e-07,4.17929536451781e-07,-0.00320808497462269,-0.0628032823055083,-0.0516660668118662,"Duodenum","Digestion system",2,"#87CEEB"
"240","Duodenum_1",-0.0389585951375416,2.73504737068139e-07,3.6012513083463e-07,3.29666127246024e-07,-0.050804041710856,-0.0361238881967623,-0.0377745733160923,"Duodenum","Digestion system",2,"#87CEEB"
"241","Duodenum_10",0.089950725086992,7.24400708237489e-07,6.12552874079267e-07,1.08118078608794e-06,0.0933787707031418,0.0243698807170009,0.0854616123172161,"Duodenum","Digestion system",2,"#87CEEB"
"242","Duodenum_11",0.151002418927123,4.3882140990276e-07,4.32265828386703e-07,2.76839545438492e-07,0.00125251737575646,0.00937904813397727,-0.0537520741960672,"Duodenum","Digestion system",2,"#87CEEB"
"243","Duodenum_12",0.0893480532285297,4.33140419877234e-07,7.07476146982164e-07,2.37555942639691e-07,0.00609175448977245,0.104890528911364,-0.0466686469597999,"Duodenum","Digestion system",2,"#87CEEB"
"244","Duodenum_13",0.280122470130055,7.70409070101877e-07,8.55283772748609e-07,2.46679420918109e-07,0.185239942105681,0.247613077785767,-0.0494415030594486,"Duodenum","Digestion system",2,"#87CEEB"
"245","Duodenum_14",0.142637168611373,1.16315324266079e-06,1.2518145277809e-06,3.45877050847865e-07,0.199012670444423,0.156866631761308,-0.000937259681487038,"Duodenum","Digestion system",2,"#87CEEB"
"246","Duodenum_15",-0.0389707320460874,3.3649425615252e-07,4.34582629384172e-07,5.03474894210075e-07,0.0140214423662958,0.0152241157241055,0.0230098427627556,"Duodenum","Digestion system",2,"#87CEEB"
"247","Duodenum_16",0.433490113638675,1.9735584800111e-06,4.2200470490941e-07,3.39238099880186e-07,0.454588610512536,-0.00409406931151636,0.0343056049520246,"Duodenum","Digestion system",2,"#87CEEB"
"248","Duodenum_17",0.114431934401999,4.52406760643878e-07,7.21655308745643e-07,3.32792567658561e-07,0.0166225475846128,0.125453518893163,0.0386094700108237,"Duodenum","Digestion system",2,"#87CEEB"
"249","Duodenum_18",0.0925204493418804,6.23538836144466e-07,5.16633105815572e-07,4.73390012944727e-07,0.0915639504030042,0.0615558158027053,-0.0192135722221413,"Duodenum","Digestion system",2,"#87CEEB"
"250","Duodenum_19",-0.0485950189519267,1.63772775048934e-07,7.29273672166188e-07,3.06360201157895e-07,-0.212339337043427,0.0336945764841071,0.0186412923889365,"Duodenum","Digestion system",2,"#87CEEB"
"251","Duodenum_2",-0.0698998901444289,2.3699134688342e-07,3.54244696495105e-07,3.71836481632397e-07,-0.0732475156413373,-0.0340140995728579,-0.0109434093152309,"Duodenum","Digestion system",2,"#87CEEB"
"252","Duodenum_20",0.345613003718179,1.25791103088819e-06,9.84728425187218e-07,3.03176304065609e-07,0.263679672462767,0.15660469877109,-0.0316301745291463,"Duodenum","Digestion system",2,"#87CEEB"
"253","Duodenum_21",0.369966717421148,1.31055443074993e-06,9.45458990977612e-07,3.38465663493385e-07,0.273350236912345,0.132290479980652,-0.0157163320179143,"Duodenum","Digestion system",2,"#87CEEB"
"254","Duodenum_22",-0.115280816473523,1.28244573421822e-07,4.20936456710693e-07,3.04572644210662e-07,-0.205055828109065,-0.0154934417978368,-0.0204194460388439,"Duodenum","Digestion system",2,"#87CEEB"
"255","Duodenum_3",0.433208748398703,9.28826473950135e-07,9.62724838494375e-07,3.21716635755425e-07,0.19445834784119,0.257375125307567,-0.000100402518981684,"Duodenum","Digestion system",2,"#87CEEB"
"256","Duodenum_4",-0.0310014015498371,2.73843362507188e-07,3.95302217005224e-07,3.72015650518281e-07,-0.0610425819778991,-0.0121328149580071,-0.0202025104273945,"Duodenum","Digestion system",2,"#87CEEB"
"257","Duodenum_5",0.287686400800363,8.20111559866318e-07,6.1485156792078e-07,1.17751489388827e-06,0.158249631742991,0.0515343776006877,0.198511550120711,"Duodenum","Digestion system",2,"#87CEEB"
"258","Duodenum_6",-0.0639046485467107,2.84275310618421e-07,4.30351421110702e-07,6.2257136809992e-07,-0.0293828737472789,0.00186056128002693,0.0169572478948936,"Duodenum","Digestion system",2,"#87CEEB"
"259","Duodenum_7",0.310171319141483,8.04404387359402e-07,5.32707913888048e-07,2.93153854129159e-07,0.215719942527346,0.0263647275348561,0.000314085715786873,"Duodenum","Digestion system",2,"#87CEEB"
"260","Duodenum_8",-0.123640224480003,1.81539777001347e-07,5.69852446360791e-07,4.44221857831246e-07,-0.113954730942559,0.00755935367688696,-0.0234619629601992,"Duodenum","Digestion system",2,"#87CEEB"
"261","Duodenum_9",-0.0072885403065543,2.41716909582307e-07,3.41364676293927e-07,3.87019948841076e-07,-0.079723717305359,-0.0602825468446676,-0.0501156388017089,"Duodenum","Digestion system",2,"#87CEEB"
"262","Epididymis_0",-0.012863735067747,3.9326738486109e-07,3.80023741233555e-07,3.89070721327492e-07,0.0403787046106421,-0.0382998960206888,-0.014437882572314,"Epididymis","Reproductive system",8,"#FF007F"
"263","Epididymis_1",-0.0932830486738374,2.63543410866617e-07,3.48224303252344e-07,3.04282245370131e-07,-0.0583778627319268,-0.0476223728350336,-0.0428745064112104,"Epididymis","Reproductive system",8,"#FF007F"
"264","Epididymis_10",0.113518337248994,6.2590650432763e-07,8.06495400527703e-07,3.09003043612358e-07,0.125983044826233,0.0750640598451812,-0.031994676833528,"Epididymis","Reproductive system",8,"#FF007F"
"265","Epididymis_11",-0.0491417345593876,3.01925468184742e-07,3.52218315883352e-07,2.48653719667136e-07,0.0278854747048688,-0.0734732791569593,-0.0380637598836529,"Epididymis","Reproductive system",8,"#FF007F"
"266","Epididymis_12",-0.119496767819985,2.44707322577423e-07,3.58918148754694e-07,4.02979909911428e-07,-0.0884466763253049,-0.0718588116647567,-0.0291845669525257,"Epididymis","Reproductive system",8,"#FF007F"
"267","Epididymis_13",-0.395558129252587,5.96641901532281e-08,2.14436454262965e-07,1.68781552421302e-07,-0.320802537380049,-0.216163667483819,-0.149837837833058,"Epididymis","Reproductive system",8,"#FF007F"
"268","Epididymis_14",0.250229137594431,1.6551448439602e-06,4.86517933984061e-07,3.959950905286e-07,0.3478261321475,0.178664895009908,-0.0531319563483203,"Epididymis","Reproductive system",8,"#FF007F"
"269","Epididymis_15",-0.099336968191837,4.55372264565441e-07,1.13203570414353e-06,2.37166607804542e-06,0.102395242580835,0.0934135652324211,0.286256637402346,"Epididymis","Reproductive system",8,"#FF007F"
"270","Epididymis_2",0.085377976995131,1.3106702476902e-06,3.49519927343653e-07,3.20396936436667e-07,0.195048639653799,0.099666689806913,-0.116356613948269,"Epididymis","Reproductive system",8,"#FF007F"
"271","Epididymis_3",-0.0257951343565948,3.10903375123362e-07,3.62452857724327e-07,4.13068483971458e-07,-0.0161016560477069,-0.0586839974643925,-0.00298510917101774,"Epididymis","Reproductive system",8,"#FF007F"
"272","Epididymis_4",-0.0260921809633964,1.93586743187423e-07,5.39991679424715e-07,9.09767752858697e-07,-0.078209651278693,-0.0219705732897793,0.13698573635434,"Epididymis","Reproductive system",8,"#FF007F"
"273","Epididymis_5",0.11110112123733,1.88922431748344e-06,3.82226992429109e-07,4.47937292179655e-07,0.204629461289466,0.0389823755044656,-0.0833907612827064,"Epididymis","Reproductive system",8,"#FF007F"
"274","Epididymis_6",-0.0398339341046693,3.2316873375779e-07,3.50036992591959e-07,3.77933853649247e-07,-0.0209562636540038,-0.0582068004301458,-0.00717314896009052,"Epididymis","Reproductive system",8,"#FF007F"
"275","Epididymis_7",0.122336252819759,1.2081648825166e-06,5.03882240055554e-07,3.92878508462853e-07,0.144164611146753,0.00630688567021259,-0.0307579999052857,"Epididymis","Reproductive system",8,"#FF007F"
"276","Epididymis_8",0.330281747583419,1.70087211010233e-06,6.25042982179988e-07,4.63178709135383e-07,0.377995459256721,0.180086213010662,-0.0175719187109116,"Epididymis","Reproductive system",8,"#FF007F"
"277","Epididymis_9",-0.0577782324177133,4.57003310519391e-07,3.18347799028786e-07,3.38455784372323e-07,-0.0605764414746187,-0.0511730638893116,-0.083811755337046,"Epididymis","Reproductive system",8,"#FF007F"
"278","Esophage_0",0.40641763592172,2.42530339730161e-06,9.09749068974255e-07,9.54147980679452e-07,0.476376455463088,0.134037967851116,0.0850497383276163,"Esophage","Digestion system",2,"#87CEEB"
"279","Esophage_1",-0.0324213175706107,3.28205199983754e-07,3.81986166715642e-07,2.64309100520305e-07,0.0216086515579942,-0.0500430459098736,-0.0308284736617896,"Esophage","Digestion system",2,"#87CEEB"
"280","Esophage_10",0.178255582824054,9.32136488395341e-07,5.52868654130777e-07,7.05827193015271e-07,0.256304785126881,0.00777189103742804,0.0434416160003491,"Esophage","Digestion system",2,"#87CEEB"
"281","Esophage_11",0.448842093479368,3.05186237626457e-06,1.20758151067577e-06,1.26472206936316e-06,0.512933709445653,0.191448852970668,0.12328594151736,"Esophage","Digestion system",2,"#87CEEB"
"282","Esophage_12",-0.0910478206677228,1.82297667893292e-07,3.47232819017535e-07,3.53962919681784e-07,-0.126038262083025,-0.0651406468905964,-0.0320356505786083,"Esophage","Digestion system",2,"#87CEEB"
"283","Esophage_13",-0.0965924195046586,3.11084046011961e-07,6.26537751675949e-07,1.06832969445393e-06,-0.0543762384400807,0.00569085660687959,0.0976970889157973,"Esophage","Digestion system",2,"#87CEEB"
"284","Esophage_14",0.0857797333215884,3.85713465684716e-07,7.18392583941645e-07,2.70822811138961e-07,0.0272372704476541,0.0424790971175517,-0.0424137035921744,"Esophage","Digestion system",2,"#87CEEB"
"285","Esophage_15",-0.0296894689274636,3.50289028462251e-07,5.24669911909954e-07,6.74839197978484e-07,0.027254843349268,-0.00267632048327079,0.0180722766213394,"Esophage","Digestion system",2,"#87CEEB"
"286","Esophage_2",0.170726480835302,7.8712418335342e-07,7.85312523262111e-07,7.30240093255821e-07,0.234286603047354,0.0509682359771226,0.0744575617149593,"Esophage","Digestion system",2,"#87CEEB"
"287","Esophage_3",0.647701420487529,4.82227635797862e-06,1.0574522415216e-06,1.18609837715173e-06,0.563889740887034,0.197905211920444,0.127177777156448,"Esophage","Digestion system",2,"#87CEEB"
"288","Esophage_4",-0.0397715241722619,3.16143571715117e-07,5.46605759075283e-07,2.63135330441994e-07,0.00540458384239756,-0.012048815131302,-0.0159507120711413,"Esophage","Digestion system",2,"#87CEEB"
"289","Esophage_5",0.0436856065301849,4.83218097688681e-07,9.55539813833955e-07,3.08190265723645e-07,0.0830465731973012,0.0779842253903915,-0.0279955142907338,"Esophage","Digestion system",2,"#87CEEB"
"290","Esophage_6",0.117973744740991,8.23922501287346e-07,1.22289781601644e-06,3.88729783877674e-07,0.199940726658791,0.119846849358208,0.00822346245772735,"Esophage","Digestion system",2,"#87CEEB"
"291","Esophage_7",-0.198845246695241,1.01558371474707e-07,3.47029872353223e-07,1.81114973340799e-07,-0.212857627793817,-0.118366392086082,-0.0937372932171574,"Esophage","Digestion system",2,"#87CEEB"
"292","Esophage_8",0.338258850376995,1.85912997651415e-06,8.6333068721029e-07,7.35065516476722e-07,0.442208000646681,0.140661007095799,0.0519481966475073,"Esophage","Digestion system",2,"#87CEEB"
"293","Esophage_9",0.37836370113839,2.02133411927661e-06,8.01443964211183e-07,8.61198311677278e-07,0.438262337556092,0.104503175986958,0.0623476907826007,"Esophage","Digestion system",2,"#87CEEB"
"294","Heart_0",-0.28247455644962,3.99391976509123e-08,4.60075794119029e-07,1.25023766626912e-07,-0.379863248309667,-0.0288784228537112,-0.0495010661752129,"Heart","Circulation system",1,"#00008B"
"295","Heart_1",-0.253623087703782,6.55785480201357e-08,1.36995030482785e-06,4.31121371790188e-07,-0.278675421141542,0.119637609274804,0.0679515412965186,"Heart","Circulation system",1,"#00008B"
"296","Heart_10",-0.29530685035658,6.43776754924528e-08,7.10567344963187e-07,1.50476735590135e-07,-0.295011621819804,0.0428902810629224,-0.0768407401008831,"Heart","Circulation system",1,"#00008B"
"297","Heart_11",-0.311269914680745,5.44739662576813e-08,4.21978158841292e-07,8.05591744300179e-07,-0.300270177468026,-0.0246497188342138,0.00422265029155674,"Heart","Circulation system",1,"#00008B"
"298","Heart_12",-0.293583950590953,5.21707821345743e-08,3.84576196065235e-07,3.17215938801182e-07,-0.323525791583347,-0.0747941146400382,-0.0289284775363339,"Heart","Circulation system",1,"#00008B"
"299","Heart_13",-0.141948453145727,1.06927278287501e-07,4.21455189709765e-07,1.57658260495806e-06,-0.217253861683938,-0.0633700278012725,0.127444025607147,"Heart","Circulation system",1,"#00008B"
"300","Heart_14",-0.303440717995672,5.78401167050951e-08,4.49830897372468e-07,7.29272300150116e-07,-0.316644230887507,-0.0253113568991539,-0.00773577206166642,"Heart","Circulation system",1,"#00008B"
"301","Heart_15",-0.205258965222305,4.92507335095476e-08,3.33040818281115e-07,1.96539908392088e-07,-0.31471434472266,-0.0896207292537605,-0.0475113062942667,"Heart","Circulation system",1,"#00008B"
"302","Heart_16",-0.267151080485725,4.7618853682803e-08,5.41985248054565e-07,1.50057807485998e-07,-0.29456040392999,-0.0368791133655371,-0.102789422325758,"Heart","Circulation system",1,"#00008B"
"303","Heart_17",-0.309167252896417,5.67007433078725e-08,1.27299316615354e-06,2.54059011547608e-06,-0.295325164397788,0.15633992170113,0.161926381343623,"Heart","Circulation system",1,"#00008B"
"304","Heart_18",-0.253313293668786,6.31634644337606e-08,1.45689107225524e-06,2.15029457330749e-07,-0.238503455348158,0.131176631819762,-0.0206251075252739,"Heart","Circulation system",1,"#00008B"
"305","Heart_19",-0.130168380279671,1.83358577818196e-07,1.21257402601205e-06,2.47253169198445e-07,-0.0937432383640851,0.123864990963325,0.0363003132699357,"Heart","Circulation system",1,"#00008B"
"306","Heart_2",-0.272753389038827,7.31551669252515e-08,6.53804007518836e-07,1.60766982553878e-07,-0.262674729817458,0.0311453388789875,-0.0750050253009197,"Heart","Circulation system",1,"#00008B"
"307","Heart_20",-0.323015624685524,4.32383240078831e-08,3.07343977963291e-07,2.65738573698532e-07,-0.359739692200406,-0.0888890663180298,-0.0937235253384645,"Heart","Circulation system",1,"#00008B"
"308","Heart_21",-0.288242610856577,4.48433457686868e-08,4.71448097858251e-07,1.64854298011708e-07,-0.294845825519118,-0.019458581497909,-0.107055855070672,"Heart","Circulation system",1,"#00008B"
"309","Heart_22",-0.311851027654837,3.97754930106999e-08,1.44725777168424e-06,3.40114165623341e-07,-0.299397514672894,0.157873343513399,0.0621830776561872,"Heart","Circulation system",1,"#00008B"
"310","Heart_3",-0.281740673719649,5.65257724309157e-08,5.60182555216645e-07,1.16844096932958e-06,-0.28291670585592,-0.00626138088462869,0.0488373061186765,"Heart","Circulation system",1,"#00008B"
"311","Heart_4",-0.272835175937001,6.22956491807273e-08,2.62553205749184e-07,2.30403915216485e-07,-0.301436197932206,-0.109825229990898,-0.059120612621404,"Heart","Circulation system",1,"#00008B"
"312","Heart_5",-0.292832616926012,5.90718483042166e-08,2.50952033183988e-07,4.07806660105076e-07,-0.293015615323872,-0.112924413042624,-0.0528839518350582,"Heart","Circulation system",1,"#00008B"
"313","Heart_6",-0.215677275116515,9.21200714833718e-08,3.79988543136598e-07,1.91325908898583e-07,-0.255654477788369,-0.0885072065529962,-0.0781663806377702,"Heart","Circulation system",1,"#00008B"
"314","Heart_7",-0.249737723065042,6.35224702321742e-08,7.29453471317782e-07,1.881363604303e-07,-0.267183219855045,0.00848072092203757,-0.0785870926697496,"Heart","Circulation system",1,"#00008B"
"315","Heart_8",-0.290793946358115,3.78951977905355e-08,3.59580517177618e-07,1.22114741369616e-07,-0.383485099003166,-0.0733247000201425,-0.0524762499148922,"Heart","Circulation system",1,"#00008B"
"316","Heart_9",-0.260379479594061,6.49263418455408e-08,3.80394695220891e-07,1.77615548833871e-07,-0.255820899277081,-0.051334159082818,-0.0613310065574688,"Heart","Circulation system",1,"#00008B"
"317","Hypothalamus_0",-0.268709717601457,4.36286548805294e-08,6.757622927041e-07,9.14483937616599e-08,-0.331794546245619,0.0461052849512111,-0.151775051562971,"Hypothalamus","Nervous system",6,"#FFCC33"
"318","Hypothalamus_1",-0.275471262878871,4.62244448529025e-08,7.33817700183049e-07,9.32369514924271e-08,-0.331665348546664,0.0557835630620464,-0.155453716585359,"Hypothalamus","Nervous system",6,"#FFCC33"
"319","Hypothalamus_10",-0.295701420832617,3.99648132509474e-08,1.47658637483382e-07,2.3813407207032e-08,-0.341730738182136,-0.162869599271072,-0.199827547073282,"Hypothalamus","Nervous system",6,"#FFCC33"
"320","Hypothalamus_11",-0.000301150333436575,1.32637068032899e-07,5.70156403205949e-07,4.0371682387052e-07,-0.161290432811965,-0.000204860033942666,-0.0467436447234583,"Hypothalamus","Nervous system",6,"#FFCC33"
"321","Hypothalamus_12",-0.248249390507417,7.79572887994471e-08,2.25389377034274e-07,3.63973284124755e-07,-0.288944947327883,-0.116672962714904,-0.0443533293407915,"Hypothalamus","Nervous system",6,"#FFCC33"
"322","Hypothalamus_13",-0.111428106523449,1.04244568978933e-07,4.33976814974172e-07,6.79801133403484e-07,-0.225721064358484,-0.0257703669101268,0.0235903842849946,"Hypothalamus","Nervous system",6,"#FFCC33"
"323","Hypothalamus_2",-0.209398674209954,6.51308425186668e-08,4.48740405745815e-07,7.01856092231454e-07,-0.275708669663236,-0.0275526992396374,0.0530803696266689,"Hypothalamus","Nervous system",6,"#FFCC33"
"324","Hypothalamus_3",-0.205469064832861,7.11230689902053e-08,6.25478119466982e-07,1.27223066239904e-07,-0.264764544237402,0.0303166976898933,-0.12488981557513,"Hypothalamus","Nervous system",6,"#FFCC33"
"325","Hypothalamus_4",-0.280996587298721,4.04917982003094e-08,1.41402424050151e-07,9.35166585294074e-08,-0.382840885863623,-0.198565639839256,-0.109020745589818,"Hypothalamus","Nervous system",6,"#FFCC33"
"326","Hypothalamus_5",-0.310261210546697,3.48988374936882e-08,7.15500224143695e-07,8.15446086088733e-08,-0.371468542227355,0.0441676474585419,-0.160589551809284,"Hypothalamus","Nervous system",6,"#FFCC33"
"327","Hypothalamus_6",-0.157517350891308,3.76916951047386e-08,2.58380893386465e-07,1.06039210343307e-07,-0.359269178530975,-0.0858878095582677,-0.0877867125764984,"Hypothalamus","Nervous system",6,"#FFCC33"
"328","Hypothalamus_7",-0.192950512382056,7.32636502035817e-08,7.2381058702461e-07,1.35090416505618e-07,-0.261819482633158,0.0428112932364895,-0.113530526060062,"Hypothalamus","Nervous system",6,"#FFCC33"
"329","Hypothalamus_8",0.013382424525139,2.62351070030908e-07,6.68204795553289e-07,1.85594311504758e-07,-0.0616042373229524,0.0291719553299973,-0.0265955775940737,"Hypothalamus","Nervous system",6,"#FFCC33"
"330","Hypothalamus_9",-0.195534635726486,8.28563629177423e-08,2.3629820622079e-07,9.93409673342193e-08,-0.272698777458402,-0.13885012957444,-0.127506153990438,"Hypothalamus","Nervous system",6,"#FFCC33"
"331","Ileum_0",-0.0810508045508369,2.09258107992356e-07,3.84937261619761e-07,3.73779998970112e-07,-0.0980197960237958,-0.0156996496578217,-0.0128386908773915,"Ileum","Digestion system",2,"#87CEEB"
"332","Ileum_1",-0.0794464396016801,2.31367359382061e-07,3.55689164487132e-07,3.81080392451647e-07,-0.072020437062576,-0.0359589373174834,-0.0122071486789145,"Ileum","Digestion system",2,"#87CEEB"
"333","Ileum_10",-0.0850892971179186,2.84387741373962e-07,5.71399571032882e-07,2.48590619689551e-07,-0.010678419398986,0.0152383470512611,-0.0133499354303187,"Ileum","Digestion system",2,"#87CEEB"
"334","Ileum_11",0.134451545201203,6.2050873210448e-07,6.27212494481436e-07,2.80562651763508e-07,0.0966197895845396,0.165792868306579,-0.0191847136075198,"Ileum","Digestion system",2,"#87CEEB"
"335","Ileum_12",-0.133119023358234,2.03708374964574e-07,5.18895728920774e-07,2.53407677806156e-07,-0.092497167763447,-0.00288181424652777,-0.013388962646842,"Ileum","Digestion system",2,"#87CEEB"
"336","Ileum_13",-0.0373305677958494,6.83055733205227e-07,1.49689605843197e-06,3.25621103645214e-07,0.107809435062441,0.176538782415642,-0.0154695922773215,"Ileum","Digestion system",2,"#87CEEB"
"337","Ileum_14",0.0430015996898126,4.12382738435127e-07,4.34393486834067e-07,3.88791360322305e-07,0.0725571084048193,0.0750388025059001,-0.0307015137589563,"Ileum","Digestion system",2,"#87CEEB"
"338","Ileum_15",-0.214018173413041,9.96441686153986e-08,4.37991948958678e-07,3.31791003929408e-07,-0.239636413629977,-0.00129630986998208,0.0198298382981547,"Ileum","Digestion system",2,"#87CEEB"
"339","Ileum_16",-0.101194378217152,3.40499170285883e-07,6.81695342319218e-07,7.65018319120287e-07,-0.0507321884522195,0.0510581011022471,0.0764927489059258,"Ileum","Digestion system",2,"#87CEEB"
"340","Ileum_17",-0.112836747882794,3.55680039513974e-07,1.06941387715371e-06,2.58839788249022e-06,-0.0213011629945395,0.116427240627399,0.23820345479181,"Ileum","Digestion system",2,"#87CEEB"
"341","Ileum_18",0.14773710188029,5.29977304971212e-07,4.27211201776195e-07,8.20260731192217e-07,0.0617928673065633,-0.0411546108908963,0.142771634474468,"Ileum","Digestion system",2,"#87CEEB"
"342","Ileum_19",0.0240656142491653,4.73830363492209e-07,3.92067420538347e-07,5.36451027220212e-07,0.104155914819391,-0.0150700446962534,0.0514271963722829,"Ileum","Digestion system",2,"#87CEEB"
"343","Ileum_2",-0.165567767535152,1.97856886032091e-07,7.49086783776338e-07,5.53281763118591e-07,-0.0841802964906257,0.0551038884376152,-0.00813870439403894,"Ileum","Digestion system",2,"#87CEEB"
"344","Ileum_20",0.0104777770314709,3.62246262111857e-07,4.26177439596221e-07,2.76736826915602e-07,-0.0518732271286873,-0.0209618394430304,-0.0382166545164668,"Ileum","Digestion system",2,"#87CEEB"
"345","Ileum_21",0.232436786666305,7.62280276322049e-07,1.32463598495183e-06,5.08457338081711e-07,0.176921170640455,0.275061758906691,0.08783382268376,"Ileum","Digestion system",2,"#87CEEB"
"346","Ileum_22",-0.037537296721887,3.53556672837912e-07,3.82907597492322e-07,3.39184640343258e-07,-0.0229457195738048,-0.0563116111925738,-0.0313456706701378,"Ileum","Digestion system",2,"#87CEEB"
"347","Ileum_23",-0.0484200058762686,2.59103339997314e-07,6.70726567832705e-07,2.96508424609978e-07,-0.0941456823755014,0.129859919773637,0.0186862815404875,"Ileum","Digestion system",2,"#87CEEB"
"348","Ileum_24",0.273251329930864,1.16090417209952e-06,1.29953415355101e-06,3.32452289824191e-07,0.260372473959734,0.184946613551973,-0.014017836700879,"Ileum","Digestion system",2,"#87CEEB"
"349","Ileum_25",0.093628855859642,9.83390758883126e-07,3.67060962379131e-07,3.24363242467853e-07,0.271933677115466,-0.0333570959667898,0.0175763556493835,"Ileum","Digestion system",2,"#87CEEB"
"350","Ileum_26",0.0456255593781924,3.61749622701574e-07,5.77248667156732e-07,3.2036628014031e-06,-0.0772499184504614,-0.0337107044983309,0.329495141069277,"Ileum","Digestion system",2,"#87CEEB"
"351","Ileum_27",0.0894219280840307,3.01273160322484e-07,4.62719548233091e-07,2.93764565050379e-07,-0.0195007969533465,0.0654360369307538,-0.00893303660636108,"Ileum","Digestion system",2,"#87CEEB"
"352","Ileum_28",0.269162112363501,1.34784186602203e-06,8.06157582077584e-07,2.79217767973669e-06,0.328771102580276,0.101173200304373,0.367971219580374,"Ileum","Digestion system",2,"#87CEEB"
"353","Ileum_3",0.0363725328113575,6.23496588150697e-07,8.50181913675678e-07,2.07392011564371e-06,-0.0144220447787666,0.0723660370425206,0.277518637703958,"Ileum","Digestion system",2,"#87CEEB"
"354","Ileum_4",-0.184074676228622,1.87046750199122e-07,6.96099109832744e-07,1.99371713657111e-06,-0.168945722435657,0.0364272430541574,0.196180904976361,"Ileum","Digestion system",2,"#87CEEB"
"355","Ileum_5",0.145563589082795,8.89993111418062e-07,6.28911268461361e-07,4.68981859142859e-07,0.216003557511976,0.124272756738238,-0.0078367162885387,"Ileum","Digestion system",2,"#87CEEB"
"356","Ileum_6",0.0231133755851562,3.18129196943676e-07,8.24696119315608e-07,2.1650919032171e-07,-0.000694758945145532,0.0779207884104099,-0.0750225267234996,"Ileum","Digestion system",2,"#87CEEB"
"357","Ileum_7",0.108862947530171,5.313563840194e-07,3.67443674790623e-07,4.90591430827666e-07,0.0883336973424946,-0.0367785910097192,-0.0205447707330568,"Ileum","Digestion system",2,"#87CEEB"
"358","Ileum_8",0.0915558566131187,4.11021234415594e-07,4.70958548747245e-07,2.20618388406852e-07,0.0318314458670279,0.0530002481097039,-0.0595348547396153,"Ileum","Digestion system",2,"#87CEEB"
"359","Ileum_9",-0.0497940548071118,3.38749941962605e-07,4.41054230267774e-07,1.01056681240662e-06,0.00534022647019015,0.0131068691845006,0.0651592438174416,"Ileum","Digestion system",2,"#87CEEB"
"360","IVD_0",0.286955837831885,1.19490622532956e-06,6.59712460792659e-07,3.92640395703345e-07,0.235461243875665,0.00702808682732865,0.0187478861965551,"IVD","Motor system",5,"#DC143C"
"361","IVD_1",0.118895745738224,5.42423660780049e-07,4.23882385232043e-07,3.04197425795012e-07,0.0180011855108762,-0.0629634565068743,-0.0238673604282507,"IVD","Motor system",5,"#DC143C"
"362","IVD_10",0.263430098930402,1.08386446200684e-06,5.2537121752004e-07,5.66516543748887e-07,0.257066772989934,-0.0422796340767549,0.0681103381543361,"IVD","Motor system",5,"#DC143C"
"363","IVD_11",-0.135299985207212,1.6732391356483e-07,6.9915386231188e-07,1.93440868213942e-07,-0.152805177272645,-0.0042954082596321,-0.0606185881885964,"IVD","Motor system",5,"#DC143C"
"364","IVD_12",0.0400699179126771,4.23266713630208e-07,4.35177426066249e-07,4.81978689112556e-07,0.0786371941738748,-0.0693333525295695,0.0658681236721696,"IVD","Motor system",5,"#DC143C"
"365","IVD_13",-0.043427792686781,3.03641007582804e-07,4.43462299668547e-07,2.66886186831508e-07,-0.0430189503892468,-0.057063215518499,-0.0330734246264171,"IVD","Motor system",5,"#DC143C"
"366","IVD_14",0.145167422534587,1.09797628289227e-06,8.40816595717091e-07,3.2274583360883e-07,0.192940594452658,0.101159920345241,-0.0267488602582429,"IVD","Motor system",5,"#DC143C"
"367","IVD_15",0.0605121643379767,1.42476809127835e-06,8.50435582141836e-07,1.22356441366899e-06,0.0892180802508624,0.0644025488966283,0.0826011916015594,"IVD","Motor system",5,"#DC143C"
"368","IVD_16",-0.140699330845841,2.56627589981008e-07,4.76927685621711e-07,2.65707626490926e-07,-0.132254343450147,-0.0698846712706745,-0.047166291309007,"IVD","Motor system",5,"#DC143C"
"369","IVD_17",-0.0408981835585141,3.98595181404292e-07,4.09992932182764e-07,2.96508131480417e-07,0.0713628355063353,-0.0564280081897616,-0.0104819573154089,"IVD","Motor system",5,"#DC143C"
"370","IVD_18",0.217749859557607,2.14371134680044e-06,6.73311750111986e-07,6.33753962072318e-07,0.382227245404603,-0.0119570461675694,0.190372644969273,"IVD","Motor system",5,"#DC143C"
"371","IVD_2",0.295287056827308,1.26692988363567e-06,5.0909949400553e-07,5.48545052089409e-07,0.302609408146929,-0.0463273359500939,0.0723423584075942,"IVD","Motor system",5,"#DC143C"
"372","IVD_3",0.14103782524614,8.22140765945546e-07,7.55728632291811e-07,3.58566718835694e-07,0.182669921153963,0.0281446074939854,0.0242694890725259,"IVD","Motor system",5,"#DC143C"
"373","IVD_4",0.185189896563894,7.15391590065727e-07,5.49712145478983e-07,3.5858365963307e-07,0.125611399771192,-0.0251544616987844,0.0226372231588696,"IVD","Motor system",5,"#DC143C"
"374","IVD_5",0.12698072595771,5.98863538395368e-07,5.48099746841757e-07,4.74887198308545e-07,0.133637986743791,-0.0323642961105911,0.0515181063980618,"IVD","Motor system",5,"#DC143C"
"375","IVD_6",0.00544011407323487,5.23387924389087e-07,5.18836545825274e-07,3.0279582862276e-07,0.0441007840652725,-0.0117806534814348,-0.00417894181793171,"IVD","Motor system",5,"#DC143C"
"376","IVD_7",0.158317138077192,1.15873322813898e-06,1.21247298304261e-06,3.45677589076207e-07,0.128112053314883,0.129259074738544,-0.000334420756254645,"IVD","Motor system",5,"#DC143C"
"377","IVD_8",0.084716899673975,9.76774882394825e-07,7.03786242893036e-07,3.79060044366521e-07,0.162427692647792,0.022383245257281,0.025905231268723,"IVD","Motor system",5,"#DC143C"
"378","IVD_9",-0.0557719980529363,2.58237407188119e-07,4.88875823016691e-07,2.97090306636703e-07,-0.0407657123423529,-0.0451372586837976,-0.00759649066052892,"IVD","Motor system",5,"#DC143C"
"379","Jejunum_0",-0.0894370998691157,2.33868058334042e-07,3.92764574023058e-07,3.65562641517096e-07,-0.0899257362191302,-0.0137796967921172,-0.0178037582712619,"Jejunum","Digestion system",2,"#87CEEB"
"380","Jejunum_1",0.215790625408708,8.19089126825697e-07,6.3187246256134e-07,1.43258535615475e-06,0.168162856223476,0.0434536940814057,0.233195914449516,"Jejunum","Digestion system",2,"#87CEEB"
"381","Jejunum_10",-0.0816872435577248,3.01469855889379e-07,4.38385265565467e-07,7.73750573180069e-07,-0.0139144442586135,0.00899414872273246,0.0451739757955401,"Jejunum","Digestion system",2,"#87CEEB"
"382","Jejunum_11",-0.0676258332987344,2.12897936978691e-07,4.73857376810353e-07,2.71373588169316e-07,-0.114321580933633,-0.00040738438687139,-0.0496172289371042,"Jejunum","Digestion system",2,"#87CEEB"
"383","Jejunum_12",0.0306172720198815,1.23349574961542e-06,9.28789905023271e-07,3.56607311735214e-07,0.204770867267206,0.110670198106191,-0.000446070008017249,"Jejunum","Digestion system",2,"#87CEEB"
"384","Jejunum_13",0.277128961384374,1.68242821417018e-06,7.61187152487413e-07,3.60161532032658e-07,0.309614658393503,0.134887426790038,-0.00785108988225759,"Jejunum","Digestion system",2,"#87CEEB"
"385","Jejunum_14",-0.0146301199897751,4.64726533569146e-07,5.6519250396657e-07,6.24051511166974e-07,0.0327545794606901,0.00816733673730556,0.0506989197489859,"Jejunum","Digestion system",2,"#87CEEB"
"386","Jejunum_15",0.0206009203325578,4.75792359253564e-07,4.92120284918098e-07,4.40403878681749e-07,0.0546832535059621,0.0428811985493628,-0.0164182224867763,"Jejunum","Digestion system",2,"#87CEEB"
"387","Jejunum_16",0.29495638909809,6.35336584732658e-07,7.78026689667751e-07,4.27673378554977e-07,0.0830801248437731,0.145652388265196,0.0300515739741827,"Jejunum","Digestion system",2,"#87CEEB"
"388","Jejunum_17",0.165079431511615,1.72703055420741e-06,4.07259817781998e-07,3.83405185711443e-07,0.338311505311386,-0.018193579342231,0.0372607748953159,"Jejunum","Digestion system",2,"#87CEEB"
"389","Jejunum_18",0.135692356181155,5.59455039164457e-07,8.0373401263796e-07,2.75001663435131e-07,0.117450009634124,0.22276917618241,-0.0216208261804174,"Jejunum","Digestion system",2,"#87CEEB"
"390","Jejunum_19",0.0481615720039805,7.02123918274805e-07,9.05686788229501e-07,2.35192401609625e-06,0.0816694414959777,0.0768359615197168,0.239016941269725,"Jejunum","Digestion system",2,"#87CEEB"
"391","Jejunum_2",-0.0631181199279406,2.94726908932071e-07,3.45501298987491e-07,3.89918170145022e-07,-0.0407697235468912,-0.0420965252824637,-0.0139460605142848,"Jejunum","Digestion system",2,"#87CEEB"
"392","Jejunum_20",-0.149531756636718,2.44095202527788e-07,6.89236037560936e-07,2.02947894826851e-06,-0.137992199577336,0.0216981676648887,0.198965852544599,"Jejunum","Digestion system",2,"#87CEEB"
"393","Jejunum_21",-0.00606924212605717,5.63983992340713e-07,4.91482530062207e-07,7.17061069552816e-07,0.0149134827642521,-0.0179306946144838,0.0265981179475113,"Jejunum","Digestion system",2,"#87CEEB"
"394","Jejunum_22",0.167526832634635,6.04005773512659e-07,5.07159771983803e-07,1.01136273275607e-06,0.0798189767021489,-0.00898320149713656,0.182837123212138,"Jejunum","Digestion system",2,"#87CEEB"
"395","Jejunum_23",-0.186151731064557,9.82716148549155e-08,5.00269179089009e-07,3.05031847709631e-07,-0.260055102507199,0.0042455295472634,-0.00406318358941104,"Jejunum","Digestion system",2,"#87CEEB"
"396","Jejunum_24",0.0823711308130833,3.23083025297918e-07,5.0141600689506e-07,2.8975515575502e-07,-0.0171145795246431,0.0437742794647357,-0.0144722144385005,"Jejunum","Digestion system",2,"#87CEEB"
"397","Jejunum_25",0.0109614694459782,3.08699391768381e-07,3.04021974615518e-07,2.69347772351252e-07,-0.0234699589567722,-0.0965650912645149,-0.0643603543628725,"Jejunum","Digestion system",2,"#87CEEB"
"398","Jejunum_26",0.24349149735992,1.00333464393421e-06,1.01636255462827e-06,1.50242909304969e-06,0.237620423129697,0.21043186804905,0.252880152267838,"Jejunum","Digestion system",2,"#87CEEB"
"399","Jejunum_27",-0.0625194498680504,2.17888954112023e-07,6.77460850786342e-07,2.40921175977192e-07,-0.106821407751545,0.150945180893662,-0.00443086199832465,"Jejunum","Digestion system",2,"#87CEEB"
"400","Jejunum_28",-0.021598949514408,2.07688187873732e-07,4.72537296453158e-07,1.99818142687999e-07,-0.0712072128842434,0.0313089288824615,-0.0828598302440618,"Jejunum","Digestion system",2,"#87CEEB"
"401","Jejunum_29",0.165071639628754,5.4144046626731e-07,3.99673181966605e-07,7.16164702009484e-07,0.155528869881268,-0.0212657383844999,0.135591218749547,"Jejunum","Digestion system",2,"#87CEEB"
"402","Jejunum_3",-0.0399687866995203,2.92846434511575e-07,5.5313142871388e-07,2.96122936217168e-07,-0.0891166297651309,0.0528710759047004,-0.0363080517442309,"Jejunum","Digestion system",2,"#87CEEB"
"403","Jejunum_4",0.0973231009844654,6.6097635532461e-07,4.98932368233946e-07,2.9369545263523e-07,0.151181912382471,-0.00110050763888746,0.000480030740384331,"Jejunum","Digestion system",2,"#87CEEB"
"404","Jejunum_5",-0.048831722886346,2.4449797648838e-07,4.36654360518948e-07,4.69971135187919e-07,-0.0762329101591474,0.0141949879599039,0.0201389638154237,"Jejunum","Digestion system",2,"#87CEEB"
"405","Jejunum_6",0.0982737250365314,5.23725246634545e-07,9.08200376972979e-07,2.09436787431765e-06,0.0591151172862769,0.0997212630607701,0.315131080333079,"Jejunum","Digestion system",2,"#87CEEB"
"406","Jejunum_7",-0.149073521085597,2.20564597863049e-07,7.42662741017274e-07,5.22889827245749e-07,-0.0768780832899592,0.0569849004397774,-0.00884189771075041,"Jejunum","Digestion system",2,"#87CEEB"
"407","Jejunum_8",0.0928265692132775,4.74335708498948e-07,3.44866354313338e-07,4.67210295124672e-07,0.0679837108735307,-0.0564467391128035,-0.0346472085854813,"Jejunum","Digestion system",2,"#87CEEB"
"408","Jejunum_9",0.133757314109338,8.46172310582207e-07,6.59213050226139e-07,2.86233393980386e-07,0.127553773394997,0.0743754108946319,-0.0400859137190445,"Jejunum","Digestion system",2,"#87CEEB"
"409","Kidney_0",-0.211813917753266,5.31345578329751e-08,6.32600556329222e-07,3.66026686623791e-07,-0.334947359219494,0.066876627659621,0.0964325976584538,"Kidney","Urinary system",10,"#4169E1"
"410","Kidney_1",-0.214155397760854,5.33378798765025e-08,5.74945446534125e-07,4.11359743252613e-07,-0.326191740016678,0.046676816512847,0.128310021200977,"Kidney","Urinary system",10,"#4169E1"
"411","Kidney_10",-0.27017637939259,5.54142762005472e-08,1.07151433837166e-06,2.50505297007477e-07,-0.309616029739445,0.0750123529259789,-0.027014079328781,"Kidney","Urinary system",10,"#4169E1"
"412","Kidney_11",0.20829617419787,1.59076511827724e-06,6.47129671982443e-07,6.49942827358789e-07,0.274654307505146,0.0407331301504502,0.0400408425021593,"Kidney","Urinary system",10,"#4169E1"
"413","Kidney_12",-0.0353967878602472,2.84218505040409e-07,3.21302802085891e-07,2.33189206111325e-07,0.0291669743025826,-0.0949582965960158,-0.0332181408275741,"Kidney","Urinary system",10,"#4169E1"
"414","Kidney_13",-0.25324207051566,5.42331441359433e-08,5.32035215910112e-07,2.40737585105985e-07,-0.314603970793058,-0.0115282881304441,-0.0227595351300497,"Kidney","Urinary system",10,"#4169E1"
"415","Kidney_14",-0.271282203063655,5.5702705538584e-08,5.93962395558595e-07,5.21383409145571e-07,-0.332478083567713,0.0264766550596985,-0.00598078924334721,"Kidney","Urinary system",10,"#4169E1"
"416","Kidney_15",-0.0845695010232559,6.68626352392272e-07,5.42121542499923e-07,4.42541926337491e-07,0.197518455130765,0.0211254917468503,0.0335706743866703,"Kidney","Urinary system",10,"#4169E1"
"417","Kidney_16",0.0166469149151907,2.15882107508683e-07,3.4060438552306e-07,9.43488092760828e-07,-0.103444271516684,-0.100773819126039,0.164469310938519,"Kidney","Urinary system",10,"#4169E1"
"418","Kidney_17",0.0156269036336091,4.33994301264721e-07,4.21425659726656e-07,2.73646493313695e-07,0.06387452862615,-0.0333399569767952,-0.0277678945651664,"Kidney","Urinary system",10,"#4169E1"
"419","Kidney_18",0.00283060040219998,4.23595551328328e-07,3.29041659785716e-07,2.6331074757767e-07,0.111066920562856,-0.0510184433960283,-0.0303773675362079,"Kidney","Urinary system",10,"#4169E1"
"420","Kidney_2",-0.279072485184878,4.23634449663073e-08,5.04933985361623e-07,2.80708035684624e-07,-0.383793471486541,-0.0125965657844017,-0.00237255937421802,"Kidney","Urinary system",10,"#4169E1"
"421","Kidney_3",-0.227787753114325,4.89737378556989e-08,6.00622093510835e-07,3.25356762624751e-07,-0.347711410323622,0.0712089931209953,0.0602111685052997,"Kidney","Urinary system",10,"#4169E1"
"422","Kidney_4",-0.0474941151416739,3.57126065926123e-07,3.57923275741767e-07,3.26827112255023e-07,0.00851560705825035,-0.0523285572571886,-0.0357540490852431,"Kidney","Urinary system",10,"#4169E1"
"423","Kidney_5",-0.244785090574507,6.43193370827003e-08,3.56577320803912e-07,2.28506302104367e-07,-0.284547746223435,-0.0794793106164969,-0.0218605450998093,"Kidney","Urinary system",10,"#4169E1"
"424","Kidney_6",-0.213248967612453,5.08336673781552e-08,5.68124908271175e-07,4.85251308109733e-07,-0.33572869023558,0.0488615644534484,0.160137344015455,"Kidney","Urinary system",10,"#4169E1"
"425","Kidney_7",-0.110885681752799,4.22209689393974e-07,6.84910235302647e-07,1.37543997207298e-06,0.0264622433873564,0.0366150521179067,0.172232721745136,"Kidney","Urinary system",10,"#4169E1"
"426","Kidney_8",-0.283837185199585,3.83064709759383e-08,5.29740816356121e-07,2.5057817092305e-07,-0.371880780707648,0.00956993424162178,0.0433604157183629,"Kidney","Urinary system",10,"#4169E1"
"427","Kidney_9",-0.308437644733325,2.50962441137984e-08,5.81640471235326e-07,1.88207754043575e-07,-0.463567081065018,0.01113335378439,-0.041877866205259,"Kidney","Urinary system",10,"#4169E1"
"428","Liver_0",-0.243779888904198,5.97146876249616e-08,3.82778556529984e-07,1.72311273084046e-07,-0.245372557751907,-0.0625907642259904,-0.0826926360973175,"Liver","Digestion system",2,"#87CEEB"
"429","Liver_1",0.164908957095518,6.31037005929691e-08,2.97819119012871e-07,2.24102706779638e-07,-0.226332693048524,-0.0808835782739974,-0.0215085024211435,"Liver","Digestion system",2,"#87CEEB"
"430","Liver_10",-0.142547449161751,2.24746027026147e-07,1.29965151289487e-06,1.3933671523047e-06,-0.054536947724915,0.118778772525493,0.202028872983771,"Liver","Digestion system",2,"#87CEEB"
"431","Liver_11",-0.087509104669043,2.67439955744105e-07,2.70906120434253e-07,7.86927117062069e-07,-0.0888299130863798,-0.0894348310325497,-0.0104224470663473,"Liver","Digestion system",2,"#87CEEB"
"432","Liver_12",-0.0916970450156247,2.54558385076854e-07,2.76212155616106e-07,3.34874225015498e-07,-0.0304872664669176,-0.0899507898679063,-0.0419591141058375,"Liver","Digestion system",2,"#87CEEB"
"433","Liver_13",0.0178174662305226,4.88160018818038e-07,2.97378591364024e-07,3.71938221599925e-07,0.095889272665819,-0.0649224602122033,-0.0296302087618715,"Liver","Digestion system",2,"#87CEEB"
"434","Liver_14",-0.0308626828984635,3.49810050628413e-07,4.34937899123492e-07,3.05502226092952e-07,0.0100639501230282,-0.0527400143047108,-0.00778806186493196,"Liver","Digestion system",2,"#87CEEB"
"435","Liver_15",-0.117313218225381,1.81375239842907e-07,2.58490189460991e-07,3.00221422001119e-07,-0.126749306929761,-0.0994972144315918,-0.0398254185553464,"Liver","Digestion system",2,"#87CEEB"
"436","Liver_16",0.0645413416242863,8.84737945937883e-07,5.45069186008236e-07,7.89870112937721e-07,0.232879792146391,0.00747890766456731,0.104510312886795,"Liver","Digestion system",2,"#87CEEB"
"437","Liver_17",0.208461276480779,1.27300995479063e-07,2.32603740485985e-07,2.69014454633883e-07,-0.151429368711443,-0.152394803518324,-0.0540935125873829,"Liver","Digestion system",2,"#87CEEB"
"438","Liver_18",-0.0150501393512266,1.58199124096244e-07,6.52737107395262e-07,2.17037158320321e-07,-0.149058014803742,0.00178757473537438,-0.0701702239578016,"Liver","Digestion system",2,"#87CEEB"
"439","Liver_19",0.0676818865592298,8.94970094370762e-07,6.08243053895022e-07,6.03920218149829e-07,0.179376383585409,0.0437362258132433,0.0352866709005967,"Liver","Digestion system",2,"#87CEEB"
"440","Liver_2",-0.0770218928552957,1.95709475061009e-07,3.04987667008671e-07,3.45944548809832e-07,-0.128775940645395,-0.072399264767309,-0.0277524091045028,"Liver","Digestion system",2,"#87CEEB"
"441","Liver_20",0.0673168834094679,5.65631556002677e-07,3.54768805561137e-07,5.89129263345266e-07,0.0178162309995016,-0.0688283550051335,-0.0220005181007949,"Liver","Digestion system",2,"#87CEEB"
"442","Liver_21",-0.238693103837012,7.046397494307e-08,9.84751856162907e-07,1.0260348165527e-06,-0.281662388573059,0.0709980135529127,0.055084736775304,"Liver","Digestion system",2,"#87CEEB"
"443","Liver_22",-0.121386763887319,2.08986012681221e-07,3.34856897439293e-07,1.04350388208784e-06,-0.101923536363442,-0.0638353201706066,0.0407498218052538,"Liver","Digestion system",2,"#87CEEB"
"444","Liver_23",-0.160709526666912,1.62830255040593e-07,2.94531586344871e-07,3.00105958760724e-07,-0.146819428619575,-0.0878175021911001,-0.0496114570942839,"Liver","Digestion system",2,"#87CEEB"
"445","Liver_24",0.0352022587357718,3.65489997702101e-07,4.71767852546172e-07,2.58033964736953e-07,-0.112956287011293,-0.016932024877318,-0.0168156141790531,"Liver","Digestion system",2,"#87CEEB"
"446","Liver_25",0.159011247649644,1.04801970483682e-06,4.92882593451788e-07,2.04418410988642e-06,0.0412895264813857,-0.0139303848173668,0.229497828918592,"Liver","Digestion system",2,"#87CEEB"
"447","Liver_26",0.0417988580404512,3.39814588630954e-07,5.5990326416757e-07,7.6259762823976e-07,0.0415172635522371,0.0234299046103522,0.102286930602733,"Liver","Digestion system",2,"#87CEEB"
"448","Liver_3",0.127778543955059,3.78858362156978e-07,3.93154185184434e-07,3.60848340235817e-06,-0.0575890323946978,-0.0748196103777874,0.293740201471274,"Liver","Digestion system",2,"#87CEEB"
"449","Liver_4",-0.0932714137407453,2.22749191350667e-07,6.11680490683271e-07,2.43358713098956e-07,-0.0151249575976462,0.0223426750042761,-0.0179684182860614,"Liver","Digestion system",2,"#87CEEB"
"450","Liver_5",0.913355610814144,2.31156613380953e-07,2.40516381449992e-07,4.15154399491058e-07,0.00664558073513542,-0.0987003208123187,0.0567092480648652,"Liver","Digestion system",2,"#87CEEB"
"451","Liver_6",0.0592616235567931,7.26558932025471e-07,4.96054276615322e-07,7.49155609922837e-07,0.121774552115226,-0.0383121906301097,0.153361108832478,"Liver","Digestion system",2,"#87CEEB"
"452","Liver_7",-0.250540134787288,7.39161696644384e-08,1.00400588883238e-06,8.02456107360132e-07,-0.279181360294827,0.0820290579402453,0.0303568240771095,"Liver","Digestion system",2,"#87CEEB"
"453","Liver_8",0.354607486394403,1.53553753146928e-06,1.32523989818766e-06,2.38464266651828e-06,0.340684065346944,0.22730383787051,0.294488260839819,"Liver","Digestion system",2,"#87CEEB"
"454","Liver_9",0.0120918471873023,3.5145896705331e-07,3.22105079062816e-07,3.17020124100077e-07,0.0198246275185359,-0.0591926210983082,-0.0227723955635571,"Liver","Digestion system",2,"#87CEEB"
"455","Lung_0",0.140495588029701,3.8749945242179e-07,3.88784123197078e-07,2.91302855537893e-06,-0.0473426338945403,-0.0761528234643164,0.274275160927428,"Lung","Respiratory system",9,"#8B0000"
"456","Lung_1",-0.0331044134481262,2.61168674085385e-07,3.60355996487086e-07,4.46136714217938e-07,-0.0634555855359166,-0.0457240375553214,0.009991694377584,"Lung","Respiratory system",9,"#8B0000"
"457","Lung_10",-0.0983958060742917,1.6396128721503e-07,3.22810383403383e-07,2.64162976975449e-07,-0.132561409561294,-0.0896535885806103,-0.0249507464609234,"Lung","Respiratory system",9,"#8B0000"
"458","Lung_11",0.0124398998521828,4.37233563537377e-07,3.37315764794948e-07,2.76966166487707e-07,0.0720458833741617,-0.0666640547897706,-0.0305650118433163,"Lung","Respiratory system",9,"#8B0000"
"459","Lung_12",0.286036591521689,2.16129938496604e-06,8.7581834703294e-07,7.15497928473545e-07,0.349600702468926,0.244613031367867,0.0802409863855001,"Lung","Respiratory system",9,"#8B0000"
"460","Lung_13",0.325928444723077,7.2947470517896e-07,7.08283972093115e-07,9.01176679227483e-07,0.0873552681877205,0.0342568364508273,0.0774222382452065,"Lung","Respiratory system",9,"#8B0000"
"461","Lung_14",0.131687537802592,1.12738956961172e-06,9.7885430605791e-07,4.03623318478648e-06,0.123913674581426,0.101150137870728,0.281286394469448,"Lung","Respiratory system",9,"#8B0000"
"462","Lung_15",0.116020047035013,5.06823797698876e-07,5.04531070812936e-07,3.66371755857853e-07,0.0635885241965626,-0.0146466420734002,0.00504000480383021,"Lung","Respiratory system",9,"#8B0000"
"463","Lung_16",0.0521430918876755,5.5388825710624e-07,4.86499326371887e-07,5.63977560588473e-07,0.0791113719722524,0.0192303642703218,0.00903036587241433,"Lung","Respiratory system",9,"#8B0000"
"464","Lung_17",0.0955551172739111,6.35624867825155e-07,3.63656549932817e-07,5.52208686907605e-07,0.0897214609971727,-0.0426913274442438,-0.0180794807301959,"Lung","Respiratory system",9,"#8B0000"
"465","Lung_18",0.206978961233911,1.59562886764969e-06,9.74528404282876e-07,6.32671664156007e-07,0.225894104997354,0.149565055672528,-0.00409286250973066,"Lung","Respiratory system",9,"#8B0000"
"466","Lung_19",-0.0852954720976723,2.19527565769527e-07,4.71758616341421e-07,1.26832164343414e-06,-0.0842394947942966,0.0571789793005869,0.059775158720218,"Lung","Respiratory system",9,"#8B0000"
"467","Lung_2",-0.0273533550323913,2.78187626923064e-07,3.27903559551271e-07,4.36641741457929e-07,-0.0412870564210358,-0.0659543173737595,0.00109400320590119,"Lung","Respiratory system",9,"#8B0000"
"468","Lung_20",0.194962574160455,5.12035324957994e-07,4.67430553133424e-07,2.97514923906098e-06,0.0571590789496404,-0.0452006793704113,0.309274270820391,"Lung","Respiratory system",9,"#8B0000"
"469","Lung_21",-0.0562036102595231,3.88735456971814e-07,5.26946005790522e-07,6.67346660262967e-07,0.0431497900509139,-0.0155475090589491,0.0363446375161242,"Lung","Respiratory system",9,"#8B0000"
"470","Lung_22",0.487877689763529,5.51781046845802e-06,9.43134073101045e-07,1.09252856924576e-06,0.485071944463312,0.278007365080484,0.0937256461995879,"Lung","Respiratory system",9,"#8B0000"
"471","Lung_23",-0.00895929913255474,3.45362905490192e-07,4.41526614348517e-07,6.4969189575211e-07,-0.0125136981446215,-0.0372732197639694,0.0728710558384888,"Lung","Respiratory system",9,"#8B0000"
"472","Lung_24",0.24742116733645,2.24262294338588e-06,6.8380766017761e-07,8.0508293383666e-07,0.265933996317577,0.204276626073276,0.0144889735524113,"Lung","Respiratory system",9,"#8B0000"
"473","Lung_25",-0.126538724202152,3.00683660586382e-07,7.77572127606392e-07,1.28152206132924e-06,-0.107807770403175,0.0313340217583126,0.169211099876033,"Lung","Respiratory system",9,"#8B0000"
"474","Lung_26",-0.104230991821276,1.42757032500931e-07,2.67915052645509e-07,2.22123374390317e-07,-0.13614947014228,-0.111928902873357,-0.0588481097329699,"Lung","Respiratory system",9,"#8B0000"
"475","Lung_27",-0.0135817741188771,2.35948111930733e-07,3.73864423690484e-07,8.61292698490755e-07,-0.048986060852434,-0.00224082766699791,0.023487820053343,"Lung","Respiratory system",9,"#8B0000"
"476","Lung_3",0.560524655148306,1.58751157674252e-06,5.6668377611694e-06,4.81137789900286e-06,0.246402339105476,0.415635908331579,0.360499796477674,"Lung","Respiratory system",9,"#8B0000"
"477","Lung_4",-0.0416315355506143,3.05039913219086e-07,4.29113611171268e-07,1.19452952939007e-06,-0.0105435896017394,-0.0113352950578839,0.0771239074582204,"Lung","Respiratory system",9,"#8B0000"
"478","Lung_5",0.0348664361915316,5.37323956364164e-07,5.57039624510033e-07,8.33654060893005e-07,0.0971518553810839,-0.0217983210264231,0.147768895612664,"Lung","Respiratory system",9,"#8B0000"
"479","Lung_6",-0.0174447192025009,2.48762377903763e-07,3.54719059609631e-07,3.84495959406753e-07,-0.0485336004188911,-0.0522403900964622,0.00576472233559374,"Lung","Respiratory system",9,"#8B0000"
"480","Lung_7",0.123208557936672,6.24469587351134e-07,7.25771058473701e-07,4.5612791905443e-07,0.146905215536858,0.0483305414665259,0.0183926109255924,"Lung","Respiratory system",9,"#8B0000"
"481","Lung_8",-0.0724861732741953,2.3829487410535e-07,2.88646153487244e-07,9.16265886617254e-07,-0.06006994538183,-0.0840689120750901,0.0167587385521693,"Lung","Respiratory system",9,"#8B0000"
"482","Lung_9",-0.0669522223403417,2.27516366506162e-07,3.41996248097343e-07,3.34274887177013e-07,-0.10589851449159,-0.0846396411665502,-0.0136273261825376,"Lung","Respiratory system",9,"#8B0000"
"483","Lymph_node_0",0.121333140699357,9.5996960884229e-07,1.15223655803229e-06,7.87488553216111e-07,0.290931694142269,0.129285527239706,0.142097905835252,"Lymph","Immune system",4,"#4682B4"
"484","Lymph_node_1",0.131484897860991,1.30944957641181e-06,1.03912953925106e-06,5.19133240173788e-07,0.297927992533807,0.111544251005647,0.0684040518565489,"Lymph","Immune system",4,"#4682B4"
"485","Lymph_node_10",-0.00140418380599558,4.04331871424704e-07,3.73224353499478e-07,4.55174802618181e-07,0.00732648813889067,-0.0588014736748076,0.00848585981032301,"Lymph","Immune system",4,"#4682B4"
"486","Lymph_node_11",0.0055175874142756,5.35497831062428e-07,4.45961336606848e-07,2.86495300632663e-07,0.0986003605006159,-0.0196617419667314,-0.0202557443856476,"Lymph","Immune system",4,"#4682B4"
"487","Lymph_node_12",-0.0110919951629977,4.0406224218402e-07,5.25888729738008e-07,3.58602789438582e-07,-0.0621787993979572,0.021024549520643,0.00569192377099068,"Lymph","Immune system",4,"#4682B4"
"488","Lymph_node_13",0.213457443533982,1.88520435781485e-06,6.45424704629557e-07,4.12771584218917e-07,0.432750353318431,0.0534587224947722,0.0334060112888232,"Lymph","Immune system",4,"#4682B4"
"489","Lymph_node_14",-0.0338198216343178,4.29070654104028e-07,4.68879696372293e-07,1.09011393658122e-06,0.0181218689315361,-0.0235822220374856,0.0811715557516686,"Lymph","Immune system",4,"#4682B4"
"490","Lymph_node_15",-0.0605333779185682,2.9037018101136e-07,5.27539764160606e-07,4.4189805827298e-07,-0.113148701625966,-0.010128247491789,-0.0179631576505114,"Lymph","Immune system",4,"#4682B4"
"491","Lymph_node_2",0.0712932739148314,7.33010256871071e-07,1.06833683045516e-06,3.91995157012136e-07,0.183974627181985,0.145159137050933,0.00883477726691816,"Lymph","Immune system",4,"#4682B4"
"492","Lymph_node_3",0.0741662788983556,4.85040810029176e-07,5.76913585639226e-07,2.76299381652717e-07,0.0844306947480952,0.0472525841471856,-0.0530922459410636,"Lymph","Immune system",4,"#4682B4"
"493","Lymph_node_4",-0.00199003337116091,4.87139302644839e-07,6.61395479325853e-07,1.3353530427172e-06,0.0748944838695542,0.0354973021196934,0.15036418491827,"Lymph","Immune system",4,"#4682B4"
"494","Lymph_node_5",0.022208213300368,5.97087214533842e-07,7.33826627985463e-07,2.69331357294771e-07,0.103089434427212,0.0604710306734081,-0.0221614601604093,"Lymph","Immune system",4,"#4682B4"
"495","Lymph_node_6",0.221070307013517,9.97585353211922e-07,1.18392044179746e-06,3.71271358162215e-07,0.212591004648303,0.184873555583575,-0.00354502625366423,"Lymph","Immune system",4,"#4682B4"
"496","Lymph_node_7",-0.0970348796041047,3.62443427766141e-07,6.63865117884581e-07,6.67609864358574e-07,0.0333957800618521,0.0388013588787386,0.0283645783164562,"Lymph","Immune system",4,"#4682B4"
"497","Lymph_node_8",0.191962076423426,4.33916583090173e-07,3.70130410524988e-07,2.1976109528429e-06,-0.0583744014714865,-0.0875708465507605,0.190687434175831,"Lymph","Immune system",4,"#4682B4"
"498","Lymph_node_9",-0.042141044913517,3.93992603409263e-07,6.10954424438706e-07,2.35791736990752e-07,0.0112515326597659,0.0283594413464202,-0.0359334099330871,"Lymph","Immune system",4,"#4682B4"
"499","Marrow_0",-0.0339950862297037,3.68297524089259e-07,8.20488731204269e-07,3.35108020207364e-07,0.0377104528146035,0.0888055163742506,0.0270025164316693,"Marrow","Immune system",4,"#4682B4"
"500","Marrow_1",-0.0738754540558106,2.86838376616974e-07,7.82491800111829e-07,3.18885162431142e-07,-0.0251657320051317,0.0843623103313089,0.0190217268604736,"Marrow","Immune system",4,"#4682B4"
"501","Marrow_10",-0.0332234775549458,2.31902741462253e-07,3.35933667922153e-07,4.13595053562075e-07,-0.0688234914780607,-0.0801620343445498,0.016184727998134,"Marrow","Immune system",4,"#4682B4"
"502","Marrow_11",0.26092547855487,5.01233262806412e-07,1.80796056815351e-06,2.6058738838476e-07,0.0960666527449198,0.260372077967042,-0.0429654878167611,"Marrow","Immune system",4,"#4682B4"
"503","Marrow_12",-0.012829609440318,6.24715672367007e-07,1.09915295224726e-06,2.42520062884447e-06,0.0841449614639261,0.0964343106780499,0.196350994550288,"Marrow","Immune system",4,"#4682B4"
"504","Marrow_13",0.16709333761119,4.32498633924986e-07,4.07799008532846e-07,3.14971704583293e-06,-0.0781022805988126,-0.0705949226013211,0.227675597997066,"Marrow","Immune system",4,"#4682B4"
"505","Marrow_14",-0.0409670854688357,2.78068198041557e-07,2.77456569875478e-07,9.41805136253114e-07,-0.0169262048457515,-0.1071570577403,0.0259941409708967,"Marrow","Immune system",4,"#4682B4"
"506","Marrow_15",0.0214714934092686,3.55837489544774e-07,4.33002512184537e-07,7.3190084446041e-07,-0.00237899029247434,-0.0408944732193304,0.0393441358857639,"Marrow","Immune system",4,"#4682B4"
"507","Marrow_16",0.106284088321656,2.27723255486253e-07,5.53077779657153e-07,3.81260403078658e-07,-0.0259989763047456,0.0817599150505061,0.036936490689947,"Marrow","Immune system",4,"#4682B4"
"508","Marrow_2",-0.00555226768016186,3.4108159401516e-07,7.89519178281968e-07,2.78083196396759e-07,0.0235796907201606,0.0665315273763842,-0.0475883394317376,"Marrow","Immune system",4,"#4682B4"
"509","Marrow_3",-0.0662925182686149,2.49713234832945e-07,7.18757854486002e-07,2.64746197616124e-07,-0.0253741003225312,0.0740026267071313,-0.0169382496922963,"Marrow","Immune system",4,"#4682B4"
"510","Marrow_4",0.213703841849589,4.15984946815518e-07,1.22784719243839e-06,2.91389140166279e-07,0.0672093254724664,0.152145336410828,-0.0292007382868185,"Marrow","Immune system",4,"#4682B4"
"511","Marrow_5",0.0590430621142713,3.64773795140389e-07,1.45540507609945e-06,3.09123235758695e-07,0.0307398375099378,0.170093139799777,-0.0258678837191061,"Marrow","Immune system",4,"#4682B4"
"512","Marrow_6",-0.129936848453847,1.91912215758751e-07,6.67499153736748e-07,2.63331941449945e-07,-0.126768829655248,0.0532782822437511,-0.0168849818704523,"Marrow","Immune system",4,"#4682B4"
"513","Marrow_7",-0.0560912496968185,2.87178775605787e-07,6.49105944907098e-07,2.44478832306861e-07,0.0113514100782777,0.0249455813868695,-0.0289883296624507,"Marrow","Immune system",4,"#4682B4"
"514","Marrow_8",-0.074119783238036,2.3606454181037e-07,3.08356410592942e-07,4.86487513566119e-07,-0.04508895313701,-0.0867679648010869,0.000428408529084719,"Marrow","Immune system",4,"#4682B4"
"515","Marrow_9",-0.0344448861075098,3.41368592173258e-07,8.4230099496443e-07,1.38806017334833e-06,0.0469939270105415,0.0686204708452273,0.158039350367622,"Marrow","Immune system",4,"#4682B4"
"516","Medullaoblongata_0",0.0521028340797203,2.58995968856225e-07,4.18425501453659e-07,1.99289533935304e-07,-0.045950882236357,-0.0389649424387992,-0.0873416335204337,"Medullaoblongata","Nervous system",6,"#FFCC33"
"517","Medullaoblongata_1",-0.322388101521287,3.50781123135812e-08,5.86290312503348e-07,7.30064002503913e-08,-0.379406556435245,0.00482084152172808,-0.18220298880078,"Medullaoblongata","Nervous system",6,"#FFCC33"
"518","Medullaoblongata_10",-0.0588563999201716,3.09164132933679e-07,4.28927730928969e-07,1.99549855062138e-07,-0.0361774200559604,-0.0327610890188176,-0.0602176902536426,"Medullaoblongata","Nervous system",6,"#FFCC33"
"519","Medullaoblongata_11",-0.0272157309712449,1.87394837033402e-07,4.14947426927109e-07,4.31562394826949e-07,-0.108702769337881,-0.065129269440074,0.0341002370291455,"Medullaoblongata","Nervous system",6,"#FFCC33"
"520","Medullaoblongata_12",-0.266501324211737,7.46301707668904e-08,1.97617782679187e-07,9.52693643374986e-08,-0.313968550629493,-0.182507222834897,-0.14490159997622,"Medullaoblongata","Nervous system",6,"#FFCC33"
"521","Medullaoblongata_13",-0.140321982033483,6.81754441204621e-08,2.59998043369756e-07,1.627668939304e-07,-0.294569033520281,-0.0977317375133589,-0.0916256712508256,"Medullaoblongata","Nervous system",6,"#FFCC33"
"522","Medullaoblongata_14",-0.162319893248044,9.64773269527769e-08,5.41267503881083e-07,1.78294912330499e-07,-0.196760522420342,-0.0438659851032265,-0.0781035312241617,"Medullaoblongata","Nervous system",6,"#FFCC33"
"523","Medullaoblongata_15",-0.189669039194204,1.16541342261309e-07,2.75468304746017e-07,4.00130014662724e-07,-0.212411045821176,-0.124779265565262,-0.056398099111594,"Medullaoblongata","Nervous system",6,"#FFCC33"
"524","Medullaoblongata_2",-0.227102607296212,6.60858915320698e-08,5.62084249090466e-07,7.35028684915886e-07,-0.266296309241224,-0.00187856397641238,0.0600864519038322,"Medullaoblongata","Nervous system",6,"#FFCC33"
"525","Medullaoblongata_3",-0.266773732783238,4.48955515184757e-08,7.76810076440005e-07,9.99252440462273e-08,-0.332349135966786,0.065233144219591,-0.145675301627722,"Medullaoblongata","Nervous system",6,"#FFCC33"
"526","Medullaoblongata_4",-0.303257468082598,3.92005387357944e-08,8.37360648393753e-07,8.56435197123054e-08,-0.35703098947322,0.0760722468627627,-0.164327523094357,"Medullaoblongata","Nervous system",6,"#FFCC33"
"527","Medullaoblongata_5",-0.262117622733745,4.37083034219e-08,8.36245850328994e-07,9.11043750449107e-08,-0.335653212338549,0.0787828177830277,-0.151871729657469,"Medullaoblongata","Nervous system",6,"#FFCC33"
"528","Medullaoblongata_6",-0.281492680526212,4.18722464891787e-08,8.89458400801571e-07,8.07470557778434e-08,-0.341986780617491,0.0889354091986398,-0.168298754635981,"Medullaoblongata","Nervous system",6,"#FFCC33"
"529","Medullaoblongata_7",-0.283426738986604,4.38571027101979e-08,1.60673863219394e-07,1.07433407523185e-07,-0.364821450995044,-0.178789889000529,-0.107518181125765,"Medullaoblongata","Nervous system",6,"#FFCC33"
"530","Medullaoblongata_8",-0.3693019066066,2.55958178450954e-08,3.21058896295982e-07,5.25442505795168e-08,-0.43191091667459,-0.100757826948429,-0.209702697797319,"Medullaoblongata","Nervous system",6,"#FFCC33"
"531","Medullaoblongata_9",0.101227559127755,4.30117945236214e-07,3.08419567107899e-07,2.48034910979001e-07,0.0229938569513054,-0.0923281541391442,-0.0448311775472697,"Medullaoblongata","Nervous system",6,"#FFCC33"
"532","Omasum_0",0.396441789368108,9.34696432602333e-07,1.27305217113747e-06,3.11519386049981e-07,0.269389853665317,0.132269457409742,-0.0178621326410226,"Omasum","Digestion system",2,"#87CEEB"
"533","Omasum_1",-0.0571352582206332,3.18192312448093e-07,5.0771903495871e-07,2.42055448508774e-07,-0.00192356627996841,-0.0169961946212998,-0.0319354425231087,"Omasum","Digestion system",2,"#87CEEB"
"534","Omasum_10",0.155598334361522,5.38614750271041e-07,7.30278066707047e-07,3.17700704789526e-07,0.0962273276427396,0.0396866370510553,-0.0221750850321917,"Omasum","Digestion system",2,"#87CEEB"
"535","Omasum_11",-0.0443646798241865,3.08172253163102e-07,5.5287542353623e-07,2.38241382135197e-07,0.00851989162610141,-0.00585195776019921,-0.0330141840838218,"Omasum","Digestion system",2,"#87CEEB"
"536","Omasum_12",0.0135914603733221,6.57876424765903e-07,7.30226082136925e-07,1.64784528492021e-06,0.0500339097164206,0.0406694726606474,0.138446182083141,"Omasum","Digestion system",2,"#87CEEB"
"537","Omasum_13",0.183502681925356,6.34760465407487e-07,3.83758725526912e-07,2.87926183710581e-07,0.0938484503935085,-0.0551699762837272,-0.0631178001850376,"Omasum","Digestion system",2,"#87CEEB"
"538","Omasum_14",0.173079630256989,1.16136395601772e-06,7.7470238275698e-07,4.88268812916251e-07,0.279276017761283,0.0796824146143541,-0.000745896885236391,"Omasum","Digestion system",2,"#87CEEB"
"539","Omasum_15",-0.0314252708020386,3.52656108383787e-07,3.5274516702093e-07,4.00468084802116e-07,0.0256406375103272,-0.0723433287102594,-0.00727381840993916,"Omasum","Digestion system",2,"#87CEEB"
"540","Omasum_16",0.0574500820176229,5.09132337224881e-07,3.54606470639714e-07,3.25783353807527e-07,0.0989977141059701,-0.0435953574736943,-0.0292681218367575,"Omasum","Digestion system",2,"#87CEEB"
"541","Omasum_2",0.00978227288195043,3.69279685600491e-07,3.55988946332496e-07,3.77901627211874e-07,-0.0109609540409675,-0.0541879512005517,-0.0134280647695104,"Omasum","Digestion system",2,"#87CEEB"
"542","Omasum_3",0.249243743654021,1.55570004444357e-06,4.85702576465281e-07,3.99877564432141e-07,0.384081405311276,0.012487663888835,-0.023014393651691,"Omasum","Digestion system",2,"#87CEEB"
"543","Omasum_4",-0.0165516462987635,3.5940375626528e-07,3.32232931455432e-07,2.4180992068937e-07,0.0438785925059016,-0.0723133601653147,-0.039181315208311,"Omasum","Digestion system",2,"#87CEEB"
"544","Omasum_5",0.428606979238993,2.48126674233176e-06,5.9157261226811e-07,4.22511344278844e-07,0.514163674435273,0.117536557926535,-0.0176773741375627,"Omasum","Digestion system",2,"#87CEEB"
"545","Omasum_6",0.591675069782368,4.28325149393318e-06,5.55391508351886e-07,6.55911403725163e-07,0.541493512557133,0.0927468207381138,0.0299478244003653,"Omasum","Digestion system",2,"#87CEEB"
"546","Omasum_7",0.301138978590768,7.66417273428645e-07,5.19238604766081e-07,2.72087531274125e-07,0.209479620685815,-0.00508070770974731,-0.0408619574402708,"Omasum","Digestion system",2,"#87CEEB"
"547","Omasum_8",0.215446524028677,8.03035126275509e-07,1.05653670629457e-06,3.01418001784631e-07,0.112956818713052,0.0874576837084774,-0.0325204590785397,"Omasum","Digestion system",2,"#87CEEB"
"548","Omasum_9",-0.00562764715137944,2.94961846265698e-07,3.46581686329055e-07,2.93995483092502e-07,-0.0289613291321664,-0.0617826180515046,-0.0427809293471587,"Omasum","Digestion system",2,"#87CEEB"
"549","Ovary_0",0.362192061719564,1.88921393495981e-06,2.73069001086563e-07,2.16328263619082e-07,0.40200249372311,-0.074785783248233,-0.0604472318181663,"Ovary","Reproductive system",8,"#FF007F"
"550","Ovary_1",0.0340570284714497,3.84804359242862e-07,5.52214337017786e-07,2.38330272060563e-07,0.0706887218052192,0.00265924635800502,-0.0724707391582972,"Ovary","Reproductive system",8,"#FF007F"
"551","Ovary_10",0.108753065874095,6.84862450718937e-07,5.73227222561426e-07,1.03290297892263e-06,0.127791694934168,-0.00574283460692532,0.121869217548176,"Ovary","Reproductive system",8,"#FF007F"
"552","Ovary_11",0.266250935443438,1.37308995711237e-06,3.1928982024013e-07,1.96038929396837e-07,0.338973683854894,-0.00719336018192743,-0.0698076893477079,"Ovary","Reproductive system",8,"#FF007F"
"553","Ovary_12",0.0255482103583711,5.63906300970446e-07,4.65905743386441e-07,2.91148425106614e-07,0.117589931023581,-0.00864356080235175,-0.0395292008618222,"Ovary","Reproductive system",8,"#FF007F"
"554","Ovary_13",0.454170985625724,2.46706551358733e-06,9.45250601977796e-07,3.50010433366479e-07,0.44265049474019,0.186037579254383,-0.0138185586747406,"Ovary","Reproductive system",8,"#FF007F"
"555","Ovary_14",-0.0825023311630811,2.57560764603462e-07,3.19205587112475e-07,3.91338462629807e-07,-0.0726119096036152,-0.0714215549628708,-0.027408794158449,"Ovary","Reproductive system",8,"#FF007F"
"556","Ovary_15",0.241459647293644,9.18996482065382e-07,2.60267491657761e-07,3.3249841211633e-07,0.250885041754837,-0.119088087553183,0.0108614693961813,"Ovary","Reproductive system",8,"#FF007F"
"557","Ovary_16",0.0225312702682435,4.38896662305289e-07,2.45371734482538e-07,2.53495478991574e-07,0.0742755535161875,-0.12957377063527,-0.0386974804994693,"Ovary","Reproductive system",8,"#FF007F"
"558","Ovary_17",0.0187504606478433,5.90373814933419e-07,3.27416009624057e-07,2.56024889505563e-07,0.118571245773369,-0.0653423150164968,-0.011565229999424,"Ovary","Reproductive system",8,"#FF007F"
"559","Ovary_18",-0.0447902832410745,4.059464060099e-07,5.47066528563839e-07,2.37558891985886e-07,0.00313882857550697,-0.0309282795331032,-0.0553593654158209,"Ovary","Reproductive system",8,"#FF007F"
"560","Ovary_19",0.229865468342355,1.17793402457276e-06,4.9524274426328e-07,2.56541962878709e-07,0.276951745441843,0.0250725114042296,-0.0539934515475224,"Ovary","Reproductive system",8,"#FF007F"
"561","Ovary_2",-0.0584449238730826,3.35915763711831e-07,3.46861593664685e-07,2.14722935399375e-07,0.00885536155346807,-0.0688017782087071,-0.0385395938800059,"Ovary","Reproductive system",8,"#FF007F"
"562","Ovary_20",0.157811188735239,1.4232059950441e-06,3.91525261453206e-07,2.73353129052072e-07,0.299649336158433,-0.0222719968837811,-0.0244868323579341,"Ovary","Reproductive system",8,"#FF007F"
"563","Ovary_21",-0.116093813643949,2.25027110885208e-07,3.24392154930694e-07,1.96858403673184e-07,-0.0381358632499562,-0.0817888713695164,-0.050037749232294,"Ovary","Reproductive system",8,"#FF007F"
"564","Ovary_3",-0.0759561620315399,3.37195992756766e-07,4.75014784349675e-07,2.65629519598512e-07,0.0361252287127572,-0.0256766116506899,-0.0102632760602685,"Ovary","Reproductive system",8,"#FF007F"
"565","Ovary_4",-0.0388504038460108,3.84914601851594e-07,4.20330385415245e-07,2.40019951309571e-07,0.0686480636420259,-0.0454964247901651,-0.0280157104098832,"Ovary","Reproductive system",8,"#FF007F"
"566","Ovary_5",-0.0484817015895157,2.8006648486369e-07,3.66953875401975e-07,2.32477740565574e-07,-0.0483409373263718,-0.08110515513178,-0.0533655805381996,"Ovary","Reproductive system",8,"#FF007F"
"567","Ovary_6",-0.0404519526286437,4.43170701321046e-07,4.30627713427787e-07,2.60847321553635e-07,0.114283201592814,-0.0421359039070212,-0.0126881006367435,"Ovary","Reproductive system",8,"#FF007F"
"568","Ovary_7",0.108231187386219,4.71594257818871e-07,5.87154488446378e-07,2.78544195788074e-07,0.0969534427572336,0.0155292243829343,-0.0388546874429509,"Ovary","Reproductive system",8,"#FF007F"
"569","Ovary_8",0.239350466808057,1.61413594378665e-06,2.82130648987733e-07,2.59116804280136e-07,0.332211727391135,-0.0902541972591562,-0.0375475039178034,"Ovary","Reproductive system",8,"#FF007F"
"570","Ovary_9",0.260853143705616,1.30856884998473e-06,3.20722523201838e-07,1.93089092846144e-07,0.34412075809498,-0.0447087474228091,-0.0744310825348245,"Ovary","Reproductive system",8,"#FF007F"
"571","Oviduct_0",0.0409610719271342,5.47610232084114e-07,7.167324531725e-07,2.73479476497123e-07,0.13515764473627,0.0787778695005725,-0.0469941006456479,"Oviduct","Reproductive system",8,"#FF007F"
"572","Oviduct_1",0.0501539555675348,5.33954579553228e-07,4.18097324722e-07,2.58228772065307e-07,0.140736065732545,-0.0247385683020703,-0.0268397268205337,"Oviduct","Reproductive system",8,"#FF007F"
"573","Oviduct_10",-0.0455005852734775,3.82882756853749e-07,5.68495034681875e-07,9.07396516554713e-07,0.0393727122421781,0.0067700985813624,0.105365782180266,"Oviduct","Reproductive system",8,"#FF007F"
"574","Oviduct_11",-0.0175964771446551,3.03740359330852e-07,3.10890029760967e-07,4.84818872072713e-07,-0.0170260452516715,-0.0778203554172613,0.00178690900063906,"Oviduct","Reproductive system",8,"#FF007F"
"575","Oviduct_12",0.0315071520527724,3.84101534076618e-07,4.59307086408691e-07,2.75330903389522e-07,0.0623293633438691,0.00863643038024828,-0.0443078592532407,"Oviduct","Reproductive system",8,"#FF007F"
"576","Oviduct_13",0.0501427772299701,6.28201737921192e-07,6.41242299419695e-07,2.23220822750083e-06,0.0448395098748674,0.0123587688300991,0.216709264396347,"Oviduct","Reproductive system",8,"#FF007F"
"577","Oviduct_14",-0.0147531780036629,4.3283445557001e-07,4.58134789930444e-07,2.42607509281129e-07,0.0623795696421223,0.0064111753668729,-0.0645396495478849,"Oviduct","Reproductive system",8,"#FF007F"
"578","Oviduct_15",0.103913157132092,9.80330143644212e-07,6.6070784771898e-07,2.91090374415614e-07,0.289446003279355,0.0841973834681273,-0.037031475064088,"Oviduct","Reproductive system",8,"#FF007F"
"579","Oviduct_16",-0.0218103845479011,3.39534049134681e-07,5.4006261189624e-07,3.77988438519219e-07,0.0197517072194146,0.0604194106520888,-0.0219348391200611,"Oviduct","Reproductive system",8,"#FF007F"
"580","Oviduct_2",0.107964042883296,7.24507173991815e-07,1.00001700350043e-06,5.1297441671238e-07,0.230701318217212,0.129319866897554,0.0557355536698644,"Oviduct","Reproductive system",8,"#FF007F"
"581","Oviduct_3",0.0567773833978465,6.42044072113031e-07,8.55481030523704e-07,3.2968204940159e-07,0.176901624390813,0.102692859167712,-0.0216459030471875,"Oviduct","Reproductive system",8,"#FF007F"
"582","Oviduct_4",-0.0663278773598863,3.24815126437659e-07,4.97233943700714e-07,2.3194065230968e-07,0.00845317548120072,-0.0246963542333428,-0.037124512516068,"Oviduct","Reproductive system",8,"#FF007F"
"583","Oviduct_5",0.195238334718818,1.26291520472702e-06,6.05058940550775e-07,4.01133725637019e-07,0.342584798587549,0.0652661252714195,0.00218667412240448,"Oviduct","Reproductive system",8,"#FF007F"
"584","Oviduct_6",0.187734729721485,1.25606241522096e-06,6.57349864470502e-07,4.31179242416057e-07,0.340836599477553,0.0541179393037492,0.022309868440168,"Oviduct","Reproductive system",8,"#FF007F"
"585","Oviduct_7",0.227351923976234,6.07509355419052e-07,9.44814537156854e-07,3.49536964836927e-07,0.126494204465661,0.0976501646529119,-0.0116899947379342,"Oviduct","Reproductive system",8,"#FF007F"
"586","Oviduct_8",-0.101570728825807,2.65299506426719e-07,5.1742181154901e-07,2.31178911397108e-07,-0.0502026428538928,-0.0152897123030436,-0.0313547602118128,"Oviduct","Reproductive system",8,"#FF007F"
"587","Oviduct_9",-0.049624389716296,4.45683000788166e-07,5.51873571735901e-07,8.49464493700125e-07,0.0595019795299389,0.0156506164302075,0.0471242106566708,"Oviduct","Reproductive system",8,"#FF007F"
"588","Palpebralconjunctiva_0",0.193999186023135,8.20593446751303e-07,5.04170101927777e-07,2.86319350490799e-07,0.220128064202185,-0.0294136556336426,-0.0400252412128519,"Palpebralconjunctiva","Nervous system",6,"#FFCC33"
"589","Palpebralconjunctiva_1",0.0182979900647658,3.2944120808034e-07,5.52463012756417e-07,5.1396801889632e-07,0.0181572733223437,-0.00887062957899902,0.0259884795666627,"Palpebralconjunctiva","Nervous system",6,"#FFCC33"
"590","Palpebralconjunctiva_10",0.0213800128482296,2.54811144716222e-07,3.56255593915175e-07,3.90597782850114e-07,-0.0375668942014503,-0.0679824891500388,-0.0110639086568075,"Palpebralconjunctiva","Nervous system",6,"#FFCC33"
"591","Palpebralconjunctiva_11",0.642937435305522,1.99476880960067e-06,7.88716758662882e-07,9.00441332694842e-07,0.286106472245064,0.224323895581781,0.212864908996331,"Palpebralconjunctiva","Nervous system",6,"#FFCC33"
"592","Palpebralconjunctiva_12",-0.00588761753614046,4.04073899624111e-07,3.2432729696061e-07,2.12835964505658e-07,0.0529267193423623,-0.0853302068130452,-0.0640225563587338,"Palpebralconjunctiva","Nervous system",6,"#FFCC33"
"593","Palpebralconjunctiva_2",0.101809134558767,4.31125292917402e-07,3.49899050740057e-07,2.82230187304744e-07,0.0896986878239663,-0.0703655379018886,-0.0123296949790284,"Palpebralconjunctiva","Nervous system",6,"#FFCC33"
"594","Palpebralconjunctiva_3",0.326732639606231,9.68885943857494e-07,5.45559526036628e-07,3.01272860888194e-07,0.270659712162761,-0.0129437959379593,-0.0304401740732822,"Palpebralconjunctiva","Nervous system",6,"#FFCC33"
"595","Palpebralconjunctiva_4",0.417277597178456,1.19554514719464e-06,5.64486487146223e-07,6.92002702910941e-07,0.20634331973981,0.0836700493423755,0.0900523806938606,"Palpebralconjunctiva","Nervous system",6,"#FFCC33"
"596","Palpebralconjunctiva_5",0.021461152579794,3.26069474965732e-07,3.31490448806598e-07,2.39480885529418e-07,0.0330256651596475,-0.08418453247326,-0.0488450956061422,"Palpebralconjunctiva","Nervous system",6,"#FFCC33"
"597","Palpebralconjunctiva_6",0.0360191942641705,2.57280189193466e-07,3.86584854947838e-07,3.47407036430048e-07,-0.0591351655972986,-0.0462899132659179,-0.0264273978161468,"Palpebralconjunctiva","Nervous system",6,"#FFCC33"
"598","Palpebralconjunctiva_7",0.0799919723415305,2.8755504769304e-07,4.06532774524836e-07,3.29851191992762e-07,-0.0325715240152304,-0.0252577533177678,-0.0266946747384367,"Palpebralconjunctiva","Nervous system",6,"#FFCC33"
"599","Palpebralconjunctiva_8",0.133571326770123,5.82131432285831e-07,5.76369362185919e-07,2.9616405933071e-07,0.148620376313475,-0.0047771570489767,-0.020355720298381,"Palpebralconjunctiva","Nervous system",6,"#FFCC33"
"600","Palpebralconjunctiva_9",0.169311913407181,4.89018422709466e-07,3.25817868181741e-07,3.41230359067273e-07,0.0415547463370824,-0.0865673688427457,-0.0498595396089435,"Palpebralconjunctiva","Nervous system",6,"#FFCC33"
"601","Pancreas_0",-0.0411151611582577,2.17515449580622e-07,2.51559276896727e-07,2.44776336221305e-07,-0.0601213308211262,-0.13010192745244,-0.0748543387286221,"Pancreas","Digestion system",2,"#87CEEB"
"602","Pancreas_1",-0.0700304333734758,1.89150204791335e-07,2.41382167528277e-07,2.19170297193757e-07,-0.0933771858243551,-0.135353349983173,-0.0845916440583757,"Pancreas","Digestion system",2,"#87CEEB"
"603","Pancreas_10",-0.182448434114719,8.6507613988754e-08,3.32747459050199e-07,2.60913052238365e-07,-0.237940782899672,-0.075927785222074,-0.0385076283558117,"Pancreas","Digestion system",2,"#87CEEB"
"604","Pancreas_11",0.0263303857241931,4.06616122782271e-07,3.47677260137532e-07,1.87128461485049e-07,0.0336244014541604,-0.0407428635779864,-0.0867113912659362,"Pancreas","Digestion system",2,"#87CEEB"
"605","Pancreas_12",-0.0212921519425671,3.77627418805809e-07,4.44675091331343e-07,2.15017929342932e-07,0.0606146791272337,-0.014652057713179,-0.0463671171041704,"Pancreas","Digestion system",2,"#87CEEB"
"606","Pancreas_13",-0.0980191697314853,2.06722916724289e-07,2.17599232402939e-07,9.50394971527176e-07,-0.0813665518497182,-0.114401497399731,-0.0207850533523071,"Pancreas","Digestion system",2,"#87CEEB"
"607","Pancreas_14",-0.161965372588754,1.34487266952176e-07,2.85023659485601e-07,2.92341372444114e-07,-0.162944611371356,-0.0651109409676041,-0.0288310563993091,"Pancreas","Digestion system",2,"#87CEEB"
"608","Pancreas_15",-0.0597098260407495,2.02014934560775e-07,2.43855187496772e-07,2.34331394788219e-07,-0.0790972793603158,-0.136128118598164,-0.0797850752168436,"Pancreas","Digestion system",2,"#87CEEB"
"609","Pancreas_16",-0.112624362292065,1.67139460427522e-07,5.10602792664374e-07,1.88094657956013e-07,-0.0958933804846587,-0.0231613519596818,-0.0458451082180414,"Pancreas","Digestion system",2,"#87CEEB"
"610","Pancreas_17",0.143053897723502,9.72784279625356e-07,3.54231942047842e-07,4.28597473274332e-07,0.125734086259244,-0.0619040630561871,-0.0147829784996221,"Pancreas","Digestion system",2,"#87CEEB"
"611","Pancreas_18",-0.0394069905130762,3.52173438672935e-07,3.57328500136103e-07,1.76394515413901e-07,-0.0076317312057117,-0.0229032875213876,-0.0847594005336315,"Pancreas","Digestion system",2,"#87CEEB"
"612","Pancreas_19",-0.0440935163102809,2.85659073382902e-07,1.21517642117774e-06,3.71196976888636e-06,0.0302494770766545,0.185651510675759,0.296795827048238,"Pancreas","Digestion system",2,"#87CEEB"
"613","Pancreas_2",-0.0683037096521519,2.1044016281276e-07,2.7632576859957e-07,2.46620347585016e-07,-0.0980833882015652,-0.116073335313545,-0.0671412763303224,"Pancreas","Digestion system",2,"#87CEEB"
"614","Pancreas_20",0.0441365107468572,4.53116952586365e-07,3.61789694151568e-07,4.11806207919432e-07,0.0795908816902537,-0.064014736165609,0.00487636119045624,"Pancreas","Digestion system",2,"#87CEEB"
"615","Pancreas_3",-0.0636117877754459,1.94187429527958e-07,2.4632084315097e-07,2.20690926623187e-07,-0.0889840531085444,-0.134070380470073,-0.0876652679072586,"Pancreas","Digestion system",2,"#87CEEB"
"616","Pancreas_4",0.156548619020705,3.06197949390701e-07,2.99732119192291e-07,4.09579878134775e-06,-0.0732285468656838,-0.114781338976088,0.295766270218711,"Pancreas","Digestion system",2,"#87CEEB"
"617","Pancreas_5",-0.021034994464849,2.148224245443e-07,2.74893634450948e-07,2.63608020547552e-07,-0.0517489299246794,-0.115931591754949,-0.0640607568376022,"Pancreas","Digestion system",2,"#87CEEB"
"618","Pancreas_6",-0.0172741637275172,2.9345530050024e-07,1.45551186751246e-06,5.79086593387281e-07,0.0330674097943015,0.171937158251122,0.103310903434449,"Pancreas","Digestion system",2,"#87CEEB"
"619","Pancreas_7",-0.0532826896949091,2.61290587955866e-07,1.39098430125204e-06,2.92004316852227e-06,-0.0452019123385839,0.165224607036453,0.2593208244556,"Pancreas","Digestion system",2,"#87CEEB"
"620","Pancreas_8",0.129231350771007,2.66356721890617e-07,5.90183237066282e-07,2.67599999592638e-07,-0.0150236439029653,0.0624986586190597,-0.00763839037496407,"Pancreas","Digestion system",2,"#87CEEB"
"621","Pancreas_9",-0.126359278647733,1.5844815784007e-07,2.9897547637723e-07,3.32929288040466e-07,-0.13287950860424,-0.0701789003905644,-0.0366933771372709,"Pancreas","Digestion system",2,"#87CEEB"
"622","Pbmc_0",0.280235957556894,5.43301605082582e-07,1.17214003253279e-06,4.62962003796024e-06,0.10034586287181,0.196803455308625,0.282401838842087,"Pbmc","Immune system",4,"#4682B4"
"623","Pbmc_1",-0.0652893245631494,3.13218975651064e-07,2.65593841461384e-07,1.94718572662699e-06,0.0144577399954395,-0.0756024523651896,0.0929663190906311,"Pbmc","Immune system",4,"#4682B4"
"624","Pbmc_10",-0.0768108297341912,1.69296582035738e-07,2.26818868010874e-07,2.82441002768989e-07,-0.134029090783036,-0.110190872123232,-0.063561231712966,"Pbmc","Immune system",4,"#4682B4"
"625","Pbmc_11",-0.211005150412001,7.0765563976297e-08,2.20185350097671e-07,2.4326407271393e-07,-0.272876717677864,-0.124401373828591,-0.0713317472707528,"Pbmc","Immune system",4,"#4682B4"
"626","Pbmc_12",0.212907695631715,6.08933059742049e-07,7.53020616720646e-07,2.29103618756697e-06,0.139533973810897,0.0954575883225589,0.234303274445135,"Pbmc","Immune system",4,"#4682B4"
"627","Pbmc_13",-0.0434419643555041,2.22113082707456e-07,2.61353790824694e-07,6.20650766271123e-07,-0.0978714776054355,-0.0558636993612901,-0.0505835732133192,"Pbmc","Immune system",4,"#4682B4"
"628","Pbmc_14",-0.0640459432744834,2.18160485213384e-07,2.13106900539946e-07,2.82388585031205e-07,-0.0662039837207593,-0.110260349256876,-0.0595902800096146,"Pbmc","Immune system",4,"#4682B4"
"629","Pbmc_15",0.0428464244011425,7.08067722686881e-07,3.39052660449964e-07,3.41169404908619e-07,0.148483683227333,-0.0186867968285317,-0.0564053548436294,"Pbmc","Immune system",4,"#4682B4"
"630","Pbmc_16",-0.0960728077447958,2.22113529413279e-07,2.27333982222626e-07,3.02113428321984e-07,-0.0952378558866908,-0.112107812657677,-0.0508692173918153,"Pbmc","Immune system",4,"#4682B4"
"631","Pbmc_17",0.24757393453459,1.12013883029556e-06,3.36613697678719e-07,4.97319821641309e-07,0.293055085987606,-0.0561800184305493,-0.024567640376125,"Pbmc","Immune system",4,"#4682B4"
"632","Pbmc_18",-0.101793928695552,2.20368235873999e-07,2.45680062992204e-07,2.80302059602684e-07,-0.0678165107586663,-0.114744929333553,-0.0592503616121567,"Pbmc","Immune system",4,"#4682B4"
"633","Pbmc_19",0.207621648863914,4.15053550329702e-07,2.86914167950006e-07,3.33412768782415e-06,-0.0648903954957956,-0.116056106888147,0.251388407898985,"Pbmc","Immune system",4,"#4682B4"
"634","Pbmc_2",-0.083993589109881,1.67978217900739e-07,2.17688754435698e-07,2.52712769612428e-07,-0.100390824457912,-0.118875696612879,-0.0684529095050772,"Pbmc","Immune system",4,"#4682B4"
"635","Pbmc_20",-0.155019703393782,2.0969651496509e-07,7.9342614822016e-07,1.52047519787854e-06,-0.165696388005979,0.0771992978407032,0.155240773676284,"Pbmc","Immune system",4,"#4682B4"
"636","Pbmc_21",-0.0615307293311365,4.59795709913388e-07,6.14964196162245e-07,1.63636413548676e-06,0.116944634339675,0.0376574515543687,0.13122824131303,"Pbmc","Immune system",4,"#4682B4"
"637","Pbmc_3",-0.128273111418583,2.48995105920624e-07,1.15904901711527e-06,3.13069614049331e-06,-0.00448341916681211,0.155498473299451,0.235130976764804,"Pbmc","Immune system",4,"#4682B4"
"638","Pbmc_4",-0.0549475580897978,2.33791525014861e-07,2.27471865156405e-07,2.90242743338492e-07,-0.0673746744392555,-0.107220750711012,-0.0576751274142759,"Pbmc","Immune system",4,"#4682B4"
"639","Pbmc_5",0.548522306026911,6.35169184719434e-07,9.28974275474205e-07,5.89584473295636e-06,0.0636350751395737,0.129998740952783,0.286506456412631,"Pbmc","Immune system",4,"#4682B4"
"640","Pbmc_6",-0.106191715838408,1.86444813533942e-07,2.09718656064864e-07,7.63706185366996e-07,-0.0975271605198624,-0.1243342113104,-0.0370665294992867,"Pbmc","Immune system",4,"#4682B4"
"641","Pbmc_7",-0.100200789095846,2.3957372681726e-07,2.21064989762976e-07,2.80020824305674e-07,-0.0795485093981433,-0.123001891596807,-0.055177137515315,"Pbmc","Immune system",4,"#4682B4"
"642","Pbmc_8",-0.0965719112084134,2.26336851904573e-07,2.74828348646996e-07,1.50717511692361e-06,-0.0323608722171882,-0.0809343575916509,0.0476520415754816,"Pbmc","Immune system",4,"#4682B4"
"643","Pbmc_9",-0.0769190874253729,2.777557628831e-07,2.73639782394159e-07,2.01318717296253e-06,-0.00611146227523009,-0.0755785930806696,0.106505191371345,"Pbmc","Immune system",4,"#4682B4"
"644","Pituitary_0",-0.132138129255461,1.03584324010437e-07,4.54921484818375e-07,1.18205872429413e-06,-0.179288558617646,-0.00932948697495452,0.143415920323896,"Pituitary","Nervous system",6,"#FFCC33"
"645","Pituitary_1",-0.118842336459958,1.0629468087529e-07,5.01502481862898e-07,1.2060208523274e-06,-0.174868517585885,0.0113880139141139,0.153722433883906,"Pituitary","Nervous system",6,"#FFCC33"
"646","Pituitary_10",0.0751913755281686,4.48478105541111e-07,5.51672958887235e-07,2.94259629276983e-07,0.0720025827276171,0.0153409394133191,-0.0435123560432004,"Pituitary","Nervous system",6,"#FFCC33"
"647","Pituitary_11",-0.156595619214845,1.37996255470045e-07,2.98824810727715e-07,1.62580590091793e-07,-0.178720409256478,-0.116145612371214,-0.0966130293565797,"Pituitary","Nervous system",6,"#FFCC33"
"648","Pituitary_12",-0.128258748445667,1.12996593200817e-07,4.10558025582272e-07,1.1753889719085e-06,-0.172274394403109,-0.0214506181362878,0.153408547443929,"Pituitary","Nervous system",6,"#FFCC33"
"649","Pituitary_13",0.246543656488463,4.10662165947826e-07,3.60613148573448e-07,3.61993754431536e-06,-0.0375717714823892,-0.0794806806615616,0.286276386582899,"Pituitary","Nervous system",6,"#FFCC33"
"650","Pituitary_14",-0.0431573022045616,1.95282043536894e-07,3.08092302660493e-07,2.19033784163911e-07,-0.118395866563335,-0.0960173941086953,-0.0735058044205952,"Pituitary","Nervous system",6,"#FFCC33"
"651","Pituitary_15",-0.114153202194211,1.60588396492997e-07,2.87033365345302e-07,3.35239517156849e-07,-0.148676330850795,-0.078329698874698,-0.0275286078276668,"Pituitary","Nervous system",6,"#FFCC33"
"652","Pituitary_16",-0.0919784871044921,1.83449273748516e-07,3.28308786615463e-07,1.79519409026347e-07,-0.170616929906507,-0.117740154023949,-0.0813735007599066,"Pituitary","Nervous system",6,"#FFCC33"
"653","Pituitary_17",-0.0590137473960251,3.7609351216874e-07,4.92783893444591e-07,8.54119279287793e-07,0.052106860074796,0.023819935384253,0.04925163224433,"Pituitary","Nervous system",6,"#FFCC33"
"654","Pituitary_18",0.229165090617019,7.69034717862658e-07,3.53637189403491e-07,7.19248056873083e-07,0.175632839430809,-0.054856371316607,0.00105228921349066,"Pituitary","Nervous system",6,"#FFCC33"
"655","Pituitary_2",0.00879816232918931,1.42180637050558e-07,7.67837619146738e-07,1.2997524601736e-07,-0.109074572024715,0.085622574813407,-0.122149089439465,"Pituitary","Nervous system",6,"#FFCC33"
"656","Pituitary_3",-0.137059910845677,1.36376860786575e-07,2.42865714080322e-07,1.74458332590367e-07,-0.20387874609467,-0.135187260898175,-0.0987748434889437,"Pituitary","Nervous system",6,"#FFCC33"
"657","Pituitary_4",-0.163004620468578,1.10685329598291e-07,3.55950357448261e-07,6.826231528083e-07,-0.218021471845984,-0.0594617262505193,0.0377726811867353,"Pituitary","Nervous system",6,"#FFCC33"
"658","Pituitary_5",-0.00697282313905417,2.90283193145997e-07,3.24704684576483e-07,2.05492601568749e-07,-0.0278290546037824,-0.0732885411081671,-0.0274441664564681,"Pituitary","Nervous system",6,"#FFCC33"
"659","Pituitary_6",0.0319463940696146,1.4985385636812e-07,9.41915622452433e-07,1.13207284312328e-07,-0.0815568442846935,0.130834787961769,-0.138344571623298,"Pituitary","Nervous system",6,"#FFCC33"
"660","Pituitary_7",-0.214453997661853,5.67531645175893e-08,7.28503203136368e-07,1.32165919780934e-07,-0.289657276092541,0.0646631642276715,-0.117877373609717,"Pituitary","Nervous system",6,"#FFCC33"
"661","Pituitary_8",-0.126343179747983,1.01941856808383e-07,6.74175100409848e-07,1.34858429767216e-06,-0.18618632393285,0.0360140831772166,0.168673275611874,"Pituitary","Nervous system",6,"#FFCC33"
"662","Pituitary_9",0.172766977034797,3.187613977001e-07,4.41911067422825e-07,2.36804537000758e-07,-0.0306429585589597,-0.00989122597215949,-0.0527649888650397,"Pituitary","Nervous system",6,"#FFCC33"
"663","Placenta_0",0.0800681180875231,6.51352495618632e-07,4.85090781489015e-07,2.69005157443984e-07,0.151843171589356,0.028343758712595,0.0332045208365447,"Placenta","Reproductive system",8,"#FF007F"
"664","Placenta_1",-0.0975316314583125,2.82543180060232e-07,1.13140062044244e-06,2.81973651583259e-07,-0.064990606714167,0.137000631194692,-0.0440042976151774,"Placenta","Reproductive system",8,"#FF007F"
"665","Placenta_10",-0.15475153874534,1.91161552347995e-07,1.24732970012692e-06,1.79299608605403e-07,-0.137855168236721,0.137807171584449,-0.0571437951599969,"Placenta","Reproductive system",8,"#FF007F"
"666","Placenta_11",-0.0934246268609286,4.08674441621891e-07,2.91034816502779e-07,1.65851383720655e-07,-0.0782064831712826,-0.0826556650271688,-0.125130972284733,"Placenta","Reproductive system",8,"#FF007F"
"667","Placenta_12",-0.0291956385136844,3.77552925737169e-07,6.53177137832621e-07,2.54291209807212e-07,-0.0163631018574848,0.033954577476151,-0.0445292986288606,"Placenta","Reproductive system",8,"#FF007F"
"668","Placenta_13",-0.16301743316958,1.27669721108368e-07,1.21857809425629e-06,2.45785612064852e-07,-0.164507647385011,0.170031938176953,-0.0629303970762987,"Placenta","Reproductive system",8,"#FF007F"
"669","Placenta_14",0.27066633241198,2.12868407940784e-06,5.74947853141429e-07,4.02863296331099e-07,0.376678337620819,0.0494241456457448,-0.0191511308262824,"Placenta","Reproductive system",8,"#FF007F"
"670","Placenta_15",0.0277810378285283,4.60385513443616e-07,5.58153661330335e-07,3.38012718914139e-07,0.0152934088310066,0.0344365144750076,0.00372871582721327,"Placenta","Reproductive system",8,"#FF007F"
"671","Placenta_16",-0.159154543779528,1.73592816843918e-07,6.84376181468142e-07,1.42201724010283e-07,-0.14058271453967,0.059210210363696,-0.108766873958639,"Placenta","Reproductive system",8,"#FF007F"
"672","Placenta_17",-0.182298542046546,1.79957857069571e-07,1.2237273410341e-06,1.68229695961264e-07,-0.129376734723302,0.159852425572788,-0.0942267096062459,"Placenta","Reproductive system",8,"#FF007F"
"673","Placenta_18",0.0230202181007396,7.14514266887303e-07,4.64926288147772e-07,6.74710470006759e-07,0.136929002058819,0.0196735648723462,0.0894619592818545,"Placenta","Reproductive system",8,"#FF007F"
"674","Placenta_19",0.126176798111935,8.07036312581283e-07,7.29510281473208e-07,2.47159674453231e-06,0.0892730188938381,0.0566096907608601,0.174340352552819,"Placenta","Reproductive system",8,"#FF007F"
"675","Placenta_2",0.223009016250797,1.98952825201055e-06,3.75428040319347e-07,7.05387791667452e-07,0.268224555523104,-0.0344413413443285,0.114772362567983,"Placenta","Reproductive system",8,"#FF007F"
"676","Placenta_20",0.0213609715302346,4.32397413503665e-07,8.7691985569975e-07,3.02030369635736e-07,0.0713464500482332,0.0599508992604966,-0.01491212863151,"Placenta","Reproductive system",8,"#FF007F"
"677","Placenta_3",0.0598228130505881,6.62027639638772e-07,8.87598126030302e-07,3.09308226148387e-07,0.101223647414174,0.126208068879783,-0.0324590227118229,"Placenta","Reproductive system",8,"#FF007F"
"678","Placenta_4",0.247829978315303,1.33813896880027e-06,7.19276039149381e-07,2.27043902149447e-07,0.274050498822336,0.152054879046599,-0.0933942444335068,"Placenta","Reproductive system",8,"#FF007F"
"679","Placenta_5",0.195138435829464,1.03441216987544e-06,6.00328922248137e-07,4.28450044686775e-07,0.238751297476264,0.0919975777070691,0.144265088690055,"Placenta","Reproductive system",8,"#FF007F"
"680","Placenta_6",0.14175575847145,1.23631695533114e-06,3.74570609732799e-07,3.95318311717258e-07,0.184829411197883,-0.0359825373704302,-0.0291621557342074,"Placenta","Reproductive system",8,"#FF007F"
"681","Placenta_7",-0.0362633403487004,3.35174032003656e-07,9.98615148883759e-07,1.44865240891624e-07,-0.0362766137369321,0.154969099968749,-0.0960728438145647,"Placenta","Reproductive system",8,"#FF007F"
"682","Placenta_8",-0.0616174961775258,4.16587305341009e-07,1.75932868707388e-06,1.46262692517002e-07,-0.0554627846158041,0.260449093701416,-0.0713333415958125,"Placenta","Reproductive system",8,"#FF007F"
"683","Placenta_9",-0.143334714501562,1.58676319441105e-07,5.49919491132335e-07,1.07368760787373e-07,-0.157366635176781,0.0547816590559705,-0.135739127089904,"Placenta","Reproductive system",8,"#FF007F"
"684","Rectum_0",-0.10642933537686,2.34004495509271e-07,3.56390308624355e-07,3.58366113550314e-07,-0.0922815147681619,-0.026534056562766,-0.0075429172663299,"Rectum","Digestion system",2,"#87CEEB"
"685","Rectum_1",-0.108519891023181,2.07724811194262e-07,3.53458776104727e-07,3.61379180138531e-07,-0.104245523876079,-0.0342955408036,-0.00798141845796843,"Rectum","Digestion system",2,"#87CEEB"
"686","Rectum_10",0.1497012064098,1.12882633627214e-06,5.17675959626234e-07,4.3608628773696e-07,0.250574925177718,0.083437843493501,-0.0031261955540916,"Rectum","Digestion system",2,"#87CEEB"
"687","Rectum_11",-0.0857313103101607,2.49256724857294e-07,4.4529208570704e-07,3.06723082033584e-07,-0.115099570622952,-0.0273140862676207,-0.0430790431856471,"Rectum","Digestion system",2,"#87CEEB"
"688","Rectum_12",0.50158480302784,1.17748713481109e-06,4.93831828705786e-07,6.19764471382526e-06,0.149282916761064,-0.0505369068357394,0.442602650896593,"Rectum","Digestion system",2,"#87CEEB"
"689","Rectum_13",0.0767468587579431,8.05269420724784e-07,5.54001917558775e-07,6.85053730173846e-07,0.156756998860249,0.000206890611788452,0.0795448916483087,"Rectum","Digestion system",2,"#87CEEB"
"690","Rectum_14",0.0452254193436979,4.66583164645039e-07,3.25812571426795e-07,3.81045966393104e-07,-0.00500246899543911,-0.0738537208145204,-0.0455288379131089,"Rectum","Digestion system",2,"#87CEEB"
"691","Rectum_15",0.10302878803261,1.14755172575711e-06,8.39727418184111e-07,1.35417548868742e-06,0.298829292536404,0.0479039928469075,0.204371561462812,"Rectum","Digestion system",2,"#87CEEB"
"692","Rectum_16",-0.0537166184191423,1.22690042779105e-07,6.38684382624275e-07,2.90174079502453e-07,-0.246512526640797,0.0157979809777511,0.00565150836811815,"Rectum","Digestion system",2,"#87CEEB"
"693","Rectum_17",0.201761192213569,1.66118040054218e-06,5.89370560187069e-07,3.10375883050358e-07,0.4389082673795,0.0336124588930344,-0.035354527905651,"Rectum","Digestion system",2,"#87CEEB"
"694","Rectum_18",-0.0802678305573218,2.657766175205e-07,4.03353462241523e-07,9.83171602893649e-07,-0.0634368101011011,-0.0130995594980666,0.0580257401870063,"Rectum","Digestion system",2,"#87CEEB"
"695","Rectum_19",-0.133942033327921,1.88489116602364e-07,4.35306212880833e-07,3.70945968536333e-07,-0.183777800381867,-0.0149087158103791,0.024340124560667,"Rectum","Digestion system",2,"#87CEEB"
"696","Rectum_2",-0.0868905878234635,3.16675476623631e-07,3.95517956900121e-07,3.79762124529523e-07,-0.0970872716768542,-0.000954796336578076,-0.00919291056421841,"Rectum","Digestion system",2,"#87CEEB"
"697","Rectum_20",0.185532091880872,6.60663089305132e-07,4.01913072379148e-07,3.31525557633655e-07,0.168589483444802,0.0135983996797517,0.00687086793710167,"Rectum","Digestion system",2,"#87CEEB"
"698","Rectum_21",0.455007279218417,2.01611541112359e-06,5.12678045634892e-07,4.54586762048957e-07,0.476657389119586,0.00278201664097901,0.0261484808796229,"Rectum","Digestion system",2,"#87CEEB"
"699","Rectum_22",0.0575498107872114,3.4737755190663e-07,3.45768306158855e-07,2.42675272934643e-07,-0.0106051770556172,-0.040266140245673,-0.0668364715000293,"Rectum","Digestion system",2,"#87CEEB"
"700","Rectum_23",0.19736290906246,1.5083602989549e-06,3.47895884395872e-07,3.64892517072279e-07,0.418308366136106,-0.0418929131801837,0.0341434709893129,"Rectum","Digestion system",2,"#87CEEB"
"701","Rectum_24",-0.00802056561760452,7.41940254798817e-07,6.31874123037901e-07,5.53936836785621e-07,0.146595601617401,0.026638492270682,0.0363104331973242,"Rectum","Digestion system",2,"#87CEEB"
"702","Rectum_25",0.292401272537024,2.20264048670882e-06,7.34467931572959e-07,3.47437535321701e-07,0.426316696020827,0.0734782734339371,-0.0140651340010916,"Rectum","Digestion system",2,"#87CEEB"
"703","Rectum_3",-0.0872253575378466,3.07858169308476e-07,4.43908235459634e-07,3.86566419453797e-07,-0.033279112887631,0.0124254031668009,-0.00568927156164944,"Rectum","Digestion system",2,"#87CEEB"
"704","Rectum_4",-0.110507803980509,1.86430933213347e-07,6.01440021993157e-07,2.42267348041332e-07,-0.189937006590291,0.0473264930081672,-0.0200840604687598,"Rectum","Digestion system",2,"#87CEEB"
"705","Rectum_5",0.138370753308869,8.48535470672188e-07,4.31710755751993e-07,3.34505142013243e-07,0.279795172380015,-0.0331145280080309,0.0191000132610774,"Rectum","Digestion system",2,"#87CEEB"
"706","Rectum_6",0.251464411986456,2.14544533603481e-06,6.36992296180239e-07,3.93643994832626e-07,0.361562066984678,0.0218855522061682,0.00945253586785264,"Rectum","Digestion system",2,"#87CEEB"
"707","Rectum_7",0.26254499620151,1.16588044721338e-06,1.00979479515955e-06,2.30680955374609e-06,0.255855661849307,0.115510227500436,0.290597433369456,"Rectum","Digestion system",2,"#87CEEB"
"708","Rectum_8",0.17014068206439,6.01218324557493e-07,4.40793149180525e-07,2.81594203560491e-07,0.0479369520446016,0.00727945107806625,-0.0430698414259714,"Rectum","Digestion system",2,"#87CEEB"
"709","Rectum_9",0.174151772407875,2.10760514120898e-06,8.59419247037042e-07,4.61040292161199e-07,0.487700890050247,0.0710726917863781,0.0361128127622477,"Rectum","Digestion system",2,"#87CEEB"
"710","Reticulum_0",-0.0304837979554257,3.2416206411652e-07,4.04311982211723e-07,3.86727868995885e-07,-0.035166186139876,-0.0273095688791503,-0.00825140457947838,"Reticulum","Digestion system",2,"#87CEEB"
"711","Reticulum_1",-0.083847590620417,3.14350886805555e-07,5.57661190690873e-07,2.34961427334413e-07,-0.00649793625870912,-0.0074514799078227,-0.0184161245702164,"Reticulum","Digestion system",2,"#87CEEB"
"712","Reticulum_10",0.0956354386311925,5.83193125410806e-07,1.24733897343676e-06,3.03887495947589e-07,0.118161534311654,0.129908984510671,-0.0248915762300338,"Reticulum","Digestion system",2,"#87CEEB"
"713","Reticulum_11",0.105789959596428,4.88908334169405e-07,7.32503515980939e-07,2.86906822234649e-07,0.0837835503540509,0.0419159741274867,-0.0307589540418974,"Reticulum","Digestion system",2,"#87CEEB"
"714","Reticulum_12",-0.0467474423263774,2.55909556587711e-07,4.14136664973269e-07,3.54438792439536e-07,-0.0713471947779736,-0.034453705166087,-0.0201061184294414,"Reticulum","Digestion system",2,"#87CEEB"
"715","Reticulum_13",-0.0176629362478182,6.66485084394071e-07,5.18197614735744e-07,9.8004476135363e-07,0.066085459170254,-0.0143196284425381,0.0720271494872562,"Reticulum","Digestion system",2,"#87CEEB"
"716","Reticulum_14",0.056820633724771,2.29877917190989e-07,4.58746121343478e-07,3.02209780307318e-07,-0.0565596375316399,0.0388587048641506,0.00220032520274038,"Reticulum","Digestion system",2,"#87CEEB"
"717","Reticulum_15",0.0994721417537475,6.0693237625678e-07,3.05695957926528e-07,3.3854352002794e-07,0.0900631315836906,-0.0877918603859924,-0.0539497138558538,"Reticulum","Digestion system",2,"#87CEEB"
"718","Reticulum_16",0.23884347796006,1.73874353354363e-06,9.21525072428433e-07,6.13247372517413e-07,0.377365122502984,0.142539398363762,0.0317657971331909,"Reticulum","Digestion system",2,"#87CEEB"
"719","Reticulum_17",0.0809484211658711,6.60380515974151e-07,5.29544571986237e-07,2.58629326074967e-07,0.137040264666104,0.106812286622451,-0.0614528295588675,"Reticulum","Digestion system",2,"#87CEEB"
"720","Reticulum_18",-0.0960381244777814,2.97465814902258e-07,5.4233713360572e-07,5.42740298602838e-07,-0.012927455520464,-0.00739949436002085,0.0100497724482,"Reticulum","Digestion system",2,"#87CEEB"
"721","Reticulum_19",0.0439943801622063,4.8383641353731e-07,3.78991871950054e-07,3.34062053107198e-07,0.0849973634872119,-0.0196866218315283,-0.0230477875675514,"Reticulum","Digestion system",2,"#87CEEB"
"722","Reticulum_2",0.259685888657579,1.74891793839925e-06,7.16178557436574e-07,5.01715080674479e-07,0.390643936853098,0.0929858727752476,0.00598393987092565,"Reticulum","Digestion system",2,"#87CEEB"
"723","Reticulum_3",-0.041479879860699,3.08771352166378e-07,3.83783869034144e-07,3.64017250812064e-07,-0.0234413413523539,-0.0343108055997706,-0.0195927734638402,"Reticulum","Digestion system",2,"#87CEEB"
"724","Reticulum_4",-0.0545335723401897,3.7747883422572e-07,4.05019451310077e-07,2.40313229196346e-07,0.0253017120760196,-0.0489633441178104,-0.0307399231933152,"Reticulum","Digestion system",2,"#87CEEB"
"725","Reticulum_5",0.555316617678713,5.37943640275333e-06,7.30934629556011e-07,6.23040264017731e-07,0.614834620664893,0.166193736916662,0.0201929954022834,"Reticulum","Digestion system",2,"#87CEEB"
"726","Reticulum_6",0.0771689701053535,7.90618502047042e-07,1.12666526152084e-06,3.61770137271265e-07,0.163504286676934,0.13891639442399,0.0054258812290288,"Reticulum","Digestion system",2,"#87CEEB"
"727","Reticulum_7",-0.0561921229042446,3.55540038549244e-07,5.78117207412446e-07,2.49183911215502e-07,0.0363548069837005,0.00439630599204325,-0.0237597139147385,"Reticulum","Digestion system",2,"#87CEEB"
"728","Reticulum_8",0.513477435241392,3.71356454807871e-06,7.32445266583378e-07,5.01722765849016e-07,0.565475619858259,0.175002467092061,0.00117158080312864,"Reticulum","Digestion system",2,"#87CEEB"
"729","Reticulum_9",-0.0266925832017645,4.14656693670509e-07,4.86608129575413e-07,2.91808621302188e-07,0.0866567510352279,-0.0136217057520462,-0.00111759176500383,"Reticulum","Digestion system",2,"#87CEEB"
"730","Retina_0",-0.175080014135595,1.35616842815618e-07,3.44014094979907e-07,1.44333630373862e-07,-0.188899488723452,-0.0882513637829754,-0.122536282772563,"Retina","Nervous system",6,"#FFCC33"
"731","Retina_1",-0.113929390755514,1.74622137842596e-07,4.35046633814514e-07,1.50453882732797e-07,-0.125944608588465,-0.0479418764439902,-0.110625053425676,"Retina","Nervous system",6,"#FFCC33"
"732","Retina_10",-0.148799912721331,1.24819612889524e-07,2.725351138199e-07,3.22924472325763e-07,-0.199411955829919,-0.124140798276457,-0.0515161314176303,"Retina","Nervous system",6,"#FFCC33"
"733","Retina_2",-0.117418851019703,1.82799299185654e-07,3.64446472952663e-07,1.76962539074179e-07,-0.133438133576534,-0.0813938733823314,-0.0938493159757387,"Retina","Nervous system",6,"#FFCC33"
"734","Retina_3",-0.174965723076141,1.11865193117831e-07,3.25362880598899e-07,1.76275532608316e-07,-0.215146991754901,-0.0950360641514113,-0.0967906845048264,"Retina","Nervous system",6,"#FFCC33"
"735","Retina_4",-0.180168233473878,1.19459207272889e-07,2.42002502839214e-07,1.35158347055924e-07,-0.200176592619385,-0.141346227167532,-0.122456026881561,"Retina","Nervous system",6,"#FFCC33"
"736","Retina_5",-0.173323382868181,1.34177469612627e-07,2.59099169622118e-07,1.41018560229258e-07,-0.18533893839353,-0.130417795798274,-0.120780843711563,"Retina","Nervous system",6,"#FFCC33"
"737","Retina_6",-0.160397468403623,1.18527066396638e-07,3.0413515158184e-07,1.46551184149209e-07,-0.198470489290077,-0.106409207088625,-0.118438354616465,"Retina","Nervous system",6,"#FFCC33"
"738","Retina_7",-0.160616497490765,1.15659250761559e-07,3.1649391626089e-07,1.46069209701859e-07,-0.202665759422073,-0.111465589888768,-0.121993876493224,"Retina","Nervous system",6,"#FFCC33"
"739","Retina_8",-0.171044834383222,1.23515018866614e-07,2.33012279042972e-07,1.24410088705811e-07,-0.18485270794014,-0.134790892669753,-0.113594078271255,"Retina","Nervous system",6,"#FFCC33"
"740","Retina_9",-0.202317996767022,4.03940809355492e-07,2.19713052080392e-07,1.22906308808511e-07,-0.188922893527433,-0.145504716483088,-0.134995695185916,"Retina","Nervous system",6,"#FFCC33"
"741","Rumen_0",0.190230330339223,1.15907234968861e-06,4.83650992583011e-07,3.76230932594791e-07,0.296787305714971,0.0164898751594025,-0.0166738502172595,"Rumen","Digestion system",2,"#87CEEB"
"742","Rumen_1",-0.0442533463305576,2.87188407573967e-07,3.62148946639837e-07,3.65914554337667e-07,-0.0554125799654205,-0.0581690109487463,-0.0117299731672995,"Rumen","Digestion system",2,"#87CEEB"
"743","Rumen_10",0.321119089836618,5.08874033249237e-06,7.7085643743643e-07,4.81495824011672e-07,0.516912088240852,0.104470346603223,0.0643456045520196,"Rumen","Digestion system",2,"#87CEEB"
"744","Rumen_11",-0.122336965676351,1.6776907683075e-07,3.10416458274574e-07,2.02784206350058e-07,-0.172114173910788,-0.100162272241269,-0.0884464912189507,"Rumen","Digestion system",2,"#87CEEB"
"745","Rumen_12",0.0473129191599459,3.6400934693912e-07,5.75721107139159e-07,2.37782052077298e-07,0.0358895693824522,0.0252930529637477,-0.0607338030390044,"Rumen","Digestion system",2,"#87CEEB"
"746","Rumen_13",0.274565661483228,2.63011498548044e-06,4.90518492453811e-07,4.81133704265934e-07,0.154874129435968,0.027397283564484,0.00474542265249095,"Rumen","Digestion system",2,"#87CEEB"
"747","Rumen_14",-0.0587565319402234,3.3772926471592e-07,4.02066018129582e-07,2.4082149968041e-07,0.0213050467065739,-0.041928235190855,-0.0326771962121676,"Rumen","Digestion system",2,"#87CEEB"
"748","Rumen_15",0.170511424581916,1.6404027704892e-06,8.88581861350054e-07,5.32474583030459e-07,0.251486448704128,0.12730878575165,0.00448040946877403,"Rumen","Digestion system",2,"#87CEEB"
"749","Rumen_16",0.0740828312610493,8.39832601148545e-07,6.01177299343559e-07,1.57839324142772e-06,0.146006546320827,0.0150530170470556,0.145397040429426,"Rumen","Digestion system",2,"#87CEEB"
"750","Rumen_17",-0.00353353810216101,3.44690976010067e-07,5.20740833318492e-07,1.86901948227479e-07,0.00084954927937762,0.0167541021373707,-0.0868299692044061,"Rumen","Digestion system",2,"#87CEEB"
"751","Rumen_18",0.25223822975902,1.74754136763197e-06,4.95983401006862e-07,5.98464982238517e-07,0.316561290101109,0.0331592376302919,0.0119571436496403,"Rumen","Digestion system",2,"#87CEEB"
"752","Rumen_2",-0.103029242669149,2.41640027944427e-07,4.69344960489461e-07,2.123945921186e-07,-0.0548958540931151,-0.0295665408913983,-0.0453970537019729,"Rumen","Digestion system",2,"#87CEEB"
"753","Rumen_3",-0.00438250522307644,3.55405971382187e-07,1.11547083287693e-06,3.57846937319301e-07,0.0292299996216118,0.127496366883783,0.0110652052816111,"Rumen","Digestion system",2,"#87CEEB"
"754","Rumen_4",-0.00240756775200441,4.53595135535389e-07,3.70822545771729e-07,2.45328550173813e-07,0.112923158226657,-0.0511781104172408,-0.0229694811601421,"Rumen","Digestion system",2,"#87CEEB"
"755","Rumen_5",0.0640982806716834,5.54276281515012e-07,1.34074304029928e-06,4.29432224410069e-07,0.155866212903186,0.181715110302007,0.0329613889699567,"Rumen","Digestion system",2,"#87CEEB"
"756","Rumen_6",0.365891186777281,3.7269954899608e-06,7.408133788754e-07,4.32179080235843e-07,0.506737204629393,0.155303358792568,0.00266155430778278,"Rumen","Digestion system",2,"#87CEEB"
"757","Rumen_7",0.432511318245916,4.42267865292415e-06,5.95390496045295e-07,5.79201587878723e-07,0.54874223533309,0.101394407910732,0.0117160035541095,"Rumen","Digestion system",2,"#87CEEB"
"758","Rumen_8",-0.0458811486337229,3.05742048562125e-07,3.28704255800876e-07,3.73138706871869e-07,-0.0219826916956585,-0.0729374805778225,-0.0170957625410343,"Rumen","Digestion system",2,"#87CEEB"
"759","Rumen_9",-0.0450238880380518,3.43782146229887e-07,5.56528350241081e-07,2.30202079493413e-07,0.0362287737364796,0.00512828937540366,-0.0335598801898437,"Rumen","Digestion system",2,"#87CEEB"
"760","Salivarygland_0",0.0738557943157348,4.20595439649407e-07,2.66020066031241e-07,3.09979729589792e-07,0.0672132638356774,-0.0790869150727373,-0.0369283959809276,"Salivarygland","Digestion system",2,"#87CEEB"
"761","Salivarygland_1",0.0840287788187629,3.53996916650273e-07,6.60518463570759e-07,1.25150695124227e-06,0.0461047705351612,0.0352843242452828,0.277733810713399,"Salivarygland","Digestion system",2,"#87CEEB"
"762","Salivarygland_10",-0.142952047653842,1.29425431549021e-07,2.18238962627818e-07,2.2703210894824e-07,-0.174623484350197,-0.129730328532801,-0.064363978980893,"Salivarygland","Digestion system",2,"#87CEEB"
"763","Salivarygland_11",-0.0215132541888664,2.87732906640529e-07,2.47456401077829e-07,3.15791632954861e-07,-0.0144593319224378,-0.10585343304144,-0.04220224836171,"Salivarygland","Digestion system",2,"#87CEEB"
"764","Salivarygland_12",0.133155977016406,7.05712158569714e-07,6.16755905671439e-07,8.9001205888643e-07,0.149462006802659,0.0073862598982688,0.0695315611257098,"Salivarygland","Digestion system",2,"#87CEEB"
"765","Salivarygland_13",-0.0424664622260362,5.19566280258341e-07,1.31530474215394e-06,1.08377822155507e-06,0.118385511968859,0.190586654340575,0.175799861188619,"Salivarygland","Digestion system",2,"#87CEEB"
"766","Salivarygland_14",0.192864846096828,8.60804586340645e-07,4.57505357928166e-07,5.77826520818131e-07,0.196279448100001,-0.0288971978255545,0.111260556472418,"Salivarygland","Digestion system",2,"#87CEEB"
"767","Salivarygland_15",0.117936392471286,6.59921173541477e-07,4.34178185744014e-07,3.57705756992315e-07,0.196939616129856,0.0347709595163275,-0.0216917388606896,"Salivarygland","Digestion system",2,"#87CEEB"
"768","Salivarygland_16",0.0513810152879718,5.73418374583446e-07,5.20728980120236e-07,2.39646542694494e-07,0.211534617591519,0.00387442662720686,-0.0679554918350123,"Salivarygland","Digestion system",2,"#87CEEB"
"769","Salivarygland_17",0.0322569798821451,4.14523598477891e-07,3.63794132721622e-07,2.50199863203105e-07,0.058959322031446,-0.0547141851489862,-0.0415197176403026,"Salivarygland","Digestion system",2,"#87CEEB"
"770","Salivarygland_18",-0.0698398954618532,3.72376454073881e-07,2.01204894825886e-07,2.43144506951886e-07,0.0157927219307913,-0.13129961647921,-0.0606602900189697,"Salivarygland","Digestion system",2,"#87CEEB"
"771","Salivarygland_19",0.46335386815494,9.25432006583403e-07,5.75218126238012e-07,6.28035920440296e-06,0.141592404780973,-0.0132127130244921,0.439534507729939,"Salivarygland","Digestion system",2,"#87CEEB"
"772","Salivarygland_2",-0.0248270631708007,3.77349150927755e-07,2.9915665915211e-07,5.54176851727182e-07,0.080439895952452,-0.0599028696792664,0.0430362221857735,"Salivarygland","Digestion system",2,"#87CEEB"
"773","Salivarygland_3",-0.00484643342542524,3.40165030141815e-07,2.35253004571431e-07,2.91398323877687e-07,0.0158318647145065,-0.104760729815241,-0.0530847494242773,"Salivarygland","Digestion system",2,"#87CEEB"
"774","Salivarygland_4",0.0203522850697613,3.04076384874008e-07,4.1088832294809e-07,2.47263580102741e-07,-0.00223772072507617,-0.0342922293864806,-0.0372692575204391,"Salivarygland","Digestion system",2,"#87CEEB"
"775","Salivarygland_5",0.170833588784273,1.17719501271662e-06,5.67007375157724e-07,5.46619500099643e-07,0.247243819738642,0.0689015032397345,0.0755895953605529,"Salivarygland","Digestion system",2,"#87CEEB"
"776","Salivarygland_6",0.128362325284272,5.18231788443788e-07,4.56414338512549e-07,6.19659387861979e-07,0.0644104978378113,-0.0317611613011857,0.118935314336685,"Salivarygland","Digestion system",2,"#87CEEB"
"777","Salivarygland_7",0.0805756029710626,5.42937718175577e-07,2.75559970339205e-07,3.31366747655726e-07,0.152340215421714,-0.0749809324945027,-0.0207762369494131,"Salivarygland","Digestion system",2,"#87CEEB"
"778","Salivarygland_8",0.240681926784456,8.12205274195904e-07,6.01298822670379e-07,3.9480437570079e-07,0.191050559013054,0.155561366191816,0.0403527849843708,"Salivarygland","Digestion system",2,"#87CEEB"
"779","Salivarygland_9",-0.122914122633931,1.38734695640887e-07,2.70594622725292e-07,2.07796879490953e-07,-0.160331347725938,-0.115125010911186,-0.0714145070236838,"Salivarygland","Digestion system",2,"#87CEEB"
"780","Skin_0",0.0496600137147147,6.29619210974262e-07,9.89818201737102e-07,2.92742824925598e-07,0.144574753112196,0.120393925375436,-0.0312389459176391,"Skin","Other",7,"#ADD8E6"
"781","Skin_1",-0.119643684696396,2.0764539096081e-07,4.02240507159235e-07,1.93039239171906e-07,-0.0844963065524074,-0.0643642380074549,-0.065785476986656,"Skin","Other",7,"#ADD8E6"
"782","Skin_10",-0.1158995869009,2.09845841961504e-07,3.3028567213604e-07,2.06095692608087e-07,-0.136775602460594,-0.0898084482264993,-0.0794903142776433,"Skin","Other",7,"#ADD8E6"
"783","Skin_11",-0.123132693189457,2.59272827449716e-07,5.39975398755362e-07,3.65901167353515e-07,-0.0475369088505772,-0.00309457975787087,-0.0237417369073593,"Skin","Other",7,"#ADD8E6"
"784","Skin_12",-0.0708849500873879,3.4517860774677e-07,4.85843576278935e-07,5.95742982000528e-07,-0.00757485299104961,0.029501936649983,0.0538775758529699,"Skin","Other",7,"#ADD8E6"
"785","Skin_13",-0.0584799087613591,1.99000352749079e-07,3.32963346322057e-07,3.44531894961626e-07,-0.0988984818013342,-0.0709460549786372,-0.00663156784289882,"Skin","Other",7,"#ADD8E6"
"786","Skin_14",0.252799892159452,7.66793886732022e-07,7.43123372578394e-07,3.69118472573409e-07,0.16326637820843,0.135601225937869,-0.0274243294122296,"Skin","Other",7,"#ADD8E6"
"787","Skin_15",-0.135653910618479,2.34299094089213e-07,2.99882336886993e-07,1.55804503492734e-07,-0.12496378907655,-0.100549449223495,-0.113587582069663,"Skin","Other",7,"#ADD8E6"
"788","Skin_16",0.0263501339867238,4.82071387798364e-07,7.3140768309386e-07,3.64430016193886e-07,0.0377009664595787,0.14888055721911,-0.0122060525084073,"Skin","Other",7,"#ADD8E6"
"789","Skin_17",-0.0463418408534404,4.21563362970419e-07,5.58728913251662e-07,1.01718921616401e-06,0.0523179558257645,-0.00373997938283947,0.109535158381901,"Skin","Other",7,"#ADD8E6"
"790","Skin_18",0.118934604191588,7.05392655113893e-07,4.15833091217965e-07,4.72112556152726e-07,0.0938134548670863,0.0468050861838093,-0.0158469070316133,"Skin","Other",7,"#ADD8E6"
"791","Skin_19",-0.0675764284181596,3.90164037513143e-07,6.2371981728113e-07,2.33928523564841e-07,-0.0423991392862748,0.002400642389035,-0.0620876208843002,"Skin","Other",7,"#ADD8E6"
"792","Skin_2",0.0118852248508713,4.2458706054633e-07,7.04453978712663e-07,7.35517624659951e-07,0.040887463458708,0.0899575650115973,0.093726000424707,"Skin","Other",7,"#ADD8E6"
"793","Skin_3",0.293388438489727,7.63875568580038e-07,8.87628502477744e-07,4.4735568691696e-07,0.13383142103973,0.171063347843283,0.0279200539153684,"Skin","Other",7,"#ADD8E6"
"794","Skin_4",0.114213488770776,1.88114421077324e-06,9.36469002717627e-07,4.70101320060221e-07,0.260302063219766,0.24343895129477,0.0491099589125802,"Skin","Other",7,"#ADD8E6"
"795","Skin_5",-0.0339380613113169,3.75749885550957e-07,8.2677961448707e-07,2.63903559812446e-07,0.0167378629361865,0.0731100520057832,-0.0433729144131392,"Skin","Other",7,"#ADD8E6"
"796","Skin_6",0.309045744073042,7.79507771630728e-07,7.4595717845013e-07,3.89561373578113e-07,0.156911927961987,0.155001090513096,-0.0154113466353114,"Skin","Other",7,"#ADD8E6"
"797","Skin_7",0.0700638863477671,3.65414937254996e-07,8.01458781716725e-07,2.4317103647635e-07,-0.00337033003653211,0.051319057060477,-0.042238441813302,"Skin","Other",7,"#ADD8E6"
"798","Skin_8",-0.0776091068796319,2.8331692522662e-07,3.52076888896281e-07,2.08642308195903e-07,-0.0146306088020413,-0.0631658814798569,-0.0600549864215394,"Skin","Other",7,"#ADD8E6"
"799","Skin_9",-0.0861520733638498,3.18359159801273e-07,5.83536681693605e-07,2.48852467971161e-07,-0.00577332155217497,-0.00852057156002652,-0.0145610084502327,"Skin","Other",7,"#ADD8E6"
"800","Spleen_0",-0.0874246531588275,2.22958067087717e-07,4.33941832641347e-07,5.86354987522437e-07,-0.0943563549111937,0.0144690868286741,0.00301448757614619,"Spleen","Immune system",4,"#4682B4"
"801","Spleen_1",-0.108148352281831,2.46179757972151e-07,4.44634625564368e-07,1.11381307073565e-06,-0.0485701494691136,0.00292436973948456,0.0675067506789909,"Spleen","Immune system",4,"#4682B4"
"802","Spleen_10",0.131021531434427,6.5824593738452e-07,3.08545508484383e-07,3.7616001292672e-07,0.106317781985791,-0.091230443958518,-0.0461478323229489,"Spleen","Immune system",4,"#4682B4"
"803","Spleen_11",-0.174681538111342,1.3146784006868e-07,3.57846777010763e-07,3.61244520724064e-07,-0.201232810637672,-0.055371655386133,-0.0410501152055281,"Spleen","Immune system",4,"#4682B4"
"804","Spleen_12",-0.0729035001296403,2.48203797921878e-07,5.23488018330704e-07,3.12875399723982e-07,-0.0417151855562056,-0.00752252727337866,0.0232031890298604,"Spleen","Immune system",4,"#4682B4"
"805","Spleen_13",-0.127045402295036,4.29393630700089e-07,7.42858753625167e-07,5.48830227075836e-07,-0.0990921161623832,0.0475427582331871,0.0482913557440388,"Spleen","Immune system",4,"#4682B4"
"806","Spleen_14",-0.0764647360789661,2.68803398970709e-07,3.33737794747129e-07,1.46176549646189e-06,-0.033632764210461,-0.0320521564310664,0.0500517498541868,"Spleen","Immune system",4,"#4682B4"
"807","Spleen_15",-0.100796670895942,2.01957377816375e-07,3.39551900872669e-07,3.2199101684534e-07,-0.0768683955955756,-0.057883562079277,-0.0252447426655968,"Spleen","Immune system",4,"#4682B4"
"808","Spleen_16",-0.0222476972589381,6.44223102501503e-07,5.79346525931466e-07,5.61583919738386e-07,0.0430934654068246,-0.00784156845785591,0.0464068852667663,"Spleen","Immune system",4,"#4682B4"
"809","Spleen_17",0.192539646911955,7.82726957025862e-07,1.61213884771997e-06,7.01155729344649e-06,0.108870057755893,0.210928676308697,0.369983103648899,"Spleen","Immune system",4,"#4682B4"
"810","Spleen_18",0.260298401047461,1.2003399017607e-06,4.08354236489914e-07,5.42224967046382e-07,0.286894002603161,-0.0203167967196561,-0.0373129311424094,"Spleen","Immune system",4,"#4682B4"
"811","Spleen_19",-0.0673193771697349,3.461769394011e-07,6.0473898541215e-07,2.10753700797618e-06,0.00238784239470487,0.0417944338624155,0.219328830496889,"Spleen","Immune system",4,"#4682B4"
"812","Spleen_2",0.0408395021007262,5.35941066641538e-07,7.40594123599033e-07,8.99109701162211e-07,0.0919692463708272,0.0938249136749097,0.137510771586922,"Spleen","Immune system",4,"#4682B4"
"813","Spleen_20",-0.136765523710137,1.05684818261036e-07,3.31432837040561e-07,2.70312230521184e-07,-0.226479857263555,-0.0730087489204931,-0.0680065188106969,"Spleen","Immune system",4,"#4682B4"
"814","Spleen_21",0.0396918777465106,3.57055638716839e-07,7.63859772185476e-07,3.61776965410141e-07,-0.0200670409316633,0.0233996454167759,1.11655068528666e-05,"Spleen","Immune system",4,"#4682B4"
"815","Spleen_22",-0.151761244889204,1.83094976087418e-07,6.42499333990586e-07,7.76019307389773e-07,-0.110848855920076,0.0265680403438217,0.022070504381033,"Spleen","Immune system",4,"#4682B4"
"816","Spleen_23",-0.040256633543104,2.81633474895553e-07,5.58445184060366e-07,8.13876611662833e-07,-0.0131717369056235,0.0458672939858113,0.0663654976173785,"Spleen","Immune system",4,"#4682B4"
"817","Spleen_24",0.0879265004758893,3.05576987217342e-07,4.12761488562976e-07,2.64816277429541e-06,-0.0310369903350245,-0.00845800697243001,0.231154818749591,"Spleen","Immune system",4,"#4682B4"
"818","Spleen_3",0.138510681547607,3.51570518529601e-07,3.85493799455686e-07,2.88135624671174e-06,-0.0542329891920235,-0.0701100760661928,0.272265590091575,"Spleen","Immune system",4,"#4682B4"
"819","Spleen_4",0.151524145941118,7.31834011554267e-07,4.1789075230199e-07,6.96665539375745e-07,0.134140224398051,-0.0239877530173264,-0.00998529180701776,"Spleen","Immune system",4,"#4682B4"
"820","Spleen_5",-0.0809106621049819,2.54454067686272e-07,3.67904188049216e-07,7.19836345753627e-07,-0.0883632049611467,-0.00403678847511396,0.00643351760495857,"Spleen","Immune system",4,"#4682B4"
"821","Spleen_6",-0.0986168394797487,2.00170882300544e-07,3.81742765269639e-07,3.68530638334746e-07,-0.0997801686413513,-0.0230008254840035,-0.0095541629621507,"Spleen","Immune system",4,"#4682B4"
"822","Spleen_7",-0.115341729338392,1.96190880396811e-07,3.58802038617439e-07,5.11679339149761e-07,-0.101329037305056,-0.0399625518431258,-0.00671481078651209,"Spleen","Immune system",4,"#4682B4"
"823","Spleen_8",-0.0806774948770425,2.62484629421533e-07,1.53102477595955e-06,2.50577270195175e-06,-0.0651655529645709,0.230580390145243,0.197958443211258,"Spleen","Immune system",4,"#4682B4"
"824","Spleen_9",-0.0388858008728529,3.94521717482483e-07,5.80507129745106e-07,8.74015151863248e-07,0.0219952890282708,0.0893516633641882,0.0112325330415784,"Spleen","Immune system",4,"#4682B4"
"825","Sublingual_0",0.106672284648193,1.3308932133742e-06,7.14680216263533e-07,4.34397285719091e-07,0.343955152127821,0.0696053474042724,0.0403819525833792,"Sublingual","Digestion system",2,"#87CEEB"
"826","Sublingual_1",0.0204654509104887,8.6587175419478e-07,5.60998670949168e-07,3.4557096923342e-07,0.201196384331482,-0.00757716020192385,0.00949912248912638,"Sublingual","Digestion system",2,"#87CEEB"
"827","Sublingual_10",-0.0173098877124439,6.46690966715701e-07,7.85590043355723e-07,2.88198055091327e-07,0.101898179100716,0.124419933813967,-0.0392512907625033,"Sublingual","Digestion system",2,"#87CEEB"
"828","Sublingual_11",0.0238307428469708,7.21159613879944e-07,3.67279593443704e-07,2.54555564068557e-07,0.183098306377329,-0.0446797923533663,-0.0388259915368729,"Sublingual","Digestion system",2,"#87CEEB"
"829","Sublingual_12",0.0916349916658644,2.33924051376082e-06,9.89000294238967e-07,2.56074249577784e-06,0.401563528922345,0.104180209059932,0.132084916195802,"Sublingual","Digestion system",2,"#87CEEB"
"830","Sublingual_13",-0.0403406732120178,3.65160264804182e-07,3.57667887805238e-07,4.05755713120908e-07,0.0196528112701857,-0.059804910109937,-0.00194841650463485,"Sublingual","Digestion system",2,"#87CEEB"
"831","Sublingual_14",0.0196256200555204,1.25501341718088e-06,5.58914284372951e-07,6.81170568037197e-07,0.193426831959907,0.000732375878751626,0.0424911896271836,"Sublingual","Digestion system",2,"#87CEEB"
"832","Sublingual_15",0.0106049414929611,9.2100545244035e-06,2.79936905938902e-07,2.28908383394562e-07,1.88289751421062,-0.0762152107380539,-0.0614435853654444,"Sublingual","Digestion system",2,"#87CEEB"
"833","Sublingual_16",0.0522880307956906,9.56936743582493e-07,6.5190688438706e-07,4.27872489507663e-07,0.176691462133186,0.0337126389418127,0.0350602205969703,"Sublingual","Digestion system",2,"#87CEEB"
"834","Sublingual_17",-0.0263370449841673,7.09451052719469e-06,3.42497081384735e-07,2.57434816586162e-07,1.64035228444192,-0.0499433811427424,-0.0364728839114584,"Sublingual","Digestion system",2,"#87CEEB"
"835","Sublingual_18",0.088730978530931,7.81287146644865e-07,3.44430322760569e-07,4.41164538958664e-07,0.164295893600392,-0.076617327126109,-0.0361571394428237,"Sublingual","Digestion system",2,"#87CEEB"
"836","Sublingual_19",0.0842061546500402,3.63194786714581e-07,3.80170331295372e-07,1.38183669360567e-06,-0.0676567416152756,-0.0731611954279,0.134055451980776,"Sublingual","Digestion system",2,"#87CEEB"
"837","Sublingual_2",0.0660971288250447,9.82281674238603e-07,8.62156501508451e-07,3.84079342307313e-07,0.237678153192236,0.0884711085725589,0.014752945880688,"Sublingual","Digestion system",2,"#87CEEB"
"838","Sublingual_3",-0.0472428702048572,4.72186994884995e-07,5.51853043021279e-07,2.37038745096538e-07,0.0750919704947494,-0.00589915827486314,-0.0376948064661323,"Sublingual","Digestion system",2,"#87CEEB"
"839","Sublingual_4",0.000525480928835589,2.99367917755563e-06,4.23559251154716e-07,3.0726164664905e-07,0.589224632621048,-0.0386646804789538,-0.0172605119965551,"Sublingual","Digestion system",2,"#87CEEB"
"840","Sublingual_5",0.131675808705596,8.55878011293003e-07,1.02394036720959e-06,2.90612175265912e-07,0.163590655710594,0.107042715420207,-0.0383400228793062,"Sublingual","Digestion system",2,"#87CEEB"
"841","Sublingual_6",-0.0977481125292215,3.21310488674539e-07,5.91305474926449e-07,6.50722642189336e-07,0.02193038816709,0.0181855766532888,0.0078736227200091,"Sublingual","Digestion system",2,"#87CEEB"
"842","Sublingual_7",0.0249229174510741,7.11281671771382e-07,4.43762959141529e-07,3.31013681340283e-07,0.152761682521191,-0.0413416661003312,-0.00401854788355979,"Sublingual","Digestion system",2,"#87CEEB"
"843","Sublingual_8",-0.0628871231426177,4.4139815205368e-07,5.30338039015298e-07,2.35110042191266e-07,0.0491937371486914,-0.0121066453476378,-0.0295082493289303,"Sublingual","Digestion system",2,"#87CEEB"
"844","Sublingual_9",0.0273470933076702,9.65345176665974e-07,8.94244859670391e-07,3.11669317294639e-07,0.205211340417679,0.116545951392153,-0.0253511084772746,"Sublingual","Digestion system",2,"#87CEEB"
"845","Testis_0",-0.0912626134975036,3.26237840975382e-07,2.97660829787627e-07,3.13500184330537e-07,-0.00259506553028089,-0.0883660951464219,-0.055662134975879,"Testis","Reproductive system",8,"#FF007F"
"846","Testis_1",-0.245897658140327,2.62276582513999e-07,2.2217473172775e-07,1.69153776116209e-07,-0.111489980110005,-0.108857296834727,-0.134568866959155,"Testis","Reproductive system",8,"#FF007F"
"847","Testis_10",-0.905152767596173,1.25173893166874e-08,1.20695440604297e-08,9.03035247941789e-09,0.00916472595755309,-0.563752641462448,-0.568756191638515,"Testis","Reproductive system",8,"#FF007F"
"848","Testis_11",-0.16037044333596,2.13520797158164e-07,3.62763307530849e-07,1.50672408947581e-07,-0.0572928508278169,-0.0109429816338221,-0.107892600968529,"Testis","Reproductive system",8,"#FF007F"
"849","Testis_12",-0.34525584798392,1.62031207514206e-07,1.02354329374391e-07,5.14431823920359e-08,-0.154885575370867,-0.0588114357649408,-0.306464477157999,"Testis","Reproductive system",8,"#FF007F"
"850","Testis_13",-0.171365640370787,1.07096507191041e-07,3.13505781921044e-07,7.95506177888602e-08,-0.0919738865756665,-0.0368915916973359,-0.122082215796461,"Testis","Reproductive system",8,"#FF007F"
"851","Testis_14",-0.075389439373784,3.81842026214384e-07,3.1546604883861e-07,5.21879062757052e-07,0.0595855568675058,-0.0762384248586378,0.014747156837994,"Testis","Reproductive system",8,"#FF007F"
"852","Testis_15",-0.0437286157083003,3.12548721559758e-07,7.24535247080412e-07,2.65573645084027e-07,0.000604130861937926,0.0537891518836511,-0.0423557120607286,"Testis","Reproductive system",8,"#FF007F"
"853","Testis_16",-0.408494460187875,6.78372688333685e-08,1.89305238208392e-07,1.96265242637325e-07,-0.185423837495882,-0.245941123713237,-0.170644434558625,"Testis","Reproductive system",8,"#FF007F"
"854","Testis_17",0.00169815351975307,5.19628259118755e-07,2.8064176330262e-07,2.94815719576933e-07,0.118753975163234,-0.0551494666140165,-0.0708079709672308,"Testis","Reproductive system",8,"#FF007F"
"855","Testis_18",-0.0159899333384123,9.31955772111262e-07,5.42536024167874e-07,1.8301352524756e-06,0.123977645798542,0.000318723795222723,0.170240862514542,"Testis","Reproductive system",8,"#FF007F"
"856","Testis_19",-0.101779995688088,3.70467684426903e-07,2.59023180111537e-07,1.99854993430478e-07,-0.0149112648862723,-0.105393285573312,-0.0642029597941878,"Testis","Reproductive system",8,"#FF007F"
"857","Testis_2",0.0929797765386854,6.17133537501274e-07,3.91224224351685e-07,2.31870800290741e-07,0.148563378359495,-0.0301828546670867,-0.059710301812316,"Testis","Reproductive system",8,"#FF007F"
"858","Testis_20",-0.442387053211452,1.17944339669874e-07,1.70859476780949e-07,8.04196928272528e-08,-0.171119022660353,-0.166402893196202,-0.251813048958679,"Testis","Reproductive system",8,"#FF007F"
"859","Testis_21",0.102912477598235,8.6055320990308e-07,5.4205454121862e-07,3.12769510165953e-07,0.169993497798167,0.118180504006449,-0.0221234495517367,"Testis","Reproductive system",8,"#FF007F"
"860","Testis_3",0.0140318138118914,2.95885585204252e-07,5.49830495967472e-07,2.48831633233333e-07,0.0303889331437938,-0.0136194283142027,-0.0624375310873446,"Testis","Reproductive system",8,"#FF007F"
"861","Testis_4",0.0158975084035536,3.40270991360045e-07,5.7177527090541e-07,2.98026041464067e-07,0.0521229588455817,0.020998341300346,-0.0347299030527708,"Testis","Reproductive system",8,"#FF007F"
"862","Testis_5",-0.369692383673957,2.10639175341728e-07,1.4790877460807e-07,9.10891238027112e-08,0.0494352064999998,-0.295405881723901,-0.261043539330406,"Testis","Reproductive system",8,"#FF007F"
"863","Testis_6",-0.550097147399059,9.44939248132847e-08,8.24035072295473e-08,1.14888664906477e-07,-0.310120574308117,-0.36524969890029,-0.163821874671671,"Testis","Reproductive system",8,"#FF007F"
"864","Testis_7",-0.0383228896636171,3.81338739920084e-07,2.87330102268267e-07,2.58307386603176e-07,0.0805952084074163,-0.0979040769943098,-0.0437012728949491,"Testis","Reproductive system",8,"#FF007F"
"865","Testis_8",-0.0916462462934708,2.66596024768527e-07,3.32317933447894e-07,3.13761763024263e-07,-0.0461864252022628,-0.0744643630883391,-0.0457285023266536,"Testis","Reproductive system",8,"#FF007F"
"866","Testis_9",0.100421354910172,6.15957173848627e-07,3.04305347859649e-07,3.79918129208691e-07,0.142569000093513,-0.080204287161818,-0.0618531663979308,"Testis","Reproductive system",8,"#FF007F"
"867","Thymus_0",-0.108153781404919,1.81730907320856e-07,3.37830302354723e-07,1.21639471066571e-06,-0.0951867113086813,-0.0550098397729692,0.0435927427277666,"Thymus","Immune system",4,"#4682B4"
"868","Thymus_1",-0.105777284254364,1.42532206581987e-07,3.1435204811926e-07,3.30535206367324e-07,-0.15019156045336,-0.0649028332505111,-0.0139446752706067,"Thymus","Immune system",4,"#4682B4"
"869","Thymus_10",-0.11768666891779,1.64394894964691e-07,3.4513052899072e-07,4.05668306355165e-07,-0.11629694998592,-0.0408907131758749,-0.0206250118274625,"Thymus","Immune system",4,"#4682B4"
"870","Thymus_11",-0.0978995113854127,2.24194234425925e-07,5.52061759817592e-07,2.41344175873291e-07,-0.0664161046753025,0.00243608613562684,-0.0301356091157224,"Thymus","Immune system",4,"#4682B4"
"871","Thymus_12",-0.0724661110275031,2.10724395169912e-07,3.07495524088345e-07,3.11395966086863e-07,-0.0520252211015792,-0.0773482599803365,-0.0246877549193864,"Thymus","Immune system",4,"#4682B4"
"872","Thymus_13",-0.0922516014049119,1.43601558217651e-07,3.73637072644372e-07,3.08862635538974e-07,-0.182722238836242,-0.0609664446799098,-0.0306265204646461,"Thymus","Immune system",4,"#4682B4"
"873","Thymus_14",0.164883997904369,4.00778387424226e-07,4.15943290613874e-07,2.97497529803777e-06,-0.0462691243193167,-0.0739379613281437,0.289036507337592,"Thymus","Immune system",4,"#4682B4"
"874","Thymus_15",0.20946215187795,5.2229288035655e-07,5.17122875284614e-07,7.8383249141433e-07,0.0746951746245136,-0.0432096138279608,0.16029685955956,"Thymus","Immune system",4,"#4682B4"
"875","Thymus_16",0.0547438806080356,3.98127614101953e-07,4.09296886265092e-07,9.64666674951164e-07,0.0316251731657011,-0.00858388283196184,0.0131145010448078,"Thymus","Immune system",4,"#4682B4"
"876","Thymus_17",0.242042705479091,6.66193442373565e-07,1.5728484089565e-06,8.46972775119818e-06,0.0767944063638468,0.21099878182168,0.453862952388494,"Thymus","Immune system",4,"#4682B4"
"877","Thymus_18",-0.0539326685361315,1.77118055565648e-07,3.51787075618883e-07,3.19536844281176e-07,-0.0999639968168402,-0.0416409730554087,-0.0175354016030553,"Thymus","Immune system",4,"#4682B4"
"878","Thymus_19",0.0368630560417925,4.63569822411717e-07,3.1306593061372e-07,3.27527899716774e-07,0.0355091503507867,-0.0864805799108386,-0.043587825911644,"Thymus","Immune system",4,"#4682B4"
"879","Thymus_2",-0.0905887180938638,1.699652702695e-07,3.21978491711861e-07,3.88672917552442e-07,-0.11861246259378,-0.0563020935629436,0.00438257194140811,"Thymus","Immune system",4,"#4682B4"
"880","Thymus_20",-0.160585262537915,1.20404871609227e-07,7.67215719661036e-07,1.19598032588068e-06,-0.209245049145072,0.0165296105125313,0.115333869041436,"Thymus","Immune system",4,"#4682B4"
"881","Thymus_21",-0.138789042666558,2.49490628161527e-07,5.63517559007622e-07,5.3758018527971e-07,-0.0868449805946087,0.0334947700845798,-0.0322843767483426,"Thymus","Immune system",4,"#4682B4"
"882","Thymus_3",-0.11016413066994,1.36312936076149e-07,3.57383193559395e-07,3.68345912242884e-07,-0.162398693691524,-0.0450321444438133,-0.00756308507515858,"Thymus","Immune system",4,"#4682B4"
"883","Thymus_4",-0.103485668608546,2.12229158377342e-07,3.62611866444047e-07,1.19050483893771e-06,-0.0600724076905019,-0.0361452167919886,0.0677899555642016,"Thymus","Immune system",4,"#4682B4"
"884","Thymus_5",-0.0928924529549847,1.56462566242651e-07,3.35587016265269e-07,3.80227605866957e-07,-0.120894753088075,-0.0482828505238057,-0.00276831088518134,"Thymus","Immune system",4,"#4682B4"
"885","Thymus_6",-0.0660498237535693,1.88248029897911e-07,3.5057881029384e-07,3.9339142521026e-07,-0.0980345280694264,-0.0514830305624754,0.00531027427827288,"Thymus","Immune system",4,"#4682B4"
"886","Thymus_7",0.00768795209737001,3.32599056915243e-07,4.71765954177755e-07,7.91633759033134e-07,0.0397758208578918,-0.0435320313435661,0.143566972579238,"Thymus","Immune system",4,"#4682B4"
"887","Thymus_8",-0.116199274958178,1.82977051728743e-07,3.34385502138396e-07,3.46742005332391e-07,-0.115583294170153,-0.0534031236761119,-0.0211499416050969,"Thymus","Immune system",4,"#4682B4"
"888","Thymus_9",-0.105739362125145,1.83693331096062e-07,3.96536303138383e-07,1.14952131714565e-06,-0.0917159290829831,-0.022194759907942,0.0420435447624443,"Thymus","Immune system",4,"#4682B4"
"889","Thyroid_0",-0.024248075438068,4.55616905845518e-07,4.52726503708117e-07,2.24987260539528e-07,0.0461464199646635,-0.0192011121649595,-0.0488960780262298,"Thyroid","Endocrine system",3,"#FFEA89"
"890","Thyroid_1",0.0296996325443672,4.3315280471753e-07,1.23010946044228e-06,3.90384424902382e-07,0.0572387204553922,0.14022755487878,0.0155210939962703,"Thyroid","Endocrine system",3,"#FFEA89"
"891","Thyroid_10",0.214199222996811,1.15219292401549e-06,1.66973528075121e-06,3.34549374253666e-07,0.21850936989264,0.219342987254607,-0.0100144907799111,"Thyroid","Endocrine system",3,"#FFEA89"
"892","Thyroid_11",0.169469185516372,4.47521442350865e-05,7.04293344083716e-07,2.52204111980632e-06,0.405750308052888,0.229169694712393,0.24553883767519,"Thyroid","Endocrine system",3,"#FFEA89"
"893","Thyroid_12",-0.0186904630269739,4.05651648825131e-07,6.47065263327998e-07,2.64926382833637e-07,0.0466991609251593,0.0274940766876562,-0.0155655519097841,"Thyroid","Endocrine system",3,"#FFEA89"
"894","Thyroid_13",0.112225419196902,5.55697179590447e-07,3.90944933021007e-07,3.59917268032636e-06,-0.0670561238250786,-0.0639103628078085,0.26584623136929,"Thyroid","Endocrine system",3,"#FFEA89"
"895","Thyroid_14",-0.0566189467583174,5.17135101903661e-07,4.66193874200258e-07,2.65093546873722e-07,0.0500479002953123,-0.0221458510845752,-0.00458897365448247,"Thyroid","Endocrine system",3,"#FFEA89"
"896","Thyroid_15",-0.0588193268987331,2.96577352150371e-07,3.43567361848847e-07,4.86839960235612e-07,-0.0764853885084806,-0.0721182477845842,0.0169655356776182,"Thyroid","Endocrine system",3,"#FFEA89"
"897","Thyroid_16",-0.118014370298271,3.23036092884962e-07,7.33506902715037e-07,4.85364257835047e-07,-0.0400758339141783,0.0458595714227019,0.000152016276405297,"Thyroid","Endocrine system",3,"#FFEA89"
"898","Thyroid_17",0.0243291811501257,1.020101905204e-06,6.98187799143217e-07,2.01007272335885e-06,0.0671012850839844,0.0371445590688971,0.224559080910616,"Thyroid","Endocrine system",3,"#FFEA89"
"899","Thyroid_18",-0.056530572346,2.72761481751512e-07,5.4108744242905e-07,4.52677154216468e-07,-0.0698719006126724,0.00756719854899885,0.0240059090883964,"Thyroid","Endocrine system",3,"#FFEA89"
"900","Thyroid_19",0.0444297242028005,3.18887382980643e-07,4.47570592006102e-07,3.49239391814696e-07,-0.0416390021012039,0.0246997816262676,0.0174855149840976,"Thyroid","Endocrine system",3,"#FFEA89"
"901","Thyroid_2",0.161308672935432,4.09874346713895e-06,6.29932303985026e-07,6.07015498233778e-07,0.190143913738682,0.0641020587139161,0.0717959616994551,"Thyroid","Endocrine system",3,"#FFEA89"
"902","Thyroid_20",0.204399987274572,7.11151499160031e-07,7.14175863278456e-07,3.24679749311648e-07,0.14833285773546,0.043443166772102,-0.0113716614766644,"Thyroid","Endocrine system",3,"#FFEA89"
"903","Thyroid_3",0.070012768842727,6.19022914481e-07,1.3224350409184e-06,3.59677883734352e-07,0.0998836545794537,0.151243984422948,-0.00175869768190849,"Thyroid","Endocrine system",3,"#FFEA89"
"904","Thyroid_4",-0.00541343495136011,6.80243642912434e-07,8.43160440683168e-07,2.98021514121414e-07,0.111659895322313,0.0719912126750512,0.00813442780985832,"Thyroid","Endocrine system",3,"#FFEA89"
"905","Thyroid_5",0.118007804491287,4.63953705138548e-06,5.25180874370251e-07,6.40555091815192e-07,0.125147935725569,0.024087149164087,0.0631489199455291,"Thyroid","Endocrine system",3,"#FFEA89"
"906","Thyroid_6",0.0293455394159664,6.09346536661604e-07,5.71925115912596e-07,3.02215793804877e-07,0.127139462448629,0.0174326825801824,-0.0119971568445026,"Thyroid","Endocrine system",3,"#FFEA89"
"907","Thyroid_7",-0.0472407347891184,4.83442754903419e-07,8.08708124804223e-07,2.07265649872413e-07,0.0253155511568564,0.080038646004207,-0.0515295050344945,"Thyroid","Endocrine system",3,"#FFEA89"
"908","Thyroid_8",-0.0369604182534673,5.23639915764016e-07,6.291377093622e-07,2.27227553714399e-07,0.0519070549502383,0.0293184855239939,-0.0383993616353596,"Thyroid","Endocrine system",3,"#FFEA89"
"909","Thyroid_9",-0.00137559443732376,4.22226841004058e-07,5.27847372808159e-07,2.60057617137374e-07,0.00650375863020743,0.00933520188134924,-0.0517306764140069,"Thyroid","Endocrine system",3,"#FFEA89"
"910","Tongue_0",-0.153065409967264,1.45426155447296e-07,5.20185449783332e-07,1.80803408517786e-07,-0.126167790484731,-0.0175321725591612,-0.0648118994190166,"Tongue","Digestion system",2,"#87CEEB"
"911","Tongue_1",-0.127361332236613,2.01594464208499e-07,6.54837495123925e-07,2.20881147636739e-07,-0.0656726682093328,0.0159807975263044,-0.0257211828633606,"Tongue","Digestion system",2,"#87CEEB"
"912","Tongue_10",-0.126707786242488,1.02134516688273e-07,3.73734286056951e-07,2.0160117670171e-07,-0.223114719917945,-0.0909973250736551,-0.0912624112344645,"Tongue","Digestion system",2,"#87CEEB"
"913","Tongue_11",-0.0590686961397372,2.73174000940502e-07,1.11146227041357e-06,3.48546829762744e-07,-0.0197433903768752,0.0849125258073423,0.0101683204045714,"Tongue","Digestion system",2,"#87CEEB"
"914","Tongue_12",-0.0491956981803701,1.42878136079685e-07,3.28547399996722e-07,2.20150242389072e-07,-0.166892020211562,-0.0915212774004481,-0.0777391433182881,"Tongue","Digestion system",2,"#87CEEB"
"915","Tongue_13",-0.114171517256887,1.56785715258243e-07,3.97791230362459e-07,3.23786167165617e-07,-0.142214857467572,-0.0375615403445982,-0.0239920713091864,"Tongue","Digestion system",2,"#87CEEB"
"916","Tongue_14",-0.0684454733443736,2.20228994969466e-07,7.8363994825753e-07,2.23190560021224e-07,-0.0404187251266872,0.0580577176480928,-0.0441221769555869,"Tongue","Digestion system",2,"#87CEEB"
"917","Tongue_15",-0.141755832343859,2.21237741772444e-07,9.08414320585312e-07,5.16210090878394e-07,-0.0700631948377068,0.091787782991192,-0.00248685991249728,"Tongue","Digestion system",2,"#87CEEB"
"918","Tongue_2",-0.0971232362610055,2.12916838824068e-07,3.69298586967532e-07,2.12005427747931e-07,-0.038056566955739,-0.0510901340513049,-0.042783037431214,"Tongue","Digestion system",2,"#87CEEB"
"919","Tongue_3",-0.097501748209893,2.0619230763471e-07,6.00939258867269e-07,1.87982670602208e-07,-0.0600690695078416,0.0129063075476097,-0.0614908515157487,"Tongue","Digestion system",2,"#87CEEB"
"920","Tongue_4",-0.130521156623508,1.87307206238949e-07,5.10080843859809e-07,2.16465227592666e-07,-0.0801449057666055,-0.022019339692312,-0.0440759446157274,"Tongue","Digestion system",2,"#87CEEB"
"921","Tongue_5",-0.0953688782211161,2.98347189377698e-07,6.38173211426383e-07,2.44091878921458e-07,0.00267147339002476,0.00703132972232788,-0.00688656714449032,"Tongue","Digestion system",2,"#87CEEB"
"922","Tongue_6",-0.0274535375896635,2.90015710041196e-07,7.43492698921091e-07,2.42638763564227e-07,-0.0237115881932975,0.0478443383053273,-0.0541958342615985,"Tongue","Digestion system",2,"#87CEEB"
"923","Tongue_7",-0.16098602640843,1.44334323204554e-07,5.94385673986606e-07,1.90572103471501e-07,-0.135824747590642,-0.00165479249408025,-0.0295523775310416,"Tongue","Digestion system",2,"#87CEEB"
"924","Tongue_8",-0.0455140035732738,2.2147201996154e-07,9.19190148518385e-07,2.43946631253837e-07,-0.0634655979933589,0.0600761952273135,-0.0458952103155853,"Tongue","Digestion system",2,"#87CEEB"
"925","Tongue_9",0.158421116327242,8.65944630097347e-07,5.67793345065099e-07,6.32597486352163e-07,0.148614488258737,0.0114391194214411,0.0243000549193785,"Tongue","Digestion system",2,"#87CEEB"
"926","Trachea_0",-0.0574611113634196,3.34669587983725e-07,3.31016499801537e-07,2.49340828815374e-07,-0.0144947379381886,-0.0933098629725071,-0.0358541204280007,"Trachea","Respiratory system",9,"#8B0000"
"927","Trachea_1",0.616503850160309,3.02424969438042e-06,6.55769434754141e-07,1.68166568895187e-06,0.378913975125794,0.110185068071416,0.302256227792465,"Trachea","Respiratory system",9,"#8B0000"
"928","Trachea_10",0.385430339197334,2.35200642125342e-06,5.06692765174453e-07,5.14302924806382e-07,0.350894114162482,0.0490400622365743,0.0550677723558585,"Trachea","Respiratory system",9,"#8B0000"
"929","Trachea_11",0.527659114028409,5.41785698778354e-06,5.66324342888826e-07,1.11991117648167e-06,0.455104229609064,0.127775194397154,0.199413460697053,"Trachea","Respiratory system",9,"#8B0000"
"930","Trachea_12",0.0598106671172983,7.9290769045857e-07,2.91270750751427e-07,2.47648108922326e-07,0.0285324526775842,-0.123212800633174,-0.0621539235584812,"Trachea","Respiratory system",9,"#8B0000"
"931","Trachea_13",-0.241796176949677,1.07814163479542e-06,1.36447182109966e-07,2.18930159102802e-07,-0.283581081594767,-0.233023503702771,-0.117173503287923,"Trachea","Respiratory system",9,"#8B0000"
"932","Trachea_14",0.166269646991655,2.15274291634805e-06,5.70319313981357e-07,2.18831958223867e-06,0.213073191078198,-0.00259273712423715,0.230851607099164,"Trachea","Respiratory system",9,"#8B0000"
"933","Trachea_2",0.302985736762926,1.92318210101832e-06,4.76893153744873e-07,5.08041735902986e-07,0.24027448118691,-0.0101241836113991,0.0437236892441825,"Trachea","Respiratory system",9,"#8B0000"
"934","Trachea_3",-0.0189569042191209,3.65654599330672e-07,4.26139865088268e-07,2.96241283125133e-07,0.016857434294601,-0.0599042071008535,-0.027909955127965,"Trachea","Respiratory system",9,"#8B0000"
"935","Trachea_4",0.0867538884302756,5.25016272106421e-07,5.39838711673795e-07,4.72902095878493e-07,0.122638212111495,-0.0215006377322302,0.0664129066380022,"Trachea","Respiratory system",9,"#8B0000"
"936","Trachea_5",0.11303915778739,3.90213874994253e-07,4.11207407480163e-07,2.88757625861667e-07,-0.00597832894400324,-0.0658188462223545,-0.0171657567327308,"Trachea","Respiratory system",9,"#8B0000"
"937","Trachea_6",0.265906297795944,1.35796708541906e-05,4.37862190441306e-07,3.90429848971953e-07,1.48069276028543,-0.0261307448724321,0.0241121691731789,"Trachea","Respiratory system",9,"#8B0000"
"938","Trachea_7",-0.0151208427327235,3.43664587746072e-07,3.56824568105276e-07,3.00512248682751e-07,-0.0402694991009712,-0.0618734949365549,-0.0421949048582181,"Trachea","Respiratory system",9,"#8B0000"
"939","Trachea_8",-0.0759542246912654,3.35932136429626e-07,3.20294979015389e-07,2.48090759893102e-07,-0.010514220575449,-0.0936860212638094,-0.0432833821597645,"Trachea","Respiratory system",9,"#8B0000"
"940","Trachea_9",0.0963581408750472,5.80451840824e-07,3.19735253855502e-07,3.15000897936171e-07,0.0338011972658012,-0.0888619039991043,-0.0595602551877178,"Trachea","Respiratory system",9,"#8B0000"
"941","Uterine_0",-0.122165224848674,1.63052919900044e-07,4.55873179080365e-07,1.80609520709829e-07,-0.104101851518093,-0.0294480250253604,-0.0497444504479224,"Uterine","Reproductive system",8,"#FF007F"
"942","Uterine_1",-0.0904862725989123,2.64260039801239e-07,4.66173321142285e-07,2.37564814217977e-07,-0.0103978344940857,-0.0342854321578197,-0.0152718376473776,"Uterine","Reproductive system",8,"#FF007F"
"943","Uterine_10",0.152487472733188,4.0429616472841e-07,3.70287705517767e-07,3.08871208579144e-06,-0.0743220489675364,-0.0794748691243205,0.238013198662418,"Uterine","Reproductive system",8,"#FF007F"
"944","Uterine_11",0.202653304430503,9.48188718923639e-07,8.29315413820712e-07,3.51457251840811e-07,0.227052430466855,0.0772895679491206,-0.0177504232767712,"Uterine","Reproductive system",8,"#FF007F"
"945","Uterine_12",0.00633912979763694,3.40257495474097e-07,3.66488797260272e-07,6.54787997993173e-07,0.0219382746011321,-0.0303781641061701,0.060092304760738,"Uterine","Reproductive system",8,"#FF007F"
"946","Uterine_13",-0.0894423684183024,2.15622080838098e-07,4.74299521311485e-07,2.0260296794011e-07,-0.0479525424254701,-0.0336711573525386,-0.0495389325000676,"Uterine","Reproductive system",8,"#FF007F"
"947","Uterine_14",0.0224625838321,2.50733854264037e-07,3.92674370506044e-07,4.20733948046135e-07,-0.0517652400716445,-0.0275022740546344,0.00700569791279053,"Uterine","Reproductive system",8,"#FF007F"
"948","Uterine_15",0.0257976355631946,2.85126722669334e-07,3.58841642132984e-07,1.23794101458696e-06,-0.0128233148316307,-0.0589618351940725,0.0547260846123788,"Uterine","Reproductive system",8,"#FF007F"
"949","Uterine_16",-0.0183906761556289,5.25943047836172e-07,1.32245926625891e-06,5.24703202165925e-06,0.079768000863915,0.16837530317738,0.354303081520121,"Uterine","Reproductive system",8,"#FF007F"
"950","Uterine_17",0.0375191445116528,7.68632420959645e-07,1.17711486521846e-06,2.22551505328774e-06,0.053328312153015,0.11506884546271,0.264622343508593,"Uterine","Reproductive system",8,"#FF007F"
"951","Uterine_18",0.27433270072154,1.17401632252904e-06,4.53016963781034e-07,4.34129710871243e-07,0.178399063293607,-0.02250529520122,-0.023462413256208,"Uterine","Reproductive system",8,"#FF007F"
"952","Uterine_19",-0.0251092628179675,2.6583983161455e-07,4.02316704653751e-07,2.63813101120899e-07,-0.0252750609399364,-0.0173667131556122,-0.0154801468924313,"Uterine","Reproductive system",8,"#FF007F"
"953","Uterine_2",0.144139815837428,6.69979355727674e-07,6.52532831086982e-07,2.55686724153407e-07,0.118141038621482,0.0231667407409475,-0.042790494535105,"Uterine","Reproductive system",8,"#FF007F"
"954","Uterine_20",0.0292678343945749,4.13098867574361e-07,3.86118226717761e-07,4.75127538610263e-07,0.0528658191017155,-0.0141342870284529,-0.0179720028143224,"Uterine","Reproductive system",8,"#FF007F"
"955","Uterine_21",0.0821347439762088,4.27641374929742e-07,5.41821045252557e-07,2.12304059771427e-07,0.122815788828871,0.0123880396805165,-0.0248576306324119,"Uterine","Reproductive system",8,"#FF007F"
"956","Uterine_22",0.11816052165881,6.07045198494802e-07,4.7661846180825e-07,7.80065333646187e-07,0.0702995392279318,-0.0431377669249347,0.0897106615383079,"Uterine","Reproductive system",8,"#FF007F"
"957","Uterine_23",0.121968625395371,6.52422944694897e-07,3.95547625718611e-07,2.77272704910129e-07,0.0942014085373398,-0.0492188518685958,-0.0433579127452764,"Uterine","Reproductive system",8,"#FF007F"
"958","Uterine_24",-0.0445523931780236,2.2474122552874e-07,4.51211573902381e-07,4.00629944254645e-07,-0.0411223735477438,-0.0221148128428186,0.00855292294552981,"Uterine","Reproductive system",8,"#FF007F"
"959","Uterine_25",0.0575460286670768,4.76541717749409e-07,3.87082746499323e-07,4.87606510222843e-07,0.038450206855853,-0.0612135279336027,-0.0292303497507585,"Uterine","Reproductive system",8,"#FF007F"
"960","Uterine_26",-0.10367509426074,5.03523251374309e-07,3.00999285931457e-07,2.26415981026574e-07,-0.113053783924141,-0.0611089069773702,-0.151578889387606,"Uterine","Reproductive system",8,"#FF007F"
"961","Uterine_27",0.176966583980638,6.10124798551605e-07,2.76282318957562e-06,2.3406578763705e-07,0.0869446455920534,0.272230972513811,-0.0403812490554205,"Uterine","Reproductive system",8,"#FF007F"
"962","Uterine_28",-0.00172421018269706,4.25930137621243e-07,4.42582023334864e-07,1.1559999943205e-06,0.0281627882109081,-0.00626915314642287,0.0861898443117886,"Uterine","Reproductive system",8,"#FF007F"
"963","Uterine_29",0.0549768168101128,2.73905022515737e-07,1.23161344780937e-06,2.42149279219249e-07,-0.0386191482733072,0.116927119512917,-0.0416620782077274,"Uterine","Reproductive system",8,"#FF007F"
"964","Uterine_3",-0.118645086813398,1.90774690236977e-07,4.2837315138873e-07,1.68704845545475e-07,-0.0759223370642791,-0.0481233187181748,-0.0371594689401739,"Uterine","Reproductive system",8,"#FF007F"
"965","Uterine_30",-0.104401194046627,2.12118210737003e-07,5.94060902319106e-07,4.15951554565823e-07,-0.0422058194845351,0.00452368143182134,0.0157776693662284,"Uterine","Reproductive system",8,"#FF007F"
"966","Uterine_4",-0.0242287148481071,2.43767945107618e-07,3.48590987546718e-07,4.62805633623943e-07,-0.0702819832827738,-0.0601065685165274,0.0170434825641002,"Uterine","Reproductive system",8,"#FF007F"
"967","Uterine_5",0.115041299430166,4.80546096559637e-07,7.62810323514897e-07,2.78910320312827e-07,0.0967558345678031,0.0846296079257673,-0.0286500014602943,"Uterine","Reproductive system",8,"#FF007F"
"968","Uterine_6",0.0368745139235292,2.91710941360483e-07,5.87202480536974e-07,2.5106012947419e-07,-0.0925482898165743,0.0227721065877804,-0.0627867074895762,"Uterine","Reproductive system",8,"#FF007F"
"969","Uterine_7",-0.0937645283774531,3.23994314336827e-07,5.88720440540919e-07,5.65779697963761e-07,-0.0181096823369719,0.010534637416056,0.0149359079298855,"Uterine","Reproductive system",8,"#FF007F"
"970","Uterine_8",0.000549068126976501,3.99108067787249e-07,3.62675415795202e-07,2.5543103386179e-07,0.0267592725646622,-0.0729019478618032,-0.0351883890160633,"Uterine","Reproductive system",8,"#FF007F"
"971","Uterine_9",-0.0379096612138232,3.07276204828096e-07,2.78653357522982e-07,8.46559631307149e-07,-0.0095295924221992,-0.0977553086794132,0.00996094676396952,"Uterine","Reproductive system",8,"#FF007F"
"972","Uterus_0",0.0852377082733038,5.48032141649829e-07,8.01503864282024e-07,2.87725128068006e-07,0.0591863994782369,0.046318086218707,-0.0424748023673335,"Uterus","Reproductive system",8,"#FF007F"
"973","Uterus_1",-0.0202456256414676,5.12641374514578e-07,4.1734218988248e-07,2.37291265921798e-07,0.104176826389004,-0.0560903745596621,-0.0148704027791056,"Uterus","Reproductive system",8,"#FF007F"
"974","Uterus_10",-0.038674016505914,4.00868345266149e-07,4.16141302727707e-07,2.37723457920377e-07,0.0715838489400752,-0.0503556690382235,-0.0242523090430715,"Uterus","Reproductive system",8,"#FF007F"
"975","Uterus_11",0.0142850086413444,5.30427080114401e-07,1.20802970986061e-06,2.32899387809859e-06,0.0360161140551915,0.124945017128099,0.2482733731026,"Uterus","Reproductive system",8,"#FF007F"
"976","Uterus_12",0.182115459941544,9.86222060999975e-07,7.99128214865782e-07,3.96457457088818e-07,0.173037367113765,0.108065604883482,-0.0338472374191494,"Uterus","Reproductive system",8,"#FF007F"
"977","Uterus_13",-0.0802370295645295,3.46250101772641e-07,5.46622628960459e-07,4.21882443789563e-07,-0.00129526477934159,-0.00932980541421543,-0.00522067437334958,"Uterus","Reproductive system",8,"#FF007F"
"978","Uterus_14",-0.0668010649006597,2.09847080755953e-07,4.5186847303216e-07,2.64799457988463e-07,-0.0957556967012186,0.00353161130794644,-0.0357684839305927,"Uterus","Reproductive system",8,"#FF007F"
"979","Uterus_15",0.00880066227137795,4.26139490686304e-07,4.07867943487379e-07,3.56001624999171e-07,-0.0209783189239197,-0.0437871386689206,-0.0414835870228666,"Uterus","Reproductive system",8,"#FF007F"
"980","Uterus_16",0.145266309181322,3.61356172328802e-07,3.31788560966797e-07,2.52966402607113e-06,-0.087545305961259,-0.0965828691061398,0.24130098892651,"Uterus","Reproductive system",8,"#FF007F"
"981","Uterus_17",-0.0372266288963766,4.77739611964289e-07,3.6525404710185e-07,2.75771438213186e-07,-0.0522931610274186,-0.0353613465922875,-0.107832692243836,"Uterus","Reproductive system",8,"#FF007F"
"982","Uterus_2",0.142507509570485,5.76603987658547e-07,8.6206919981413e-07,3.07498567927164e-07,0.126126584107282,0.0961149710623571,-0.0128535883827303,"Uterus","Reproductive system",8,"#FF007F"
"983","Uterus_3",-0.00716888726440746,5.12749128078841e-07,4.21602169812786e-07,2.41502877966283e-07,0.131121384575936,-0.0503664635234955,-0.00594473177577878,"Uterus","Reproductive system",8,"#FF007F"
"984","Uterus_4",-0.0878298001916524,3.0140742109732e-07,3.78379290108288e-07,1.97726951512972e-07,-0.0348614568042983,-0.0608506003086721,-0.0478990769528061,"Uterus","Reproductive system",8,"#FF007F"
"985","Uterus_5",0.0622010405054335,4.63348957643752e-07,7.02876107010385e-07,3.32862232152034e-07,-0.0084487575381845,0.0476451223685965,-0.0471208907083345,"Uterus","Reproductive system",8,"#FF007F"
"986","Uterus_6",0.0706005940807914,4.2820149097197e-07,8.67061378657977e-07,2.20612313744308e-07,0.0122685282909497,0.0521812235821557,-0.0670418601196779,"Uterus","Reproductive system",8,"#FF007F"
"987","Uterus_7",0.12979149068859,6.82073505903454e-07,9.43477548665888e-07,2.98068144222907e-07,0.120936680138718,0.0759936979987402,-0.0325991388464574,"Uterus","Reproductive system",8,"#FF007F"
"988","Uterus_8",0.0481095156180183,4.71220790020583e-07,5.99545589972149e-07,2.85418024282074e-07,0.0961081149334387,0.0552636911520701,-0.0295872106464315,"Uterus","Reproductive system",8,"#FF007F"
"989","Uterus_9",-0.0327931891935853,2.77694017548521e-07,3.49434492699352e-07,4.35059949165199e-07,-0.042625068551639,-0.0571948059264334,-0.0108122497943035,"Uterus","Reproductive system",8,"#FF007F"
"990","Vagina_0",0.0114794513013757,5.27784076929474e-07,6.44517009752827e-07,2.46005606907677e-07,0.108079343167968,0.0234541205190146,-0.0603574594473496,"Vagina","Reproductive system",8,"#FF007F"
"991","Vagina_1",0.0720400582471468,3.56687558964089e-06,1.28844567612951e-06,7.29541386460226e-07,0.517731770538661,0.285360360065962,0.130885083294458,"Vagina","Reproductive system",8,"#FF007F"
"992","Vagina_10",-0.0346994508639257,2.87831006174591e-07,4.66438606756514e-07,2.35248852911976e-07,-0.0456369966463481,-0.0199879041075024,-0.0593706834376016,"Vagina","Reproductive system",8,"#FF007F"
"993","Vagina_11",0.0644660125247009,2.79358319463497e-06,7.14759374473077e-07,4.8006207339285e-07,0.3583994102236,0.0931937714450777,0.013795986447365,"Vagina","Reproductive system",8,"#FF007F"
"994","Vagina_12",0.0648365923617378,9.55047944350067e-07,4.53379495523604e-07,2.65814572313459e-07,0.168011139154889,-0.0272844725983374,-0.0522914907124602,"Vagina","Reproductive system",8,"#FF007F"
"995","Vagina_13",-0.121904226814039,2.81094412798354e-07,3.29986276300392e-07,2.32904023556119e-07,-0.00111025375244973,-0.074034802308403,-0.0582026485526527,"Vagina","Reproductive system",8,"#FF007F"
"996","Vagina_14",0.00244093858094051,5.57090134173618e-07,4.33128839836371e-07,2.21331910336925e-07,0.160552030924172,0.00409065741938168,-0.0570198754319225,"Vagina","Reproductive system",8,"#FF007F"
"997","Vagina_15",0.172614214327135,9.95861930067491e-07,4.81394750983696e-07,2.68509259151512e-07,0.216269263672157,0.00797798957859553,-0.0578730215156367,"Vagina","Reproductive system",8,"#FF007F"
"998","Vagina_16",-0.100846221422926,2.54916009366737e-07,3.16772604176223e-07,2.45260454971147e-07,-0.0244324633966019,-0.0742868734224645,-0.0408913265717303,"Vagina","Reproductive system",8,"#FF007F"
"999","Vagina_2",-0.0775480048989484,3.3430127900486e-07,3.64425964286489e-07,2.60473284976889e-07,0.0162438404019331,-0.0499209881635459,-0.0348233665155063,"Vagina","Reproductive system",8,"#FF007F"
"1000","Vagina_3",-0.0584425311081401,3.81952476824923e-07,7.34343200507136e-07,2.33071059794883e-07,0.00709538335854423,0.0294158435691419,-0.0660236990561095,"Vagina","Reproductive system",8,"#FF007F"
"1001","Vagina_4",-0.0293057490044941,4.31690482519507e-07,6.44606607731893e-07,2.49418157987632e-07,0.0512609496150252,0.00771254507714844,-0.0560038023388676,"Vagina","Reproductive system",8,"#FF007F"
"1002","Vagina_5",0.0668048385753367,2.19788060091597e-06,9.69882832210179e-07,6.30916950225101e-07,0.448095696227263,0.233992869800991,0.0904229652759217,"Vagina","Reproductive system",8,"#FF007F"
"1003","Vagina_6",0.0417187516484283,6.51060718507186e-07,4.9221795989786e-07,2.34025431252383e-07,0.129951843511343,0.0143307381080017,-0.0755991553927809,"Vagina","Reproductive system",8,"#FF007F"
"1004","Vagina_7",-0.0459635842794255,3.8190481415486e-07,4.42300224743466e-07,2.66357912986793e-07,0.0542333651339997,-0.0325308564213597,-0.022308674407486,"Vagina","Reproductive system",8,"#FF007F"
"1005","Vagina_8",-0.282453173898701,1.52265593278989e-07,3.31158159517981e-07,3.33635454431673e-07,-0.211100673123985,-0.15046111621075,-0.0740133805465513,"Vagina","Reproductive system",8,"#FF007F"
"1006","Vagina_9",-0.0407026639787239,3.5221655791849e-07,5.53458648867614e-07,4.1671456611136e-07,-0.039769689697273,-0.011592542564621,-0.00257436562682893,"Vagina","Reproductive system",8,"#FF007F"
